{"type": "FeatureCollection", "features": [{"type": "Feature", "geometry": {"type": "Point", "coordinates": [127.748553, 37.167182]}, "properties": {"id": "GT-112", "type": "배설물", "ws": "섬강합류전", "date": "2026-03-21", "width": 24, "depth": "4", "quality": "4", "dist_water": 0.3, "dist_ground": 0.2, "disturbance": 2, "abundance": 1, "memo": ""}}, {"type": "Feature", "geometry": {"type": "Point", "coordinates": [127.746673, 37.167653]}, "properties": {"id": "GT-113", "type": "배설물", "ws": "섬강합류전", "date": "2026-03-21", "width": 27, "depth": "1", "quality": "3", "dist_water": 2.0, "dist_ground": 0.2, "disturbance": 1, "abundance": 1, "memo": ""}}, {"type": "Feature", "geometry": {"type": "Point", "coordinates": [127.746687, 37.167652]}, "properties": {"id": "GT-114", "type": "배설물", "ws": "섬강합류전", "date": "2026-03-21", "width": 27, "depth": "1", "quality": "3", "dist_water": 2.0, "dist_ground": 0.2, "disturbance": 1, "abundance": 1, "memo": ""}}, {"type": "Feature", "geometry": {"type": "Point", "coordinates": [127.74669, 37.16765]}, "properties": {"id": "GT-115", "type": "배설물", "ws": "섬강합류전", "date": "2026-03-21", "width": 27, "depth": "1", "quality": "3", "dist_water": 2.0, "dist_ground": 0.2, "disturbance": 1, "abundance": 1, "memo": ""}}, {"type": "Feature", "geometry": {"type": "Point", "coordinates": [127.746714, 37.167805]}, "properties": {"id": "GT-116", "type": "배설물", "ws": "섬강합류전", "date": "2026-03-21", "width": 27, "depth": "1", "quality": "3", "dist_water": 2.0, "dist_ground": 0.2, "disturbance": 1, "abundance": 1, "memo": ""}}, {"type": "Feature", "geometry": {"type": "Point", "coordinates": [127.746707, 37.167807]}, "properties": {"id": "GT-117", "type": "배설물", "ws": "섬강합류전", "date": "2026-03-21", "width": 27, "depth": "1", "quality": "3", "dist_water": 2.0, "dist_ground": 0.2, "disturbance": 1, "abundance": 1, "memo": ""}}, {"type": "Feature", "geometry": {"type": "Point", "coordinates": [127.746714, 37.16782]}, "properties": {"id": "GT-118", "type": "배설물", "ws": "섬강합류전", "date": "2026-03-21", "width": 27, "depth": "1", "quality": "3", "dist_water": 2.0, "dist_ground": 0.2, "disturbance": 1, "abundance": 1, "memo": ""}}, {"type": "Feature", "geometry": {"type": "Point", "coordinates": [127.737023, 37.168576]}, "properties": {"id": "GT-119", "type": "배설물", "ws": "섬강합류전", "date": "2026-03-21", "width": 27, "depth": "1", "quality": "3", "dist_water": 5.0, "dist_ground": 0.3, "disturbance": 1, "abundance": 1, "memo": ""}}, {"type": "Feature", "geometry": {"type": "Point", "coordinates": [127.737021, 37.16858]}, "properties": {"id": "GT-120", "type": "배설물", "ws": "섬강합류전", "date": "2026-03-21", "width": 27, "depth": "1", "quality": "3", "dist_water": 5.0, "dist_ground": 0.3, "disturbance": 1, "abundance": 1, "memo": ""}}, {"type": "Feature", "geometry": {"type": "Point", "coordinates": [127.737016, 37.168587]}, "properties": {"id": "GT-121", "type": "배설물", "ws": "섬강합류전", "date": "2026-03-21", "width": 27, "depth": "1", "quality": "3", "dist_water": 5.0, "dist_ground": 0.3, "disturbance": 1, "abundance": 1, "memo": ""}}, {"type": "Feature", "geometry": {"type": "Point", "coordinates": [127.737021, 37.168592]}, "properties": {"id": "GT-122", "type": "배설물", "ws": "섬강합류전", "date": "2026-03-21", "width": 27, "depth": "1", "quality": "3", "dist_water": 5.0, "dist_ground": 0.3, "disturbance": 1, "abundance": 1, "memo": ""}}, {"type": "Feature", "geometry": {"type": "Point", "coordinates": [127.737069, 37.168367]}, "properties": {"id": "GT-123", "type": "배설물", "ws": "섬강합류전", "date": "2026-03-21", "width": 27, "depth": "1", "quality": "3", "dist_water": 5.0, "dist_ground": 0.3, "disturbance": 1, "abundance": 1, "memo": ""}}, {"type": "Feature", "geometry": {"type": "Point", "coordinates": [127.737065, 37.168368]}, "properties": {"id": "GT-124", "type": "배설물", "ws": "섬강합류전", "date": "2026-03-21", "width": 27, "depth": "1", "quality": "3", "dist_water": 5.0, "dist_ground": 0.3, "disturbance": 1, "abundance": 1, "memo": ""}}, {"type": "Feature", "geometry": {"type": "Point", "coordinates": [127.737061, 37.168368]}, "properties": {"id": "GT-125", "type": "배설물", "ws": "섬강합류전", "date": "2026-03-21", "width": 27, "depth": "1", "quality": "3", "dist_water": 5.0, "dist_ground": 0.3, "disturbance": 1, "abundance": 1, "memo": ""}}, {"type": "Feature", "geometry": {"type": "Point", "coordinates": [127.737055, 37.168368]}, "properties": {"id": "GT-126", "type": "배설물", "ws": "섬강합류전", "date": "2026-03-21", "width": 27, "depth": "1", "quality": "3", "dist_water": 5.0, "dist_ground": 0.3, "disturbance": 1, "abundance": 1, "memo": ""}}, {"type": "Feature", "geometry": {"type": "Point", "coordinates": [127.737049, 37.168368]}, "properties": {"id": "GT-127", "type": "배설물", "ws": "섬강합류전", "date": "2026-03-21", "width": 27, "depth": "1", "quality": "3", "dist_water": 5.0, "dist_ground": 0.3, "disturbance": 1, "abundance": 1, "memo": ""}}, {"type": "Feature", "geometry": {"type": "Point", "coordinates": [127.737045, 37.168366]}, "properties": {"id": "GT-128", "type": "배설물", "ws": "섬강합류전", "date": "2026-03-21", "width": 27, "depth": "1", "quality": "3", "dist_water": 5.0, "dist_ground": 0.3, "disturbance": 1, "abundance": 1, "memo": ""}}, {"type": "Feature", "geometry": {"type": "Point", "coordinates": [127.73704, 37.168366]}, "properties": {"id": "GT-129", "type": "배설물", "ws": "섬강합류전", "date": "2026-03-21", "width": 27, "depth": "1", "quality": "3", "dist_water": 5.0, "dist_ground": 0.3, "disturbance": 1, "abundance": 1, "memo": ""}}, {"type": "Feature", "geometry": {"type": "Point", "coordinates": [127.737036, 37.168366]}, "properties": {"id": "GT-130", "type": "배설물", "ws": "섬강합류전", "date": "2026-03-21", "width": 27, "depth": "1", "quality": "3", "dist_water": 5.0, "dist_ground": 0.3, "disturbance": 1, "abundance": 1, "memo": ""}}, {"type": "Feature", "geometry": {"type": "Point", "coordinates": [127.733803, 37.168009]}, "properties": {"id": "GT-131", "type": "배설물", "ws": "섬강합류전", "date": "2026-03-21", "width": 25, "depth": "1", "quality": "3", "dist_water": 1.0, "dist_ground": 0.3, "disturbance": 3, "abundance": 1, "memo": "공사"}}, {"type": "Feature", "geometry": {"type": "Point", "coordinates": [127.733488, 37.167994]}, "properties": {"id": "GT-132", "type": "배설물", "ws": "섬강합류전", "date": "2026-03-21", "width": 25, "depth": "1", "quality": "3", "dist_water": 1.0, "dist_ground": 0.3, "disturbance": 3, "abundance": 1, "memo": "공사"}}, {"type": "Feature", "geometry": {"type": "Point", "coordinates": [127.73036, 37.169704]}, "properties": {"id": "GT-133", "type": "배설물", "ws": "섬강합류전", "date": "2026-03-21", "width": 9, "depth": "1", "quality": "4", "dist_water": 3.0, "dist_ground": 0.2, "disturbance": 4, "abundance": 1, "memo": ""}}, {"type": "Feature", "geometry": {"type": "Point", "coordinates": [127.730367, 37.169701]}, "properties": {"id": "GT-134", "type": "배설물", "ws": "섬강합류전", "date": "2026-03-21", "width": 9, "depth": "1", "quality": "4", "dist_water": 3.0, "dist_ground": 0.2, "disturbance": 4, "abundance": 1, "memo": ""}}, {"type": "Feature", "geometry": {"type": "Point", "coordinates": [127.730377, 37.169708]}, "properties": {"id": "GT-135", "type": "배설물", "ws": "섬강합류전", "date": "2026-03-21", "width": 9, "depth": "1", "quality": "4", "dist_water": 3.0, "dist_ground": 0.2, "disturbance": 4, "abundance": 1, "memo": ""}}, {"type": "Feature", "geometry": {"type": "Point", "coordinates": [127.730372, 37.169713]}, "properties": {"id": "GT-136", "type": "배설물", "ws": "섬강합류전", "date": "2026-03-21", "width": 9, "depth": "1", "quality": "4", "dist_water": 3.0, "dist_ground": 0.2, "disturbance": 4, "abundance": 1, "memo": ""}}, {"type": "Feature", "geometry": {"type": "Point", "coordinates": [127.731196, 37.167616]}, "properties": {"id": "GT-138", "type": "배설물", "ws": "섬강합류전", "date": "2026-03-21", "width": 8, "depth": "1", "quality": "4", "dist_water": 1.0, "dist_ground": 0.2, "disturbance": 2, "abundance": 1, "memo": ""}}, {"type": "Feature", "geometry": {"type": "Point", "coordinates": [127.731195, 37.167682]}, "properties": {"id": "GT-139", "type": "배설물", "ws": "섬강합류전", "date": "2026-03-21", "width": 8, "depth": "1", "quality": "4", "dist_water": 1.0, "dist_ground": 0.2, "disturbance": 2, "abundance": 1, "memo": ""}}, {"type": "Feature", "geometry": {"type": "Point", "coordinates": [127.730132, 37.16735]}, "properties": {"id": "GT-140", "type": "배설물", "ws": "섬강합류전", "date": "2026-03-21", "width": 7, "depth": "1", "quality": "3", "dist_water": 0.3, "dist_ground": 0.2, "disturbance": 2, "abundance": 1, "memo": ""}}, {"type": "Feature", "geometry": {"type": "Point", "coordinates": [127.730137, 37.167351]}, "properties": {"id": "GT-141", "type": "배설물", "ws": "섬강합류전", "date": "2026-03-21", "width": 7, "depth": "1", "quality": "3", "dist_water": 0.3, "dist_ground": 0.2, "disturbance": 2, "abundance": 1, "memo": ""}}, {"type": "Feature", "geometry": {"type": "Point", "coordinates": [127.729092, 37.167332]}, "properties": {"id": "GT-142", "type": "배설물", "ws": "섬강합류전", "date": "2026-03-21", "width": 8, "depth": "1", "quality": "3", "dist_water": 0.2, "dist_ground": 0.3, "disturbance": 2, "abundance": 1, "memo": ""}}, {"type": "Feature", "geometry": {"type": "Point", "coordinates": [127.727891, 37.166893]}, "properties": {"id": "GT-143", "type": "배설물", "ws": "섬강합류전", "date": "2026-03-21", "width": 9, "depth": "1", "quality": "3", "dist_water": 0.3, "dist_ground": 0.2, "disturbance": 1, "abundance": 1, "memo": ""}}, {"type": "Feature", "geometry": {"type": "Point", "coordinates": [127.740934, 37.148724]}, "properties": {"id": "DH-08", "type": "배설물", "ws": "섬강합류전", "date": "2026-03-21", "width": 16, "depth": "1", "quality": "3", "dist_water": 0.1, "dist_ground": 0.1, "disturbance": 2, "abundance": 2, "memo": "나무"}}, {"type": "Feature", "geometry": {"type": "Point", "coordinates": [127.74427, 37.150713]}, "properties": {"id": "DH-09", "type": "배설물", "ws": "섬강합류전", "date": "2026-03-21", "width": 8, "depth": "1", "quality": "3", "dist_water": 0.4, "dist_ground": 0.9, "disturbance": 2, "abundance": 1, "memo": ""}}, {"type": "Feature", "geometry": {"type": "Point", "coordinates": [127.743975, 37.15142]}, "properties": {"id": "DH-10", "type": "배설물", "ws": "섬강합류전", "date": "2026-03-21", "width": 8, "depth": "1", "quality": "3", "dist_water": 0.5, "dist_ground": 0.2, "disturbance": 3, "abundance": 1, "memo": ""}}, {"type": "Feature", "geometry": {"type": "Point", "coordinates": [127.743926, 37.151409]}, "properties": {"id": "DH-11", "type": "배설물", "ws": "섬강합류전", "date": "2026-03-21", "width": 8, "depth": "1", "quality": "3", "dist_water": 0.5, "dist_ground": 0.2, "disturbance": 3, "abundance": 1, "memo": ""}}, {"type": "Feature", "geometry": {"type": "Point", "coordinates": [127.743864, 37.152045]}, "properties": {"id": "DH-12", "type": "배설물", "ws": "섬강합류전", "date": "2026-03-21", "width": 7, "depth": "1", "quality": "3", "dist_water": 0.4, "dist_ground": 0.4, "disturbance": 4, "abundance": 3, "memo": ""}}, {"type": "Feature", "geometry": {"type": "Point", "coordinates": [127.743874, 37.152045]}, "properties": {"id": "DH-13", "type": "배설물", "ws": "섬강합류전", "date": "2026-03-21", "width": 7, "depth": "1", "quality": "3", "dist_water": 0.4, "dist_ground": 0.4, "disturbance": 4, "abundance": 3, "memo": ""}}, {"type": "Feature", "geometry": {"type": "Point", "coordinates": [127.743881, 37.152043]}, "properties": {"id": "DH-14", "type": "배설물", "ws": "섬강합류전", "date": "2026-03-21", "width": 7, "depth": "1", "quality": "3", "dist_water": 0.4, "dist_ground": 0.4, "disturbance": 4, "abundance": 3, "memo": ""}}, {"type": "Feature", "geometry": {"type": "Point", "coordinates": [127.743883, 37.152034]}, "properties": {"id": "DH-15", "type": "배설물", "ws": "섬강합류전", "date": "2026-03-21", "width": 7, "depth": "1", "quality": "3", "dist_water": 0.4, "dist_ground": 0.4, "disturbance": 4, "abundance": 3, "memo": ""}}, {"type": "Feature", "geometry": {"type": "Point", "coordinates": [127.743871, 37.152011]}, "properties": {"id": "DH-16", "type": "배설물", "ws": "섬강합류전", "date": "2026-03-21", "width": 7, "depth": "1", "quality": "3", "dist_water": 0.4, "dist_ground": 0.4, "disturbance": 4, "abundance": 3, "memo": ""}}, {"type": "Feature", "geometry": {"type": "Point", "coordinates": [127.747476, 37.158833]}, "properties": {"id": "DH-18", "type": "배설물", "ws": "섬강합류전", "date": "2026-03-21", "width": 22, "depth": "1", "quality": "3", "dist_water": 5.0, "dist_ground": 0.3, "disturbance": 3, "abundance": 1, "memo": ""}}, {"type": "Feature", "geometry": {"type": "Point", "coordinates": [127.747474, 37.158808]}, "properties": {"id": "DH-19", "type": "배설물", "ws": "섬강합류전", "date": "2026-03-21", "width": 22, "depth": "1", "quality": "3", "dist_water": 5.0, "dist_ground": 0.3, "disturbance": 3, "abundance": 1, "memo": ""}}, {"type": "Feature", "geometry": {"type": "Point", "coordinates": [127.749241, 37.161665]}, "properties": {"id": "DH-20", "type": "배설물", "ws": "섬강합류전", "date": "2026-03-21", "width": 20, "depth": "1", "quality": "3", "dist_water": 0.3, "dist_ground": 0.3, "disturbance": 3, "abundance": 1, "memo": ""}}, {"type": "Feature", "geometry": {"type": "Point", "coordinates": [127.749246, 37.161649]}, "properties": {"id": "DH-21", "type": "배설물", "ws": "섬강합류전", "date": "2026-03-21", "width": 20, "depth": "1", "quality": "3", "dist_water": 0.3, "dist_ground": 0.3, "disturbance": 3, "abundance": 1, "memo": ""}}, {"type": "Feature", "geometry": {"type": "Point", "coordinates": [127.749357, 37.161679]}, "properties": {"id": "DH-22", "type": "배설물", "ws": "섬강합류전", "date": "2026-03-21", "width": 20, "depth": "1", "quality": "3", "dist_water": 0.3, "dist_ground": 0.3, "disturbance": 3, "abundance": 1, "memo": ""}}, {"type": "Feature", "geometry": {"type": "Point", "coordinates": [127.74937, 37.161675]}, "properties": {"id": "DH-23", "type": "배설물", "ws": "섬강합류전", "date": "2026-03-21", "width": 20, "depth": "1", "quality": "3", "dist_water": 0.3, "dist_ground": 0.3, "disturbance": 3, "abundance": 1, "memo": ""}}, {"type": "Feature", "geometry": {"type": "Point", "coordinates": [127.709644, 37.150135]}, "properties": {"id": "DH-24", "type": "배설물", "ws": "섬강합류전", "date": "2026-03-21", "width": 5, "depth": "1", "quality": "3", "dist_water": 0.3, "dist_ground": 0.3, "disturbance": 4, "abundance": 1, "memo": ""}}, {"type": "Feature", "geometry": {"type": "Point", "coordinates": [127.711382, 37.150119]}, "properties": {"id": "DH-26", "type": "배설물", "ws": "섬강합류전", "date": "2026-03-21", "width": 7, "depth": "1", "quality": "3", "dist_water": 0.4, "dist_ground": 0.4, "disturbance": 3, "abundance": 1, "memo": ""}}, {"type": "Feature", "geometry": {"type": "Point", "coordinates": [127.711825, 37.150019]}, "properties": {"id": "DH-27", "type": "배설물", "ws": "섬강합류전", "date": "2026-03-21", "width": 5, "depth": "1", "quality": "3", "dist_water": 0.3, "dist_ground": 0.3, "disturbance": 3, "abundance": 2, "memo": ""}}, {"type": "Feature", "geometry": {"type": "Point", "coordinates": [127.712136, 37.150156]}, "properties": {"id": "DH-28", "type": "배설물", "ws": "섬강합류전", "date": "2026-03-21", "width": 4, "depth": "1", "quality": "3", "dist_water": 0.5, "dist_ground": 0.2, "disturbance": 3, "abundance": 3, "memo": ""}}, {"type": "Feature", "geometry": {"type": "Point", "coordinates": [127.712144, 37.150163]}, "properties": {"id": "DH-29", "type": "배설물", "ws": "섬강합류전", "date": "2026-03-21", "width": 4, "depth": "1", "quality": "3", "dist_water": 0.5, "dist_ground": 0.2, "disturbance": 3, "abundance": 3, "memo": ""}}, {"type": "Feature", "geometry": {"type": "Point", "coordinates": [127.713687, 37.150626]}, "properties": {"id": "DH-31", "type": "배설물", "ws": "섬강합류전", "date": "2026-03-21", "width": 12, "depth": "1", "quality": "3", "dist_water": 0.3, "dist_ground": 0.3, "disturbance": 3, "abundance": 1, "memo": ""}}, {"type": "Feature", "geometry": {"type": "Point", "coordinates": [127.713683, 37.150627]}, "properties": {"id": "DH-32", "type": "배설물", "ws": "섬강합류전", "date": "2026-03-21", "width": 12, "depth": "1", "quality": "3", "dist_water": 0.3, "dist_ground": 0.3, "disturbance": 3, "abundance": 1, "memo": ""}}, {"type": "Feature", "geometry": {"type": "Point", "coordinates": [127.713679, 37.150632]}, "properties": {"id": "DH-33", "type": "배설물", "ws": "섬강합류전", "date": "2026-03-21", "width": 12, "depth": "1", "quality": "3", "dist_water": 0.3, "dist_ground": 0.3, "disturbance": 3, "abundance": 1, "memo": ""}}, {"type": "Feature", "geometry": {"type": "Point", "coordinates": [127.713674, 37.150634]}, "properties": {"id": "DH-34", "type": "배설물", "ws": "섬강합류전", "date": "2026-03-21", "width": 12, "depth": "1", "quality": "3", "dist_water": 0.3, "dist_ground": 0.3, "disturbance": 3, "abundance": 1, "memo": ""}}, {"type": "Feature", "geometry": {"type": "Point", "coordinates": [127.713726, 37.150675]}, "properties": {"id": "DH-35", "type": "배설물", "ws": "섬강합류전", "date": "2026-03-21", "width": 12, "depth": "1", "quality": "3", "dist_water": 0.3, "dist_ground": 0.3, "disturbance": 3, "abundance": 1, "memo": ""}}, {"type": "Feature", "geometry": {"type": "Point", "coordinates": [127.714403, 37.150074]}, "properties": {"id": "DH-36", "type": "배설물", "ws": "섬강합류전", "date": "2026-03-21", "width": 7, "depth": "1", "quality": "3", "dist_water": 0.3, "dist_ground": 0.1, "disturbance": 2, "abundance": 3, "memo": ""}}, {"type": "Feature", "geometry": {"type": "Point", "coordinates": [127.7144, 37.150075]}, "properties": {"id": "DH-37", "type": "배설물", "ws": "섬강합류전", "date": "2026-03-21", "width": 7, "depth": "1", "quality": "3", "dist_water": 0.3, "dist_ground": 0.1, "disturbance": 2, "abundance": 3, "memo": ""}}, {"type": "Feature", "geometry": {"type": "Point", "coordinates": [127.714399, 37.150077]}, "properties": {"id": "DH-38", "type": "배설물", "ws": "섬강합류전", "date": "2026-03-21", "width": 7, "depth": "1", "quality": "3", "dist_water": 0.3, "dist_ground": 0.1, "disturbance": 2, "abundance": 3, "memo": ""}}, {"type": "Feature", "geometry": {"type": "Point", "coordinates": [127.718608, 37.150508]}, "properties": {"id": "DH-40", "type": "배설물", "ws": "섬강합류전", "date": "2026-03-21", "width": 8, "depth": "1", "quality": "3", "dist_water": 0.8, "dist_ground": 0.2, "disturbance": 2, "abundance": 1, "memo": ""}}, {"type": "Feature", "geometry": {"type": "Point", "coordinates": [127.718606, 37.150509]}, "properties": {"id": "DH-41", "type": "배설물", "ws": "섬강합류전", "date": "2026-03-21", "width": 8, "depth": "1", "quality": "3", "dist_water": 0.8, "dist_ground": 0.2, "disturbance": 2, "abundance": 1, "memo": ""}}, {"type": "Feature", "geometry": {"type": "Point", "coordinates": [127.718603, 37.150508]}, "properties": {"id": "DH-42", "type": "배설물", "ws": "섬강합류전", "date": "2026-03-21", "width": 8, "depth": "1", "quality": "3", "dist_water": 0.8, "dist_ground": 0.2, "disturbance": 2, "abundance": 1, "memo": ""}}, {"type": "Feature", "geometry": {"type": "Point", "coordinates": [127.718602, 37.150506]}, "properties": {"id": "DH-43", "type": "배설물", "ws": "섬강합류전", "date": "2026-03-21", "width": 8, "depth": "1", "quality": "3", "dist_water": 0.8, "dist_ground": 0.2, "disturbance": 2, "abundance": 1, "memo": ""}}, {"type": "Feature", "geometry": {"type": "Point", "coordinates": [127.718599, 37.150506]}, "properties": {"id": "DH-44", "type": "배설물", "ws": "섬강합류전", "date": "2026-03-21", "width": 8, "depth": "1", "quality": "3", "dist_water": 0.8, "dist_ground": 0.2, "disturbance": 2, "abundance": 1, "memo": ""}}, {"type": "Feature", "geometry": {"type": "Point", "coordinates": [127.718595, 37.150507]}, "properties": {"id": "DH-45", "type": "배설물", "ws": "섬강합류전", "date": "2026-03-21", "width": 8, "depth": "1", "quality": "3", "dist_water": 0.8, "dist_ground": 0.2, "disturbance": 2, "abundance": 1, "memo": ""}}, {"type": "Feature", "geometry": {"type": "Point", "coordinates": [127.716042, 37.145667]}, "properties": {"id": "DH-46", "type": "배설물", "ws": "섬강합류전", "date": "2026-03-21", "width": 6, "depth": "1", "quality": "1", "dist_water": 0.5, "dist_ground": 0.4, "disturbance": 2, "abundance": 2, "memo": ""}}, {"type": "Feature", "geometry": {"type": "Point", "coordinates": [127.716049, 37.145675]}, "properties": {"id": "DH-47", "type": "배설물", "ws": "섬강합류전", "date": "2026-03-21", "width": 6, "depth": "1", "quality": "1", "dist_water": 0.5, "dist_ground": 0.4, "disturbance": 2, "abundance": 2, "memo": ""}}, {"type": "Feature", "geometry": {"type": "Point", "coordinates": [127.716855, 37.146398]}, "properties": {"id": "DH-48", "type": "배설물", "ws": "섬강합류전", "date": "2026-03-21", "width": 9, "depth": "1", "quality": "3", "dist_water": 0.1, "dist_ground": 0.1, "disturbance": 4, "abundance": 1, "memo": ""}}, {"type": "Feature", "geometry": {"type": "Point", "coordinates": [127.717264, 37.146912]}, "properties": {"id": "DH-49", "type": "배설물", "ws": "섬강합류전", "date": "2026-03-21", "width": 8, "depth": "2", "quality": "1", "dist_water": 0.4, "dist_ground": 0.5, "disturbance": 3, "abundance": 3, "memo": ""}}, {"type": "Feature", "geometry": {"type": "Point", "coordinates": [127.717274, 37.146921]}, "properties": {"id": "DH-50", "type": "배설물", "ws": "섬강합류전", "date": "2026-03-21", "width": 8, "depth": "2", "quality": "1", "dist_water": 0.4, "dist_ground": 0.5, "disturbance": 3, "abundance": 3, "memo": ""}}, {"type": "Feature", "geometry": {"type": "Point", "coordinates": [127.717263, 37.146932]}, "properties": {"id": "DH-51", "type": "배설물", "ws": "섬강합류전", "date": "2026-03-21", "width": 8, "depth": "2", "quality": "1", "dist_water": 0.4, "dist_ground": 0.5, "disturbance": 3, "abundance": 3, "memo": ""}}, {"type": "Feature", "geometry": {"type": "Point", "coordinates": [127.717253, 37.146927]}, "properties": {"id": "DH-52", "type": "배설물", "ws": "섬강합류전", "date": "2026-03-21", "width": 8, "depth": "2", "quality": "1", "dist_water": 0.4, "dist_ground": 0.5, "disturbance": 3, "abundance": 3, "memo": ""}}, {"type": "Feature", "geometry": {"type": "Point", "coordinates": [127.727919, 37.155927]}, "properties": {"id": "DH-53", "type": "배설물", "ws": "섬강합류전", "date": "2026-03-21", "width": 38, "depth": "2", "quality": "1", "dist_water": 0.3, "dist_ground": 0.5, "disturbance": 3, "abundance": 1, "memo": ""}}, {"type": "Feature", "geometry": {"type": "Point", "coordinates": [127.727937, 37.155931]}, "properties": {"id": "DH-54", "type": "배설물", "ws": "섬강합류전", "date": "2026-03-21", "width": 38, "depth": "2", "quality": "1", "dist_water": 0.3, "dist_ground": 0.5, "disturbance": 3, "abundance": 1, "memo": ""}}, {"type": "Feature", "geometry": {"type": "Point", "coordinates": [127.72795, 37.155937]}, "properties": {"id": "DH-55", "type": "배설물", "ws": "섬강합류전", "date": "2026-03-21", "width": 38, "depth": "2", "quality": "1", "dist_water": 0.3, "dist_ground": 0.5, "disturbance": 3, "abundance": 1, "memo": ""}}, {"type": "Feature", "geometry": {"type": "Point", "coordinates": [127.727922, 37.155958]}, "properties": {"id": "DH-56", "type": "배설물", "ws": "섬강합류전", "date": "2026-03-21", "width": 38, "depth": "2", "quality": "1", "dist_water": 0.3, "dist_ground": 0.5, "disturbance": 3, "abundance": 1, "memo": ""}}, {"type": "Feature", "geometry": {"type": "Point", "coordinates": [127.727787, 37.144199]}, "properties": {"id": "DH-58", "type": "배설물", "ws": "섬강합류전", "date": "2026-03-21", "width": 7, "depth": "1", "quality": "1", "dist_water": 0.5, "dist_ground": 0.4, "disturbance": 3, "abundance": 3, "memo": ""}}, {"type": "Feature", "geometry": {"type": "Point", "coordinates": [127.727788, 37.144191]}, "properties": {"id": "DH-59", "type": "배설물", "ws": "섬강합류전", "date": "2026-03-21", "width": 7, "depth": "1", "quality": "1", "dist_water": 0.5, "dist_ground": 0.4, "disturbance": 3, "abundance": 3, "memo": ""}}, {"type": "Feature", "geometry": {"type": "Point", "coordinates": [127.727723, 37.144191]}, "properties": {"id": "DH-60", "type": "배설물", "ws": "섬강합류전", "date": "2026-03-21", "width": 7, "depth": "1", "quality": "1", "dist_water": 0.5, "dist_ground": 0.4, "disturbance": 3, "abundance": 3, "memo": ""}}, {"type": "Feature", "geometry": {"type": "Point", "coordinates": [127.727722, 37.144182]}, "properties": {"id": "DH-61", "type": "배설물", "ws": "섬강합류전", "date": "2026-03-21", "width": 7, "depth": "1", "quality": "1", "dist_water": 0.5, "dist_ground": 0.4, "disturbance": 3, "abundance": 3, "memo": ""}}, {"type": "Feature", "geometry": {"type": "Point", "coordinates": [127.728897, 37.144913]}, "properties": {"id": "DH-62", "type": "배설물", "ws": "섬강합류전", "date": "2026-03-21", "width": 6, "depth": "1", "quality": "1", "dist_water": 0.3, "dist_ground": 0.3, "disturbance": 2, "abundance": 2, "memo": ""}}, {"type": "Feature", "geometry": {"type": "Point", "coordinates": [127.728912, 37.144926]}, "properties": {"id": "DH-63", "type": "배설물", "ws": "섬강합류전", "date": "2026-03-21", "width": 6, "depth": "1", "quality": "1", "dist_water": 0.3, "dist_ground": 0.3, "disturbance": 2, "abundance": 2, "memo": ""}}, {"type": "Feature", "geometry": {"type": "Point", "coordinates": [127.728933, 37.144934]}, "properties": {"id": "DH-64", "type": "배설물", "ws": "섬강합류전", "date": "2026-03-21", "width": 6, "depth": "1", "quality": "1", "dist_water": 0.3, "dist_ground": 0.3, "disturbance": 2, "abundance": 2, "memo": ""}}, {"type": "Feature", "geometry": {"type": "Point", "coordinates": [127.729958, 37.145707]}, "properties": {"id": "DH-65", "type": "배설물", "ws": "섬강합류전", "date": "2026-03-21", "width": 7, "depth": "1", "quality": "1", "dist_water": 0.3, "dist_ground": 0.3, "disturbance": 3, "abundance": 2, "memo": ""}}, {"type": "Feature", "geometry": {"type": "Point", "coordinates": [127.729959, 37.145718]}, "properties": {"id": "DH-66", "type": "배설물", "ws": "섬강합류전", "date": "2026-03-21", "width": 7, "depth": "1", "quality": "1", "dist_water": 0.3, "dist_ground": 0.3, "disturbance": 3, "abundance": 2, "memo": ""}}, {"type": "Feature", "geometry": {"type": "Point", "coordinates": [127.729964, 37.145728]}, "properties": {"id": "DH-67", "type": "배설물", "ws": "섬강합류전", "date": "2026-03-21", "width": 7, "depth": "1", "quality": "1", "dist_water": 0.3, "dist_ground": 0.3, "disturbance": 3, "abundance": 2, "memo": ""}}, {"type": "Feature", "geometry": {"type": "Point", "coordinates": [127.730014, 37.145683]}, "properties": {"id": "DH-68", "type": "배설물", "ws": "섬강합류전", "date": "2026-03-21", "width": 7, "depth": "1", "quality": "1", "dist_water": 0.3, "dist_ground": 0.3, "disturbance": 3, "abundance": 2, "memo": ""}}, {"type": "Feature", "geometry": {"type": "Point", "coordinates": [127.730021, 37.145694]}, "properties": {"id": "DH-69", "type": "배설물", "ws": "섬강합류전", "date": "2026-03-21", "width": 7, "depth": "1", "quality": "1", "dist_water": 0.3, "dist_ground": 0.3, "disturbance": 3, "abundance": 2, "memo": ""}}, {"type": "Feature", "geometry": {"type": "Point", "coordinates": [127.732094, 37.150175]}, "properties": {"id": "DH-71", "type": "배설물", "ws": "섬강합류전", "date": "2026-03-21", "width": 8, "depth": "1", "quality": "1", "dist_water": 0.3, "dist_ground": 0.3, "disturbance": 3, "abundance": 2, "memo": ""}}, {"type": "Feature", "geometry": {"type": "Point", "coordinates": [127.732123, 37.150575]}, "properties": {"id": "DH-72", "type": "배설물", "ws": "섬강합류전", "date": "2026-03-21", "width": 7, "depth": "1", "quality": "1", "dist_water": 0.4, "dist_ground": 0.3, "disturbance": 3, "abundance": 3, "memo": ""}}, {"type": "Feature", "geometry": {"type": "Point", "coordinates": [127.73213, 37.150577]}, "properties": {"id": "DH-73", "type": "배설물", "ws": "섬강합류전", "date": "2026-03-21", "width": 7, "depth": "1", "quality": "1", "dist_water": 0.4, "dist_ground": 0.3, "disturbance": 3, "abundance": 3, "memo": ""}}, {"type": "Feature", "geometry": {"type": "Point", "coordinates": [127.732175, 37.150865]}, "properties": {"id": "DH-74", "type": "배설물", "ws": "섬강합류전", "date": "2026-03-21", "width": 11, "depth": "1", "quality": "1", "dist_water": 0.3, "dist_ground": 0.3, "disturbance": 3, "abundance": 2, "memo": ""}}, {"type": "Feature", "geometry": {"type": "Point", "coordinates": [127.732179, 37.150875]}, "properties": {"id": "DH-75", "type": "배설물", "ws": "섬강합류전", "date": "2026-03-21", "width": 11, "depth": "1", "quality": "1", "dist_water": 0.3, "dist_ground": 0.3, "disturbance": 3, "abundance": 2, "memo": ""}}, {"type": "Feature", "geometry": {"type": "Point", "coordinates": [127.732171, 37.150882]}, "properties": {"id": "DH-76", "type": "배설물", "ws": "섬강합류전", "date": "2026-03-21", "width": 11, "depth": "1", "quality": "1", "dist_water": 0.3, "dist_ground": 0.3, "disturbance": 3, "abundance": 2, "memo": ""}}, {"type": "Feature", "geometry": {"type": "Point", "coordinates": [127.732398, 37.151477]}, "properties": {"id": "DH-77", "type": "배설물", "ws": "섬강합류전", "date": "2026-03-21", "width": 6, "depth": "1", "quality": "1", "dist_water": 0.3, "dist_ground": 0.4, "disturbance": 2, "abundance": 2, "memo": ""}}, {"type": "Feature", "geometry": {"type": "Point", "coordinates": [127.732407, 37.151478]}, "properties": {"id": "DH-78", "type": "배설물", "ws": "섬강합류전", "date": "2026-03-21", "width": 6, "depth": "1", "quality": "1", "dist_water": 0.3, "dist_ground": 0.4, "disturbance": 2, "abundance": 2, "memo": ""}}, {"type": "Feature", "geometry": {"type": "Point", "coordinates": [127.732406, 37.151485]}, "properties": {"id": "DH-79", "type": "배설물", "ws": "섬강합류전", "date": "2026-03-21", "width": 6, "depth": "1", "quality": "1", "dist_water": 0.3, "dist_ground": 0.4, "disturbance": 2, "abundance": 2, "memo": ""}}, {"type": "Feature", "geometry": {"type": "Point", "coordinates": [127.7324, 37.151484]}, "properties": {"id": "DH-80", "type": "배설물", "ws": "섬강합류전", "date": "2026-03-21", "width": 6, "depth": "1", "quality": "1", "dist_water": 0.3, "dist_ground": 0.4, "disturbance": 2, "abundance": 2, "memo": ""}}, {"type": "Feature", "geometry": {"type": "Point", "coordinates": [127.740073, 37.157527]}, "properties": {"id": "DH-81", "type": "배설물", "ws": "섬강합류전", "date": "2026-03-21", "width": 18, "depth": "1", "quality": "1", "dist_water": 0.3, "dist_ground": 0.3, "disturbance": 2, "abundance": 2, "memo": ""}}, {"type": "Feature", "geometry": {"type": "Point", "coordinates": [127.74309, 37.159091]}, "properties": {"id": "DH-82", "type": "배설물", "ws": "섬강합류전", "date": "2026-03-21", "width": 21, "depth": "1", "quality": "1", "dist_water": 0.3, "dist_ground": 0.3, "disturbance": 2, "abundance": 1, "memo": ""}}, {"type": "Feature", "geometry": {"type": "Point", "coordinates": [127.745774, 37.160792]}, "properties": {"id": "DH-83", "type": "배설물", "ws": "섬강합류전", "date": "2026-03-21", "width": 20, "depth": "2", "quality": "1", "dist_water": 0.3, "dist_ground": 0.3, "disturbance": 3, "abundance": 2, "memo": ""}}, {"type": "Feature", "geometry": {"type": "Point", "coordinates": [127.745784, 37.160803]}, "properties": {"id": "DH-84", "type": "배설물", "ws": "섬강합류전", "date": "2026-03-21", "width": 20, "depth": "2", "quality": "1", "dist_water": 0.3, "dist_ground": 0.3, "disturbance": 3, "abundance": 2, "memo": ""}}, {"type": "Feature", "geometry": {"type": "Point", "coordinates": [127.745789, 37.160811]}, "properties": {"id": "DH-85", "type": "배설물", "ws": "섬강합류전", "date": "2026-03-21", "width": 20, "depth": "2", "quality": "1", "dist_water": 0.3, "dist_ground": 0.3, "disturbance": 3, "abundance": 2, "memo": ""}}, {"type": "Feature", "geometry": {"type": "Point", "coordinates": [127.746193, 37.161277]}, "properties": {"id": "DH-86", "type": "배설물", "ws": "섬강합류전", "date": "2026-03-21", "width": 24, "depth": "1", "quality": "1", "dist_water": 0.3, "dist_ground": 0.4, "disturbance": 3, "abundance": 1, "memo": ""}}, {"type": "Feature", "geometry": {"type": "Point", "coordinates": [127.746151, 37.161346]}, "properties": {"id": "DH-87", "type": "배설물", "ws": "섬강합류전", "date": "2026-03-21", "width": 24, "depth": "1", "quality": "1", "dist_water": 0.3, "dist_ground": 0.4, "disturbance": 3, "abundance": 1, "memo": ""}}, {"type": "Feature", "geometry": {"type": "Point", "coordinates": [127.966773, 37.021621]}, "properties": {"id": "GH-02", "type": "배설물", "ws": "충주댐하류", "date": "2026-05-01", "width": 326, "depth": "5", "quality": "4", "dist_water": 0.5, "dist_ground": 0.3, "disturbance": 1, "abundance": 2, "memo": ""}}, {"type": "Feature", "geometry": {"type": "Point", "coordinates": [127.907977, 37.003594]}, "properties": {"id": "GH-09", "type": "배설물", "ws": "충주댐하류", "date": "2026-05-01", "width": 542, "depth": "5", "quality": "3", "dist_water": 0.1, "dist_ground": 0.5, "disturbance": 1, "abundance": 2, "memo": ""}}, {"type": "Feature", "geometry": {"type": "Point", "coordinates": [127.955702, 37.01984]}, "properties": {"id": "GH-08", "type": "배설물", "ws": "충주댐하류", "date": "2026-04-24", "width": 13, "depth": "1", "quality": "3", "dist_water": 0.5, "dist_ground": 0.2, "disturbance": 1, "abundance": 1, "memo": ""}}, {"type": "Feature", "geometry": {"type": "Point", "coordinates": [127.955112, 37.020241]}, "properties": {"id": "GH-02", "type": "배설물", "ws": "충주댐하류", "date": "2026-04-24", "width": 10, "depth": "1", "quality": "3", "dist_water": 0.5, "dist_ground": 0.1, "disturbance": 1, "abundance": 1, "memo": ""}}, {"type": "Feature", "geometry": {"type": "Point", "coordinates": [127.972415, 37.029813]}, "properties": {"id": "GH-17", "type": "배설물", "ws": "충주댐하류", "date": "2026-04-24", "width": 28, "depth": "1", "quality": "3", "dist_water": 0.3, "dist_ground": 0.2, "disturbance": 1, "abundance": 2, "memo": ""}}, {"type": "Feature", "geometry": {"type": "Point", "coordinates": [127.974759, 37.030209]}, "properties": {"id": "GH-23", "type": "배설물", "ws": "충주댐하류", "date": "2026-04-24", "width": 17, "depth": "1", "quality": "3", "dist_water": 0.5, "dist_ground": 0.2, "disturbance": 1, "abundance": 2, "memo": ""}}, {"type": "Feature", "geometry": {"type": "Point", "coordinates": [127.977898, 37.031001]}, "properties": {"id": "GH-25", "type": "배설물", "ws": "충주댐하류", "date": "2026-04-24", "width": 40, "depth": "1", "quality": "3", "dist_water": 0.5, "dist_ground": 0.2, "disturbance": 1, "abundance": 2, "memo": ""}}, {"type": "Feature", "geometry": {"type": "Point", "coordinates": [127.986179, 37.032015]}, "properties": {"id": "GH-30", "type": "배설물", "ws": "충주댐하류", "date": "2026-04-24", "width": 8, "depth": "1", "quality": "3", "dist_water": 0.2, "dist_ground": 0.2, "disturbance": 1, "abundance": 2, "memo": ""}}, {"type": "Feature", "geometry": {"type": "Point", "coordinates": [127.986595, 37.03144]}, "properties": {"id": "GH-32", "type": "배설물", "ws": "충주댐하류", "date": "2026-04-24", "width": 16, "depth": "1", "quality": "3", "dist_water": 0.5, "dist_ground": 0.1, "disturbance": 1, "abundance": 1, "memo": ""}}, {"type": "Feature", "geometry": {"type": "Point", "coordinates": [127.991658, 37.031229]}, "properties": {"id": "GH-38", "type": "배설물", "ws": "충주댐하류", "date": "2026-04-24", "width": 8, "depth": "6", "quality": "6", "dist_water": 0.0, "dist_ground": 0.1, "disturbance": 1, "abundance": 1, "memo": "건천"}}, {"type": "Feature", "geometry": {"type": "Point", "coordinates": [127.993743, 37.031428]}, "properties": {"id": "GH-41", "type": "배설물", "ws": "충주댐하류", "date": "2026-04-24", "width": 4, "depth": "1", "quality": "3", "dist_water": 0.1, "dist_ground": 0.2, "disturbance": 1, "abundance": 1, "memo": ""}}, {"type": "Feature", "geometry": {"type": "Point", "coordinates": [127.997409, 37.034501]}, "properties": {"id": "GH-43", "type": "배설물", "ws": "충주댐하류", "date": "2026-04-24", "width": 3, "depth": "1", "quality": "3", "dist_water": 0.1, "dist_ground": 0.2, "disturbance": 1, "abundance": 2, "memo": ""}}, {"type": "Feature", "geometry": {"type": "Point", "coordinates": [127.994693, 37.031526]}, "properties": {"id": "GH-47", "type": "배설물", "ws": "충주댐하류", "date": "2026-04-24", "width": 7, "depth": "1", "quality": "3", "dist_water": 0.1, "dist_ground": 0.3, "disturbance": 1, "abundance": 2, "memo": ""}}, {"type": "Feature", "geometry": {"type": "Point", "coordinates": [127.973297, 37.0368]}, "properties": {"id": "GH-51", "type": "배설물", "ws": "충주댐하류", "date": "2026-04-24", "width": 14, "depth": "1", "quality": "3", "dist_water": 0.3, "dist_ground": 0.2, "disturbance": 1, "abundance": 2, "memo": ""}}, {"type": "Feature", "geometry": {"type": "Point", "coordinates": [127.971586, 37.039565]}, "properties": {"id": "GH-61", "type": "배설물", "ws": "충주댐하류", "date": "2026-04-24", "width": 7, "depth": "1", "quality": "3", "dist_water": 0.5, "dist_ground": 0.1, "disturbance": 1, "abundance": 2, "memo": ""}}, {"type": "Feature", "geometry": {"type": "Point", "coordinates": [127.97254, 37.043071]}, "properties": {"id": "GH-58", "type": "배설물", "ws": "충주댐하류", "date": "2026-04-24", "width": 11, "depth": "1", "quality": "3", "dist_water": 0.1, "dist_ground": 0.1, "disturbance": 1, "abundance": 2, "memo": ""}}, {"type": "Feature", "geometry": {"type": "Point", "coordinates": [127.977193, 37.046035]}, "properties": {"id": "GH-60", "type": "배설물", "ws": "충주댐하류", "date": "2026-04-24", "width": 8, "depth": "1", "quality": "3", "dist_water": 1.0, "dist_ground": 0.2, "disturbance": 1, "abundance": 1, "memo": ""}}, {"type": "Feature", "geometry": {"type": "Point", "coordinates": [127.955122, 37.020242]}, "properties": {"id": "GH-03", "type": "배설물", "ws": "충주댐하류", "date": "2026-04-24", "width": 10, "depth": "1", "quality": "3", "dist_water": 0.5, "dist_ground": 0.1, "disturbance": 1, "abundance": 1, "memo": ""}}, {"type": "Feature", "geometry": {"type": "Point", "coordinates": [127.955077, 37.020195]}, "properties": {"id": "GH-04", "type": "배설물", "ws": "충주댐하류", "date": "2026-04-24", "width": 10, "depth": "1", "quality": "3", "dist_water": 0.5, "dist_ground": 0.1, "disturbance": 1, "abundance": 1, "memo": ""}}, {"type": "Feature", "geometry": {"type": "Point", "coordinates": [127.955064, 37.020192]}, "properties": {"id": "GH-05", "type": "배설물", "ws": "충주댐하류", "date": "2026-04-24", "width": 10, "depth": "1", "quality": "3", "dist_water": 0.5, "dist_ground": 0.1, "disturbance": 1, "abundance": 1, "memo": ""}}, {"type": "Feature", "geometry": {"type": "Point", "coordinates": [127.955065, 37.020182]}, "properties": {"id": "GH-06", "type": "배설물", "ws": "충주댐하류", "date": "2026-04-24", "width": 10, "depth": "1", "quality": "3", "dist_water": 0.5, "dist_ground": 0.1, "disturbance": 1, "abundance": 1, "memo": ""}}, {"type": "Feature", "geometry": {"type": "Point", "coordinates": [127.972402, 37.029815]}, "properties": {"id": "GH-18", "type": "배설물", "ws": "충주댐하류", "date": "2026-04-24", "width": 28, "depth": "1", "quality": "3", "dist_water": 0.3, "dist_ground": 0.2, "disturbance": 1, "abundance": 2, "memo": ""}}, {"type": "Feature", "geometry": {"type": "Point", "coordinates": [127.972401, 37.029818]}, "properties": {"id": "GH-19", "type": "배설물", "ws": "충주댐하류", "date": "2026-04-24", "width": 28, "depth": "1", "quality": "3", "dist_water": 0.3, "dist_ground": 0.2, "disturbance": 1, "abundance": 2, "memo": ""}}, {"type": "Feature", "geometry": {"type": "Point", "coordinates": [127.972403, 37.02982]}, "properties": {"id": "GH-20", "type": "배설물", "ws": "충주댐하류", "date": "2026-04-24", "width": 28, "depth": "1", "quality": "3", "dist_water": 0.3, "dist_ground": 0.2, "disturbance": 1, "abundance": 2, "memo": ""}}, {"type": "Feature", "geometry": {"type": "Point", "coordinates": [127.972409, 37.029821]}, "properties": {"id": "GH-21", "type": "배설물", "ws": "충주댐하류", "date": "2026-04-24", "width": 28, "depth": "1", "quality": "3", "dist_water": 0.3, "dist_ground": 0.2, "disturbance": 1, "abundance": 2, "memo": ""}}, {"type": "Feature", "geometry": {"type": "Point", "coordinates": [127.972409, 37.029838]}, "properties": {"id": "GH-22", "type": "배설물", "ws": "충주댐하류", "date": "2026-04-24", "width": 28, "depth": "1", "quality": "3", "dist_water": 0.3, "dist_ground": 0.2, "disturbance": 1, "abundance": 2, "memo": ""}}, {"type": "Feature", "geometry": {"type": "Point", "coordinates": [127.97478, 37.030207]}, "properties": {"id": "GH-24", "type": "배설물", "ws": "충주댐하류", "date": "2026-04-24", "width": 17, "depth": "1", "quality": "3", "dist_water": 0.5, "dist_ground": 0.2, "disturbance": 1, "abundance": 2, "memo": ""}}, {"type": "Feature", "geometry": {"type": "Point", "coordinates": [127.97778, 37.030962]}, "properties": {"id": "GH-26", "type": "배설물", "ws": "충주댐하류", "date": "2026-04-24", "width": 40, "depth": "1", "quality": "3", "dist_water": 0.5, "dist_ground": 0.2, "disturbance": 1, "abundance": 2, "memo": ""}}, {"type": "Feature", "geometry": {"type": "Point", "coordinates": [127.977768, 37.030954]}, "properties": {"id": "GH-27", "type": "배설물", "ws": "충주댐하류", "date": "2026-04-24", "width": 40, "depth": "1", "quality": "3", "dist_water": 0.5, "dist_ground": 0.2, "disturbance": 1, "abundance": 2, "memo": ""}}, {"type": "Feature", "geometry": {"type": "Point", "coordinates": [127.986168, 37.032024]}, "properties": {"id": "GH-31", "type": "배설물", "ws": "충주댐하류", "date": "2026-04-24", "width": 8, "depth": "1", "quality": "3", "dist_water": 0.2, "dist_ground": 0.2, "disturbance": 1, "abundance": 2, "memo": ""}}, {"type": "Feature", "geometry": {"type": "Point", "coordinates": [127.986606, 37.031423]}, "properties": {"id": "GH-33", "type": "배설물", "ws": "충주댐하류", "date": "2026-04-24", "width": 16, "depth": "1", "quality": "3", "dist_water": 0.5, "dist_ground": 0.1, "disturbance": 1, "abundance": 1, "memo": ""}}, {"type": "Feature", "geometry": {"type": "Point", "coordinates": [127.986613, 37.031419]}, "properties": {"id": "GH-34", "type": "배설물", "ws": "충주댐하류", "date": "2026-04-24", "width": 16, "depth": "1", "quality": "3", "dist_water": 0.5, "dist_ground": 0.1, "disturbance": 1, "abundance": 1, "memo": ""}}, {"type": "Feature", "geometry": {"type": "Point", "coordinates": [127.98662, 37.031417]}, "properties": {"id": "GH-35", "type": "배설물", "ws": "충주댐하류", "date": "2026-04-24", "width": 16, "depth": "1", "quality": "3", "dist_water": 0.5, "dist_ground": 0.1, "disturbance": 1, "abundance": 1, "memo": ""}}, {"type": "Feature", "geometry": {"type": "Point", "coordinates": [127.98663, 37.031414]}, "properties": {"id": "GH-36", "type": "배설물", "ws": "충주댐하류", "date": "2026-04-24", "width": 16, "depth": "1", "quality": "3", "dist_water": 0.5, "dist_ground": 0.1, "disturbance": 1, "abundance": 1, "memo": ""}}, {"type": "Feature", "geometry": {"type": "Point", "coordinates": [127.99742, 37.034493]}, "properties": {"id": "GH-44", "type": "배설물", "ws": "충주댐하류", "date": "2026-04-24", "width": 3, "depth": "1", "quality": "3", "dist_water": 0.1, "dist_ground": 0.2, "disturbance": 1, "abundance": 2, "memo": ""}}, {"type": "Feature", "geometry": {"type": "Point", "coordinates": [127.994687, 37.031525]}, "properties": {"id": "GH-48", "type": "배설물", "ws": "충주댐하류", "date": "2026-04-24", "width": 7, "depth": "1", "quality": "3", "dist_water": 0.1, "dist_ground": 0.3, "disturbance": 1, "abundance": 2, "memo": ""}}, {"type": "Feature", "geometry": {"type": "Point", "coordinates": [127.973328, 37.036825]}, "properties": {"id": "GH-52", "type": "배설물", "ws": "충주댐하류", "date": "2026-04-24", "width": 14, "depth": "1", "quality": "3", "dist_water": 0.3, "dist_ground": 0.2, "disturbance": 1, "abundance": 2, "memo": ""}}, {"type": "Feature", "geometry": {"type": "Point", "coordinates": [127.973332, 37.036829]}, "properties": {"id": "GH-53", "type": "배설물", "ws": "충주댐하류", "date": "2026-04-24", "width": 14, "depth": "1", "quality": "3", "dist_water": 0.3, "dist_ground": 0.2, "disturbance": 1, "abundance": 2, "memo": ""}}, {"type": "Feature", "geometry": {"type": "Point", "coordinates": [127.973333, 37.036833]}, "properties": {"id": "GH-54", "type": "배설물", "ws": "충주댐하류", "date": "2026-04-24", "width": 14, "depth": "1", "quality": "3", "dist_water": 0.3, "dist_ground": 0.2, "disturbance": 1, "abundance": 2, "memo": ""}}, {"type": "Feature", "geometry": {"type": "Point", "coordinates": [127.973316, 37.036845]}, "properties": {"id": "GH-55", "type": "배설물", "ws": "충주댐하류", "date": "2026-04-24", "width": 14, "depth": "1", "quality": "3", "dist_water": 0.3, "dist_ground": 0.2, "disturbance": 1, "abundance": 2, "memo": ""}}, {"type": "Feature", "geometry": {"type": "Point", "coordinates": [127.973306, 37.036843]}, "properties": {"id": "GH-56", "type": "배설물", "ws": "충주댐하류", "date": "2026-04-24", "width": 14, "depth": "1", "quality": "3", "dist_water": 0.3, "dist_ground": 0.2, "disturbance": 1, "abundance": 2, "memo": ""}}, {"type": "Feature", "geometry": {"type": "Point", "coordinates": [127.971588, 37.039561]}, "properties": {"id": "GH-62", "type": "배설물", "ws": "충주댐하류", "date": "2026-04-24", "width": 7, "depth": "1", "quality": "3", "dist_water": 0.5, "dist_ground": 0.1, "disturbance": 1, "abundance": 2, "memo": ""}}, {"type": "Feature", "geometry": {"type": "Point", "coordinates": [127.97159, 37.039557]}, "properties": {"id": "GH-63", "type": "배설물", "ws": "충주댐하류", "date": "2026-04-24", "width": 7, "depth": "1", "quality": "3", "dist_water": 0.5, "dist_ground": 0.1, "disturbance": 1, "abundance": 2, "memo": ""}}, {"type": "Feature", "geometry": {"type": "Point", "coordinates": [127.971591, 37.039553]}, "properties": {"id": "GH-64", "type": "배설물", "ws": "충주댐하류", "date": "2026-04-24", "width": 7, "depth": "1", "quality": "3", "dist_water": 0.5, "dist_ground": 0.1, "disturbance": 1, "abundance": 2, "memo": ""}}, {"type": "Feature", "geometry": {"type": "Point", "coordinates": [127.971591, 37.039561]}, "properties": {"id": "GH-65", "type": "배설물", "ws": "충주댐하류", "date": "2026-04-24", "width": 7, "depth": "1", "quality": "3", "dist_water": 0.5, "dist_ground": 0.1, "disturbance": 1, "abundance": 2, "memo": ""}}, {"type": "Feature", "geometry": {"type": "Point", "coordinates": [127.972508, 37.043069]}, "properties": {"id": "GH-59", "type": "배설물", "ws": "충주댐하류", "date": "2026-04-24", "width": 11, "depth": "1", "quality": "3", "dist_water": 0.1, "dist_ground": 0.1, "disturbance": 1, "abundance": 2, "memo": ""}}, {"type": "Feature", "geometry": {"type": "Point", "coordinates": [127.979632, 37.011283]}, "properties": {"id": "GT-01", "type": "배설물", "ws": "충주댐하류", "date": "2026-05-01", "width": 230, "depth": "5", "quality": "2", "dist_water": 0.3, "dist_ground": 0.3, "disturbance": 3, "abundance": 3, "memo": "다리공사"}}, {"type": "Feature", "geometry": {"type": "Point", "coordinates": [127.964789, 37.019503]}, "properties": {"id": "GT-02", "type": "배설물", "ws": "충주댐하류", "date": "2026-05-01", "width": 290, "depth": "5", "quality": "2", "dist_water": 3.0, "dist_ground": 0.1, "disturbance": 2, "abundance": 3, "memo": ""}}, {"type": "Feature", "geometry": {"type": "Point", "coordinates": [127.964759, 37.019424]}, "properties": {"id": "GT-03", "type": "배설물", "ws": "충주댐하류", "date": "2026-05-01", "width": 290, "depth": "5", "quality": "2", "dist_water": 3.0, "dist_ground": 0.1, "disturbance": 2, "abundance": 3, "memo": ""}}, {"type": "Feature", "geometry": {"type": "Point", "coordinates": [127.921401, 37.019337]}, "properties": {"id": "GT-06", "type": "배설물", "ws": "충주댐하류", "date": "2026-05-01", "width": 367, "depth": "5", "quality": "3", "dist_water": 0.3, "dist_ground": 0.4, "disturbance": 3, "abundance": 3, "memo": "플라스틱부품, 파크골프장"}}, {"type": "Feature", "geometry": {"type": "Point", "coordinates": [127.91414, 37.010716]}, "properties": {"id": "GT-07", "type": "배설물", "ws": "충주댐하류", "date": "2026-05-01", "width": 337, "depth": "5", "quality": "3", "dist_water": 0.3, "dist_ground": 0.5, "disturbance": 2, "abundance": 3, "memo": ""}}, {"type": "Feature", "geometry": {"type": "Point", "coordinates": [127.914127, 37.010705]}, "properties": {"id": "GT-08", "type": "배설물", "ws": "충주댐하류", "date": "2026-05-01", "width": 337, "depth": "5", "quality": "3", "dist_water": 0.3, "dist_ground": 0.5, "disturbance": 2, "abundance": 3, "memo": ""}}, {"type": "Feature", "geometry": {"type": "Point", "coordinates": [127.891533, 36.988974]}, "properties": {"id": "GT-10", "type": "배설물", "ws": "충주댐하류", "date": "2026-05-01", "width": 515, "depth": "5", "quality": "3", "dist_water": 0.5, "dist_ground": 0.2, "disturbance": 2, "abundance": 3, "memo": ""}}, {"type": "Feature", "geometry": {"type": "Point", "coordinates": [127.891515, 36.988964]}, "properties": {"id": "GT-11", "type": "배설물", "ws": "충주댐하류", "date": "2026-05-01", "width": 515, "depth": "5", "quality": "3", "dist_water": 0.5, "dist_ground": 0.2, "disturbance": 2, "abundance": 3, "memo": ""}}, {"type": "Feature", "geometry": {"type": "Point", "coordinates": [127.991507, 36.847062]}, "properties": {"id": "DH-14", "type": "배설물", "ws": "석문동천", "date": "2026-03-29", "width": 16, "depth": "1", "quality": "3", "dist_water": 0.5, "dist_ground": 0.2, "disturbance": 3, "abundance": 3, "memo": ""}}, {"type": "Feature", "geometry": {"type": "Point", "coordinates": [127.992231, 36.846637]}, "properties": {"id": "DH-15", "type": "배설물", "ws": "석문동천", "date": "2026-03-29", "width": 11, "depth": "1", "quality": "3", "dist_water": 0.2, "dist_ground": 0.2, "disturbance": 4, "abundance": 1, "memo": "공사"}}, {"type": "Feature", "geometry": {"type": "Point", "coordinates": [127.988701, 36.848522]}, "properties": {"id": "DH-18", "type": "배설물", "ws": "석문동천", "date": "2026-03-29", "width": 30, "depth": "1", "quality": "3", "dist_water": 0.3, "dist_ground": 0.1, "disturbance": 2, "abundance": 3, "memo": ""}}, {"type": "Feature", "geometry": {"type": "Point", "coordinates": [127.989091, 36.84886]}, "properties": {"id": "DH-19", "type": "배설물", "ws": "석문동천", "date": "2026-03-29", "width": 40, "depth": "2", "quality": "3", "dist_water": 0.4, "dist_ground": 0.4, "disturbance": 4, "abundance": 3, "memo": ""}}, {"type": "Feature", "geometry": {"type": "Point", "coordinates": [128.00607, 36.823511]}, "properties": {"id": "DH-65", "type": "배설물", "ws": "석문동천", "date": "2026-03-29", "width": 7, "depth": "1", "quality": "3", "dist_water": 0.1, "dist_ground": 0.2, "disturbance": 2, "abundance": 1, "memo": ""}}, {"type": "Feature", "geometry": {"type": "Point", "coordinates": [127.983676, 36.841196]}, "properties": {"id": "DH-03", "type": "배설물", "ws": "석문동천", "date": "2026-03-29", "width": 10, "depth": "1", "quality": "3", "dist_water": 1.0, "dist_ground": 0.3, "disturbance": 2, "abundance": 2, "memo": ""}}, {"type": "Feature", "geometry": {"type": "Point", "coordinates": [127.983689, 36.841274]}, "properties": {"id": "DH-04", "type": "배설물", "ws": "석문동천", "date": "2026-03-29", "width": 10, "depth": "1", "quality": "3", "dist_water": 1.0, "dist_ground": 0.3, "disturbance": 2, "abundance": 2, "memo": ""}}, {"type": "Feature", "geometry": {"type": "Point", "coordinates": [127.985396, 36.842132]}, "properties": {"id": "DH-06", "type": "배설물", "ws": "석문동천", "date": "2026-03-29", "width": 17, "depth": "2", "quality": "3", "dist_water": 1.0, "dist_ground": 0.3, "disturbance": 2, "abundance": 3, "memo": ""}}, {"type": "Feature", "geometry": {"type": "Point", "coordinates": [127.985626, 36.842152]}, "properties": {"id": "DH-07", "type": "배설물", "ws": "석문동천", "date": "2026-03-29", "width": 17, "depth": "2", "quality": "3", "dist_water": 1.0, "dist_ground": 0.3, "disturbance": 2, "abundance": 3, "memo": ""}}, {"type": "Feature", "geometry": {"type": "Point", "coordinates": [127.986141, 36.844353]}, "properties": {"id": "DH-08", "type": "배설물", "ws": "석문동천", "date": "2026-03-29", "width": 45, "depth": "2", "quality": "3", "dist_water": 0.2, "dist_ground": 0.2, "disturbance": 2, "abundance": 2, "memo": ""}}, {"type": "Feature", "geometry": {"type": "Point", "coordinates": [127.984509, 36.852651]}, "properties": {"id": "DH-20", "type": "배설물", "ws": "석문동천", "date": "2026-03-29", "width": 31, "depth": "1", "quality": "3", "dist_water": 0.2, "dist_ground": 0.8, "disturbance": 2, "abundance": 3, "memo": ""}}, {"type": "Feature", "geometry": {"type": "Point", "coordinates": [127.984618, 36.852516]}, "properties": {"id": "DH-21", "type": "배설물", "ws": "석문동천", "date": "2026-03-29", "width": 31, "depth": "1", "quality": "3", "dist_water": 0.2, "dist_ground": 0.8, "disturbance": 2, "abundance": 3, "memo": ""}}, {"type": "Feature", "geometry": {"type": "Point", "coordinates": [127.975985, 36.854091]}, "properties": {"id": "DH-22", "type": "배설물", "ws": "석문동천", "date": "2026-03-29", "width": 20, "depth": "1", "quality": "3", "dist_water": 0.1, "dist_ground": 0.2, "disturbance": 2, "abundance": 3, "memo": ""}}, {"type": "Feature", "geometry": {"type": "Point", "coordinates": [127.976078, 36.854946]}, "properties": {"id": "DH-23", "type": "배설물", "ws": "석문동천", "date": "2026-03-29", "width": 30, "depth": "2", "quality": "3", "dist_water": 0.1, "dist_ground": 0.2, "disturbance": 2, "abundance": 3, "memo": ""}}, {"type": "Feature", "geometry": {"type": "Point", "coordinates": [127.975932, 36.854967]}, "properties": {"id": "DH-24", "type": "배설물", "ws": "석문동천", "date": "2026-03-29", "width": 30, "depth": "2", "quality": "3", "dist_water": 0.1, "dist_ground": 0.2, "disturbance": 2, "abundance": 3, "memo": ""}}, {"type": "Feature", "geometry": {"type": "Point", "coordinates": [127.978858, 36.857131]}, "properties": {"id": "DH-25", "type": "배설물", "ws": "석문동천", "date": "2026-03-29", "width": 45, "depth": "2", "quality": "3", "dist_water": 0.1, "dist_ground": 0.5, "disturbance": 2, "abundance": 3, "memo": ""}}, {"type": "Feature", "geometry": {"type": "Point", "coordinates": [127.975203, 36.862784]}, "properties": {"id": "DH-26", "type": "배설물", "ws": "석문동천", "date": "2026-03-29", "width": 27, "depth": "2", "quality": "3", "dist_water": 0.1, "dist_ground": 0.5, "disturbance": 1, "abundance": 3, "memo": ""}}, {"type": "Feature", "geometry": {"type": "Point", "coordinates": [127.975486, 36.862706]}, "properties": {"id": "DH-27", "type": "배설물", "ws": "석문동천", "date": "2026-03-29", "width": 27, "depth": "2", "quality": "3", "dist_water": 0.1, "dist_ground": 0.5, "disturbance": 1, "abundance": 3, "memo": ""}}, {"type": "Feature", "geometry": {"type": "Point", "coordinates": [127.969067, 36.875047]}, "properties": {"id": "DH-28", "type": "배설물", "ws": "석문동천", "date": "2026-03-29", "width": 35, "depth": "2", "quality": "3", "dist_water": 1.0, "dist_ground": 0.2, "disturbance": 2, "abundance": 3, "memo": ""}}, {"type": "Feature", "geometry": {"type": "Point", "coordinates": [127.96746, 36.872892]}, "properties": {"id": "DH-29", "type": "배설물", "ws": "석문동천", "date": "2026-03-29", "width": 32, "depth": "2", "quality": "3", "dist_water": 0.1, "dist_ground": 0.3, "disturbance": 1, "abundance": 3, "memo": ""}}, {"type": "Feature", "geometry": {"type": "Point", "coordinates": [127.971834, 36.878509]}, "properties": {"id": "DH-30", "type": "배설물", "ws": "석문동천", "date": "2026-03-29", "width": 40, "depth": "2", "quality": "3", "dist_water": 0.2, "dist_ground": 0.3, "disturbance": 2, "abundance": 3, "memo": ""}}, {"type": "Feature", "geometry": {"type": "Point", "coordinates": [127.971023, 36.882216]}, "properties": {"id": "DH-31", "type": "배설물", "ws": "석문동천", "date": "2026-03-29", "width": 70, "depth": "3", "quality": "3", "dist_water": 0.5, "dist_ground": 0.2, "disturbance": 1, "abundance": 3, "memo": ""}}, {"type": "Feature", "geometry": {"type": "Point", "coordinates": [127.963449, 36.880944]}, "properties": {"id": "DH-32", "type": "배설물", "ws": "석문동천", "date": "2026-03-29", "width": 75, "depth": "2", "quality": "3", "dist_water": 1.0, "dist_ground": 2.0, "disturbance": 1, "abundance": 3, "memo": ""}}, {"type": "Feature", "geometry": {"type": "Point", "coordinates": [127.963483, 36.880954]}, "properties": {"id": "DH-33", "type": "배설물", "ws": "석문동천", "date": "2026-03-29", "width": 75, "depth": "2", "quality": "3", "dist_water": 1.0, "dist_ground": 2.0, "disturbance": 1, "abundance": 3, "memo": ""}}, {"type": "Feature", "geometry": {"type": "Point", "coordinates": [127.963531, 36.880633]}, "properties": {"id": "DH-34", "type": "배설물", "ws": "석문동천", "date": "2026-03-29", "width": 75, "depth": "2", "quality": "3", "dist_water": 1.0, "dist_ground": 2.0, "disturbance": 1, "abundance": 3, "memo": ""}}, {"type": "Feature", "geometry": {"type": "Point", "coordinates": [127.951875, 36.878088]}, "properties": {"id": "DH-35", "type": "배설물", "ws": "석문동천", "date": "2026-03-29", "width": 27, "depth": "2", "quality": "3", "dist_water": 0.1, "dist_ground": 0.3, "disturbance": 2, "abundance": 3, "memo": ""}}, {"type": "Feature", "geometry": {"type": "Point", "coordinates": [127.952004, 36.878081]}, "properties": {"id": "DH-36", "type": "배설물", "ws": "석문동천", "date": "2026-03-29", "width": 27, "depth": "2", "quality": "3", "dist_water": 0.1, "dist_ground": 0.3, "disturbance": 2, "abundance": 3, "memo": ""}}, {"type": "Feature", "geometry": {"type": "Point", "coordinates": [127.951106, 36.881983]}, "properties": {"id": "DH-37", "type": "배설물", "ws": "석문동천", "date": "2026-03-29", "width": 33, "depth": "5", "quality": "3", "dist_water": 0.1, "dist_ground": 0.1, "disturbance": 2, "abundance": 3, "memo": ""}}, {"type": "Feature", "geometry": {"type": "Point", "coordinates": [127.951548, 36.883085]}, "properties": {"id": "DH-38", "type": "배설물", "ws": "석문동천", "date": "2026-03-29", "width": 40, "depth": "3", "quality": "3", "dist_water": 0.1, "dist_ground": 0.3, "disturbance": 1, "abundance": 3, "memo": ""}}, {"type": "Feature", "geometry": {"type": "Point", "coordinates": [127.951766, 36.88345]}, "properties": {"id": "DH-39", "type": "배설물", "ws": "석문동천", "date": "2026-03-29", "width": 40, "depth": "3", "quality": "3", "dist_water": 0.1, "dist_ground": 0.3, "disturbance": 1, "abundance": 3, "memo": ""}}, {"type": "Feature", "geometry": {"type": "Point", "coordinates": [127.951942, 36.885822]}, "properties": {"id": "DH-40", "type": "배설물", "ws": "석문동천", "date": "2026-03-29", "width": 80, "depth": "3", "quality": "3", "dist_water": 0.1, "dist_ground": 0.3, "disturbance": 1, "abundance": 3, "memo": ""}}, {"type": "Feature", "geometry": {"type": "Point", "coordinates": [127.951933, 36.885936]}, "properties": {"id": "DH-41", "type": "배설물", "ws": "석문동천", "date": "2026-03-29", "width": 80, "depth": "3", "quality": "3", "dist_water": 0.1, "dist_ground": 0.3, "disturbance": 1, "abundance": 3, "memo": ""}}, {"type": "Feature", "geometry": {"type": "Point", "coordinates": [127.951739, 36.886049]}, "properties": {"id": "DH-42", "type": "배설물", "ws": "석문동천", "date": "2026-03-29", "width": 80, "depth": "3", "quality": "3", "dist_water": 0.1, "dist_ground": 0.3, "disturbance": 1, "abundance": 3, "memo": ""}}, {"type": "Feature", "geometry": {"type": "Point", "coordinates": [127.951699, 36.886014]}, "properties": {"id": "DH-43", "type": "배설물", "ws": "석문동천", "date": "2026-03-29", "width": 80, "depth": "3", "quality": "3", "dist_water": 0.1, "dist_ground": 0.3, "disturbance": 1, "abundance": 3, "memo": ""}}, {"type": "Feature", "geometry": {"type": "Point", "coordinates": [127.951713, 36.8861]}, "properties": {"id": "DH-44", "type": "배설물", "ws": "석문동천", "date": "2026-03-29", "width": 80, "depth": "3", "quality": "3", "dist_water": 0.1, "dist_ground": 0.3, "disturbance": 1, "abundance": 3, "memo": ""}}, {"type": "Feature", "geometry": {"type": "Point", "coordinates": [127.951639, 36.886098]}, "properties": {"id": "DH-45", "type": "배설물", "ws": "석문동천", "date": "2026-03-29", "width": 80, "depth": "3", "quality": "3", "dist_water": 0.1, "dist_ground": 0.3, "disturbance": 1, "abundance": 3, "memo": ""}}, {"type": "Feature", "geometry": {"type": "Point", "coordinates": [127.961434, 36.880165]}, "properties": {"id": "DH-46", "type": "배설물", "ws": "석문동천", "date": "2026-03-29", "width": 50, "depth": "1", "quality": "3", "dist_water": 0.1, "dist_ground": 0.1, "disturbance": 2, "abundance": 2, "memo": ""}}, {"type": "Feature", "geometry": {"type": "Point", "coordinates": [127.961116, 36.880075]}, "properties": {"id": "DH-47", "type": "배설물", "ws": "석문동천", "date": "2026-03-29", "width": 50, "depth": "1", "quality": "3", "dist_water": 0.1, "dist_ground": 0.1, "disturbance": 2, "abundance": 2, "memo": ""}}, {"type": "Feature", "geometry": {"type": "Point", "coordinates": [127.954634, 36.878384]}, "properties": {"id": "DH-48", "type": "배설물", "ws": "석문동천", "date": "2026-03-29", "width": 40, "depth": "3", "quality": "3", "dist_water": 0.1, "dist_ground": 0.3, "disturbance": 2, "abundance": 3, "memo": ""}}, {"type": "Feature", "geometry": {"type": "Point", "coordinates": [127.953903, 36.878264]}, "properties": {"id": "DH-49", "type": "배설물", "ws": "석문동천", "date": "2026-03-29", "width": 40, "depth": "3", "quality": "3", "dist_water": 0.1, "dist_ground": 0.3, "disturbance": 2, "abundance": 3, "memo": ""}}, {"type": "Feature", "geometry": {"type": "Point", "coordinates": [127.954212, 36.878459]}, "properties": {"id": "DH-50", "type": "배설물", "ws": "석문동천", "date": "2026-03-29", "width": 40, "depth": "3", "quality": "3", "dist_water": 0.1, "dist_ground": 0.3, "disturbance": 2, "abundance": 3, "memo": ""}}, {"type": "Feature", "geometry": {"type": "Point", "coordinates": [128.021879, 36.864087]}, "properties": {"id": "DH-57", "type": "배설물", "ws": "석문동천", "date": "2026-03-29", "width": 7, "depth": "1", "quality": "3", "dist_water": 1.0, "dist_ground": 0.5, "disturbance": 2, "abundance": 2, "memo": ""}}, {"type": "Feature", "geometry": {"type": "Point", "coordinates": [128.018327, 36.867308]}, "properties": {"id": "DH-58", "type": "배설물", "ws": "석문동천", "date": "2026-03-29", "width": 7, "depth": "1", "quality": "3", "dist_water": 0.1, "dist_ground": 0.1, "disturbance": 3, "abundance": 3, "memo": "캠핑장"}}, {"type": "Feature", "geometry": {"type": "Point", "coordinates": [128.016084, 36.869871]}, "properties": {"id": "DH-60", "type": "배설물", "ws": "석문동천", "date": "2026-03-29", "width": 14, "depth": "2", "quality": "3", "dist_water": 0.2, "dist_ground": 0.3, "disturbance": 2, "abundance": 3, "memo": ""}}, {"type": "Feature", "geometry": {"type": "Point", "coordinates": [128.015941, 36.869833]}, "properties": {"id": "DH-61", "type": "배설물", "ws": "석문동천", "date": "2026-03-29", "width": 14, "depth": "2", "quality": "3", "dist_water": 0.2, "dist_ground": 0.3, "disturbance": 2, "abundance": 3, "memo": ""}}, {"type": "Feature", "geometry": {"type": "Point", "coordinates": [128.015892, 36.869828]}, "properties": {"id": "DH-62", "type": "배설물", "ws": "석문동천", "date": "2026-03-29", "width": 14, "depth": "2", "quality": "3", "dist_water": 0.2, "dist_ground": 0.3, "disturbance": 2, "abundance": 3, "memo": ""}}, {"type": "Feature", "geometry": {"type": "Point", "coordinates": [127.988984, 36.846118]}, "properties": {"id": "DH-09", "type": "배설물", "ws": "석문동천", "date": "2026-03-29", "width": 41, "depth": "2", "quality": "3", "dist_water": 0.2, "dist_ground": 0.5, "disturbance": 2, "abundance": 2, "memo": ""}}, {"type": "Feature", "geometry": {"type": "Point", "coordinates": [127.988979, 36.846105]}, "properties": {"id": "DH-10", "type": "배설물", "ws": "석문동천", "date": "2026-03-29", "width": 41, "depth": "2", "quality": "3", "dist_water": 0.2, "dist_ground": 0.5, "disturbance": 2, "abundance": 2, "memo": ""}}, {"type": "Feature", "geometry": {"type": "Point", "coordinates": [127.988888, 36.846101]}, "properties": {"id": "DH-11", "type": "배설물", "ws": "석문동천", "date": "2026-03-29", "width": 41, "depth": "2", "quality": "3", "dist_water": 0.2, "dist_ground": 0.5, "disturbance": 2, "abundance": 2, "memo": ""}}, {"type": "Feature", "geometry": {"type": "Point", "coordinates": [127.988798, 36.846113]}, "properties": {"id": "DH-12", "type": "배설물", "ws": "석문동천", "date": "2026-03-29", "width": 41, "depth": "2", "quality": "3", "dist_water": 0.2, "dist_ground": 0.5, "disturbance": 2, "abundance": 2, "memo": ""}}, {"type": "Feature", "geometry": {"type": "Point", "coordinates": [127.988796, 36.846092]}, "properties": {"id": "DH-13", "type": "배설물", "ws": "석문동천", "date": "2026-03-29", "width": 41, "depth": "2", "quality": "3", "dist_water": 0.2, "dist_ground": 0.5, "disturbance": 2, "abundance": 2, "memo": ""}}, {"type": "Feature", "geometry": {"type": "Point", "coordinates": [127.987984, 36.883233]}, "properties": {"id": "DH-84", "type": "배설물", "ws": "석문동천", "date": "2026-03-28", "width": 18, "depth": "1", "quality": "3", "dist_water": 0.5, "dist_ground": 0.5, "disturbance": 2, "abundance": 1, "memo": ""}}, {"type": "Feature", "geometry": {"type": "Point", "coordinates": [127.994475, 36.88445]}, "properties": {"id": "DH-86", "type": "배설물", "ws": "석문동천", "date": "2026-03-28", "width": 16, "depth": "1", "quality": "3", "dist_water": 0.3, "dist_ground": 0.3, "disturbance": 2, "abundance": 1, "memo": ""}}, {"type": "Feature", "geometry": {"type": "Point", "coordinates": [127.924788, 36.898113]}, "properties": {"id": "ES-87", "type": "배설물", "ws": "석문동천", "date": "2026-03-28", "width": 40, "depth": "2", "quality": "3", "dist_water": 0.5, "dist_ground": 0.5, "disturbance": 5, "abundance": 3, "memo": ""}}, {"type": "Feature", "geometry": {"type": "Point", "coordinates": [127.924694, 36.898184]}, "properties": {"id": "ES-88", "type": "배설물", "ws": "석문동천", "date": "2026-03-28", "width": 40, "depth": "2", "quality": "3", "dist_water": 0.5, "dist_ground": 0.5, "disturbance": 5, "abundance": 3, "memo": ""}}, {"type": "Feature", "geometry": {"type": "Point", "coordinates": [127.924795, 36.898098]}, "properties": {"id": "ES-89", "type": "배설물", "ws": "석문동천", "date": "2026-03-28", "width": 40, "depth": "2", "quality": "3", "dist_water": 0.5, "dist_ground": 0.5, "disturbance": 5, "abundance": 3, "memo": ""}}, {"type": "Feature", "geometry": {"type": "Point", "coordinates": [127.929459, 36.898648]}, "properties": {"id": "ES-90", "type": "배설물", "ws": "석문동천", "date": "2026-03-28", "width": 40, "depth": "1", "quality": "3", "dist_water": 0.3, "dist_ground": 0.3, "disturbance": 2, "abundance": 2, "memo": ""}}, {"type": "Feature", "geometry": {"type": "Point", "coordinates": [127.931165, 36.896496]}, "properties": {"id": "ES-94", "type": "배설물", "ws": "석문동천", "date": "2026-03-28", "width": 47, "depth": "1", "quality": "3", "dist_water": 1.0, "dist_ground": 0.2, "disturbance": 2, "abundance": 2, "memo": ""}}, {"type": "Feature", "geometry": {"type": "Point", "coordinates": [127.931153, 36.896445]}, "properties": {"id": "ES-91", "type": "배설물", "ws": "석문동천", "date": "2026-03-28", "width": 47, "depth": "1", "quality": "3", "dist_water": 1.0, "dist_ground": 0.2, "disturbance": 2, "abundance": 2, "memo": ""}}, {"type": "Feature", "geometry": {"type": "Point", "coordinates": [127.931141, 36.896457]}, "properties": {"id": "ES-92", "type": "배설물", "ws": "석문동천", "date": "2026-03-28", "width": 47, "depth": "1", "quality": "3", "dist_water": 1.0, "dist_ground": 0.2, "disturbance": 2, "abundance": 2, "memo": ""}}, {"type": "Feature", "geometry": {"type": "Point", "coordinates": [127.931157, 36.896465]}, "properties": {"id": "ES-93", "type": "배설물", "ws": "석문동천", "date": "2026-03-28", "width": 47, "depth": "1", "quality": "3", "dist_water": 1.0, "dist_ground": 0.2, "disturbance": 2, "abundance": 2, "memo": ""}}, {"type": "Feature", "geometry": {"type": "Point", "coordinates": [127.931094, 36.896481]}, "properties": {"id": "ES-95", "type": "배설물", "ws": "석문동천", "date": "2026-03-28", "width": 47, "depth": "1", "quality": "3", "dist_water": 1.0, "dist_ground": 0.2, "disturbance": 2, "abundance": 2, "memo": ""}}, {"type": "Feature", "geometry": {"type": "Point", "coordinates": [127.93109, 36.896477]}, "properties": {"id": "ES-96", "type": "발자국", "ws": "석문동천", "date": "2026-03-28", "width": 47, "depth": "1", "quality": "3", "dist_water": 1.0, "dist_ground": 0.2, "disturbance": 2, "abundance": 2, "memo": ""}}, {"type": "Feature", "geometry": {"type": "Point", "coordinates": [127.931242, 36.896422]}, "properties": {"id": "ES-97", "type": "배설물", "ws": "석문동천", "date": "2026-03-28", "width": 47, "depth": "1", "quality": "3", "dist_water": 1.0, "dist_ground": 0.2, "disturbance": 2, "abundance": 2, "memo": ""}}, {"type": "Feature", "geometry": {"type": "Point", "coordinates": [127.931249, 36.896426]}, "properties": {"id": "ES-98", "type": "배설물", "ws": "석문동천", "date": "2026-03-28", "width": 47, "depth": "1", "quality": "3", "dist_water": 1.0, "dist_ground": 0.2, "disturbance": 2, "abundance": 2, "memo": ""}}, {"type": "Feature", "geometry": {"type": "Point", "coordinates": [127.931133, 36.8964]}, "properties": {"id": "ES-99", "type": "배설물", "ws": "석문동천", "date": "2026-03-28", "width": 47, "depth": "1", "quality": "3", "dist_water": 1.0, "dist_ground": 0.2, "disturbance": 2, "abundance": 2, "memo": ""}}, {"type": "Feature", "geometry": {"type": "Point", "coordinates": [127.931122, 36.896405]}, "properties": {"id": "ES-100", "type": "배설물", "ws": "석문동천", "date": "2026-03-28", "width": 47, "depth": "1", "quality": "3", "dist_water": 1.0, "dist_ground": 0.2, "disturbance": 2, "abundance": 2, "memo": ""}}, {"type": "Feature", "geometry": {"type": "Point", "coordinates": [127.931116, 36.896397]}, "properties": {"id": "ES-101", "type": "배설물", "ws": "석문동천", "date": "2026-03-28", "width": 47, "depth": "1", "quality": "3", "dist_water": 1.0, "dist_ground": 0.2, "disturbance": 2, "abundance": 2, "memo": ""}}, {"type": "Feature", "geometry": {"type": "Point", "coordinates": [127.931125, 36.896393]}, "properties": {"id": "ES-102", "type": "배설물", "ws": "석문동천", "date": "2026-03-28", "width": 47, "depth": "1", "quality": "3", "dist_water": 1.0, "dist_ground": 0.2, "disturbance": 2, "abundance": 2, "memo": ""}}, {"type": "Feature", "geometry": {"type": "Point", "coordinates": [127.930891, 36.895425]}, "properties": {"id": "ES-103", "type": "배설물", "ws": "석문동천", "date": "2026-03-28", "width": 41, "depth": "1", "quality": "3", "dist_water": 0.3, "dist_ground": 0.3, "disturbance": 2, "abundance": 2, "memo": ""}}, {"type": "Feature", "geometry": {"type": "Point", "coordinates": [127.935455, 36.888056]}, "properties": {"id": "ES-110", "type": "배설물", "ws": "석문동천", "date": "2026-03-28", "width": 112, "depth": "1", "quality": "3", "dist_water": 0.2, "dist_ground": 0.2, "disturbance": 2, "abundance": 2, "memo": ""}}, {"type": "Feature", "geometry": {"type": "Point", "coordinates": [127.935332, 36.888014]}, "properties": {"id": "ES-109", "type": "배설물", "ws": "석문동천", "date": "2026-03-28", "width": 112, "depth": "1", "quality": "3", "dist_water": 0.2, "dist_ground": 0.2, "disturbance": 2, "abundance": 2, "memo": ""}}, {"type": "Feature", "geometry": {"type": "Point", "coordinates": [127.935316, 36.887957]}, "properties": {"id": "ES-108", "type": "배설물", "ws": "석문동천", "date": "2026-03-28", "width": 112, "depth": "1", "quality": "3", "dist_water": 0.2, "dist_ground": 0.2, "disturbance": 2, "abundance": 2, "memo": ""}}, {"type": "Feature", "geometry": {"type": "Point", "coordinates": [127.935332, 36.88795]}, "properties": {"id": "ES-107", "type": "배설물", "ws": "석문동천", "date": "2026-03-28", "width": 112, "depth": "1", "quality": "3", "dist_water": 0.2, "dist_ground": 0.2, "disturbance": 2, "abundance": 2, "memo": ""}}, {"type": "Feature", "geometry": {"type": "Point", "coordinates": [127.934863, 36.887809]}, "properties": {"id": "ES-105", "type": "배설물", "ws": "석문동천", "date": "2026-03-28", "width": 112, "depth": "1", "quality": "3", "dist_water": 0.2, "dist_ground": 0.2, "disturbance": 2, "abundance": 2, "memo": ""}}, {"type": "Feature", "geometry": {"type": "Point", "coordinates": [127.935308, 36.887949]}, "properties": {"id": "ES-106", "type": "배설물", "ws": "석문동천", "date": "2026-03-28", "width": 112, "depth": "1", "quality": "3", "dist_water": 0.2, "dist_ground": 0.2, "disturbance": 2, "abundance": 2, "memo": ""}}, {"type": "Feature", "geometry": {"type": "Point", "coordinates": [127.938828, 36.888025]}, "properties": {"id": "ES-113", "type": "배설물", "ws": "석문동천", "date": "2026-03-28", "width": 63, "depth": "1", "quality": "3", "dist_water": 0.2, "dist_ground": 0.2, "disturbance": 2, "abundance": 2, "memo": ""}}, {"type": "Feature", "geometry": {"type": "Point", "coordinates": [127.940661, 36.888141]}, "properties": {"id": "ES-114", "type": "배설물", "ws": "석문동천", "date": "2026-03-28", "width": 60, "depth": "1", "quality": "3", "dist_water": 0.4, "dist_ground": 0.4, "disturbance": 2, "abundance": 2, "memo": ""}}, {"type": "Feature", "geometry": {"type": "Point", "coordinates": [127.941735, 36.888181]}, "properties": {"id": "ES-115", "type": "배설물", "ws": "석문동천", "date": "2026-03-28", "width": 58, "depth": "2", "quality": "3", "dist_water": 0.3, "dist_ground": 0.3, "disturbance": 2, "abundance": 2, "memo": ""}}, {"type": "Feature", "geometry": {"type": "Point", "coordinates": [127.942491, 36.88814]}, "properties": {"id": "ES-116", "type": "배설물", "ws": "석문동천", "date": "2026-03-28", "width": 59, "depth": "1", "quality": "3", "dist_water": 0.3, "dist_ground": 0.3, "disturbance": 2, "abundance": 2, "memo": ""}}, {"type": "Feature", "geometry": {"type": "Point", "coordinates": [127.944607, 36.888302]}, "properties": {"id": "ES-117", "type": "배설물", "ws": "석문동천", "date": "2026-03-28", "width": 55, "depth": "1", "quality": "3", "dist_water": 0.4, "dist_ground": 0.4, "disturbance": 2, "abundance": 3, "memo": ""}}, {"type": "Feature", "geometry": {"type": "Point", "coordinates": [127.944864, 36.888248]}, "properties": {"id": "ES-118", "type": "배설물", "ws": "석문동천", "date": "2026-03-28", "width": 55, "depth": "1", "quality": "3", "dist_water": 0.4, "dist_ground": 0.4, "disturbance": 2, "abundance": 3, "memo": ""}}, {"type": "Feature", "geometry": {"type": "Point", "coordinates": [127.944761, 36.88814]}, "properties": {"id": "ES-119", "type": "배설물", "ws": "석문동천", "date": "2026-03-28", "width": 55, "depth": "1", "quality": "3", "dist_water": 0.4, "dist_ground": 0.4, "disturbance": 2, "abundance": 3, "memo": ""}}, {"type": "Feature", "geometry": {"type": "Point", "coordinates": [127.944645, 36.888147]}, "properties": {"id": "ES-121", "type": "배설물", "ws": "석문동천", "date": "2026-03-28", "width": 55, "depth": "1", "quality": "3", "dist_water": 0.4, "dist_ground": 0.4, "disturbance": 2, "abundance": 3, "memo": ""}}, {"type": "Feature", "geometry": {"type": "Point", "coordinates": [127.944645, 36.888147]}, "properties": {"id": "ES-122", "type": "배설물", "ws": "석문동천", "date": "2026-03-28", "width": 55, "depth": "1", "quality": "3", "dist_water": 0.4, "dist_ground": 0.4, "disturbance": 2, "abundance": 3, "memo": ""}}, {"type": "Feature", "geometry": {"type": "Point", "coordinates": [127.945502, 36.888138]}, "properties": {"id": "ES-123", "type": "배설물", "ws": "석문동천", "date": "2026-03-28", "width": 57, "depth": "1", "quality": "3", "dist_water": 0.2, "dist_ground": 0.2, "disturbance": 2, "abundance": 2, "memo": ""}}, {"type": "Feature", "geometry": {"type": "Point", "coordinates": [127.946411, 36.88796]}, "properties": {"id": "ES-128", "type": "배설물", "ws": "석문동천", "date": "2026-03-28", "width": 60, "depth": "1", "quality": "3", "dist_water": 1.0, "dist_ground": 0.3, "disturbance": 2, "abundance": 2, "memo": ""}}, {"type": "Feature", "geometry": {"type": "Point", "coordinates": [127.94645, 36.88811]}, "properties": {"id": "ES-129", "type": "배설물", "ws": "석문동천", "date": "2026-03-28", "width": 60, "depth": "1", "quality": "3", "dist_water": 1.0, "dist_ground": 0.3, "disturbance": 2, "abundance": 2, "memo": ""}}, {"type": "Feature", "geometry": {"type": "Point", "coordinates": [127.973118, 36.881656]}, "properties": {"id": "DH-74", "type": "배설물", "ws": "석문동천", "date": "2026-03-28", "width": 27, "depth": "1", "quality": "3", "dist_water": 0.4, "dist_ground": 0.3, "disturbance": 2, "abundance": 3, "memo": ""}}, {"type": "Feature", "geometry": {"type": "Point", "coordinates": [127.973148, 36.881658]}, "properties": {"id": "DH-75", "type": "배설물", "ws": "석문동천", "date": "2026-03-28", "width": 27, "depth": "1", "quality": "3", "dist_water": 0.4, "dist_ground": 0.3, "disturbance": 2, "abundance": 3, "memo": ""}}, {"type": "Feature", "geometry": {"type": "Point", "coordinates": [127.974894, 36.881609]}, "properties": {"id": "DH-76", "type": "배설물", "ws": "석문동천", "date": "2026-03-28", "width": 32, "depth": "1", "quality": "3", "dist_water": 0.4, "dist_ground": 0.5, "disturbance": 1, "abundance": 3, "memo": ""}}, {"type": "Feature", "geometry": {"type": "Point", "coordinates": [127.975114, 36.881502]}, "properties": {"id": "DH-77", "type": "배설물", "ws": "석문동천", "date": "2026-03-28", "width": 32, "depth": "1", "quality": "3", "dist_water": 0.4, "dist_ground": 0.5, "disturbance": 1, "abundance": 3, "memo": ""}}, {"type": "Feature", "geometry": {"type": "Point", "coordinates": [127.975197, 36.881507]}, "properties": {"id": "DH-78", "type": "배설물", "ws": "석문동천", "date": "2026-03-28", "width": 32, "depth": "1", "quality": "3", "dist_water": 0.4, "dist_ground": 0.5, "disturbance": 1, "abundance": 3, "memo": ""}}, {"type": "Feature", "geometry": {"type": "Point", "coordinates": [127.978252, 36.880755]}, "properties": {"id": "DH-79", "type": "배설물", "ws": "석문동천", "date": "2026-03-28", "width": 30, "depth": "1", "quality": "3", "dist_water": 0.3, "dist_ground": 0.3, "disturbance": 2, "abundance": 2, "memo": ""}}, {"type": "Feature", "geometry": {"type": "Point", "coordinates": [127.978323, 36.880749]}, "properties": {"id": "DH-80", "type": "발자국", "ws": "석문동천", "date": "2026-03-28", "width": 30, "depth": "1", "quality": "3", "dist_water": 0.3, "dist_ground": 0.3, "disturbance": 2, "abundance": 2, "memo": ""}}, {"type": "Feature", "geometry": {"type": "Point", "coordinates": [127.979053, 36.880535]}, "properties": {"id": "DH-81", "type": "배설물", "ws": "석문동천", "date": "2026-03-28", "width": 30, "depth": "1", "quality": "3", "dist_water": 0.3, "dist_ground": 0.3, "disturbance": 2, "abundance": 3, "memo": ""}}, {"type": "Feature", "geometry": {"type": "Point", "coordinates": [127.979093, 36.880526]}, "properties": {"id": "DH-82", "type": "배설물", "ws": "석문동천", "date": "2026-03-28", "width": 30, "depth": "1", "quality": "3", "dist_water": 0.3, "dist_ground": 0.3, "disturbance": 2, "abundance": 3, "memo": ""}}, {"type": "Feature", "geometry": {"type": "Point", "coordinates": [127.999657, 36.884746]}, "properties": {"id": "DH-88", "type": "배설물", "ws": "석문동천", "date": "2026-03-28", "width": 18, "depth": "1", "quality": "3", "dist_water": 0.3, "dist_ground": 0.3, "disturbance": 2, "abundance": 1, "memo": ""}}, {"type": "Feature", "geometry": {"type": "Point", "coordinates": [127.999709, 36.88475]}, "properties": {"id": "DH-89", "type": "배설물", "ws": "석문동천", "date": "2026-03-28", "width": 18, "depth": "1", "quality": "3", "dist_water": 0.3, "dist_ground": 0.3, "disturbance": 2, "abundance": 1, "memo": ""}}, {"type": "Feature", "geometry": {"type": "Point", "coordinates": [127.99966, 36.884807]}, "properties": {"id": "DH-90", "type": "배설물", "ws": "석문동천", "date": "2026-03-28", "width": 18, "depth": "1", "quality": "3", "dist_water": 0.3, "dist_ground": 0.3, "disturbance": 2, "abundance": 1, "memo": ""}}, {"type": "Feature", "geometry": {"type": "Point", "coordinates": [127.999647, 36.884839]}, "properties": {"id": "DH-91", "type": "배설물", "ws": "석문동천", "date": "2026-03-28", "width": 18, "depth": "1", "quality": "3", "dist_water": 0.3, "dist_ground": 0.3, "disturbance": 2, "abundance": 1, "memo": ""}}, {"type": "Feature", "geometry": {"type": "Point", "coordinates": [128.048194, 36.836831]}, "properties": {"id": "GT-02", "type": "배설물", "ws": "석문동천", "date": "2026-03-29", "width": 12, "depth": "1", "quality": "1", "dist_water": 0.5, "dist_ground": 1.0, "disturbance": 1, "abundance": 1, "memo": ""}}, {"type": "Feature", "geometry": {"type": "Point", "coordinates": [128.03739, 36.839662]}, "properties": {"id": "GT-08", "type": "배설물", "ws": "석문동천", "date": "2026-03-29", "width": 14, "depth": "1", "quality": "1", "dist_water": 0.2, "dist_ground": 0.5, "disturbance": 1, "abundance": 2, "memo": ""}}, {"type": "Feature", "geometry": {"type": "Point", "coordinates": [128.037386, 36.839666]}, "properties": {"id": "GT-09", "type": "배설물", "ws": "석문동천", "date": "2026-03-29", "width": 14, "depth": "1", "quality": "1", "dist_water": 0.2, "dist_ground": 0.5, "disturbance": 1, "abundance": 2, "memo": ""}}, {"type": "Feature", "geometry": {"type": "Point", "coordinates": [128.031463, 36.83972]}, "properties": {"id": "GT-12", "type": "배설물", "ws": "석문동천", "date": "2026-03-29", "width": 11, "depth": "1", "quality": "1", "dist_water": 0.1, "dist_ground": 0.2, "disturbance": 2, "abundance": 3, "memo": ""}}, {"type": "Feature", "geometry": {"type": "Point", "coordinates": [128.031463, 36.839715]}, "properties": {"id": "GT-13", "type": "배설물", "ws": "석문동천", "date": "2026-03-29", "width": 11, "depth": "1", "quality": "1", "dist_water": 0.1, "dist_ground": 0.2, "disturbance": 2, "abundance": 3, "memo": ""}}, {"type": "Feature", "geometry": {"type": "Point", "coordinates": [128.031412, 36.839633]}, "properties": {"id": "GT-14", "type": "배설물", "ws": "석문동천", "date": "2026-03-29", "width": 11, "depth": "1", "quality": "1", "dist_water": 0.1, "dist_ground": 0.2, "disturbance": 2, "abundance": 3, "memo": ""}}, {"type": "Feature", "geometry": {"type": "Point", "coordinates": [128.029487, 36.840306]}, "properties": {"id": "GT-15", "type": "배설물", "ws": "석문동천", "date": "2026-03-29", "width": 18, "depth": "1", "quality": "1", "dist_water": 0.2, "dist_ground": 0.2, "disturbance": 2, "abundance": 3, "memo": ""}}, {"type": "Feature", "geometry": {"type": "Point", "coordinates": [128.028974, 36.839931]}, "properties": {"id": "GT-16", "type": "배설물", "ws": "석문동천", "date": "2026-03-29", "width": 16, "depth": "1", "quality": "1", "dist_water": 0.2, "dist_ground": 0.3, "disturbance": 2, "abundance": 3, "memo": ""}}, {"type": "Feature", "geometry": {"type": "Point", "coordinates": [128.028976, 36.839938]}, "properties": {"id": "GT-17", "type": "배설물", "ws": "석문동천", "date": "2026-03-29", "width": 16, "depth": "1", "quality": "1", "dist_water": 0.2, "dist_ground": 0.3, "disturbance": 2, "abundance": 3, "memo": ""}}, {"type": "Feature", "geometry": {"type": "Point", "coordinates": [128.022972, 36.8392]}, "properties": {"id": "GT-18", "type": "배설물", "ws": "석문동천", "date": "2026-03-29", "width": 23, "depth": "1", "quality": "3", "dist_water": 0.2, "dist_ground": 0.3, "disturbance": 1, "abundance": 1, "memo": ""}}, {"type": "Feature", "geometry": {"type": "Point", "coordinates": [128.022771, 36.838896]}, "properties": {"id": "GT-19", "type": "배설물", "ws": "석문동천", "date": "2026-03-29", "width": 11, "depth": "1", "quality": "3", "dist_water": 0.3, "dist_ground": 0.5, "disturbance": 1, "abundance": 1, "memo": ""}}, {"type": "Feature", "geometry": {"type": "Point", "coordinates": [128.023086, 36.838695]}, "properties": {"id": "GT-20", "type": "배설물", "ws": "석문동천", "date": "2026-03-29", "width": 5, "depth": "1", "quality": "3", "dist_water": 0.1, "dist_ground": 0.2, "disturbance": 1, "abundance": 1, "memo": ""}}, {"type": "Feature", "geometry": {"type": "Point", "coordinates": [128.024129, 36.837802]}, "properties": {"id": "GT-21", "type": "배설물", "ws": "석문동천", "date": "2026-03-29", "width": 5, "depth": "1", "quality": "3", "dist_water": 0.3, "dist_ground": 0.5, "disturbance": 1, "abundance": 3, "memo": ""}}, {"type": "Feature", "geometry": {"type": "Point", "coordinates": [128.024106, 36.837788]}, "properties": {"id": "GT-22", "type": "배설물", "ws": "석문동천", "date": "2026-03-29", "width": 5, "depth": "1", "quality": "3", "dist_water": 0.3, "dist_ground": 0.5, "disturbance": 1, "abundance": 3, "memo": ""}}, {"type": "Feature", "geometry": {"type": "Point", "coordinates": [128.021546, 36.838975]}, "properties": {"id": "GT-25", "type": "배설물", "ws": "석문동천", "date": "2026-03-29", "width": 26, "depth": "1", "quality": "3", "dist_water": 0.2, "dist_ground": 0.2, "disturbance": 1, "abundance": 3, "memo": ""}}, {"type": "Feature", "geometry": {"type": "Point", "coordinates": [128.020709, 36.839067]}, "properties": {"id": "GT-26", "type": "배설물", "ws": "석문동천", "date": "2026-03-29", "width": 21, "depth": "1", "quality": "3", "dist_water": 0.2, "dist_ground": 0.3, "disturbance": 1, "abundance": 2, "memo": ""}}, {"type": "Feature", "geometry": {"type": "Point", "coordinates": [128.016307, 36.83921]}, "properties": {"id": "GT-27", "type": "배설물", "ws": "석문동천", "date": "2026-03-29", "width": 15, "depth": "1", "quality": "4", "dist_water": 0.2, "dist_ground": 0.2, "disturbance": 1, "abundance": 1, "memo": ""}}, {"type": "Feature", "geometry": {"type": "Point", "coordinates": [128.018405, 36.841382]}, "properties": {"id": "GT-28", "type": "배설물", "ws": "석문동천", "date": "2026-03-29", "width": 12, "depth": "1", "quality": "3", "dist_water": 0.5, "dist_ground": 0.5, "disturbance": 1, "abundance": 1, "memo": ""}}, {"type": "Feature", "geometry": {"type": "Point", "coordinates": [128.018728, 36.842404]}, "properties": {"id": "GT-29", "type": "배설물", "ws": "석문동천", "date": "2026-03-29", "width": 7, "depth": "1", "quality": "3", "dist_water": 0.3, "dist_ground": 0.2, "disturbance": 2, "abundance": 3, "memo": ""}}, {"type": "Feature", "geometry": {"type": "Point", "coordinates": [128.018697, 36.8424]}, "properties": {"id": "GT-30", "type": "배설물", "ws": "석문동천", "date": "2026-03-29", "width": 7, "depth": "1", "quality": "3", "dist_water": 0.3, "dist_ground": 0.2, "disturbance": 2, "abundance": 3, "memo": ""}}, {"type": "Feature", "geometry": {"type": "Point", "coordinates": [128.020336, 36.84482]}, "properties": {"id": "GT-31", "type": "배설물", "ws": "석문동천", "date": "2026-03-29", "width": 6, "depth": "1", "quality": "3", "dist_water": 0.2, "dist_ground": 0.5, "disturbance": 1, "abundance": 1, "memo": ""}}, {"type": "Feature", "geometry": {"type": "Point", "coordinates": [128.011793, 36.839749]}, "properties": {"id": "GT-35", "type": "배설물", "ws": "석문동천", "date": "2026-03-29", "width": 32, "depth": "1", "quality": "3", "dist_water": 0.1, "dist_ground": 0.2, "disturbance": 2, "abundance": 3, "memo": ""}}, {"type": "Feature", "geometry": {"type": "Point", "coordinates": [128.011532, 36.839755]}, "properties": {"id": "GT-36", "type": "배설물", "ws": "석문동천", "date": "2026-03-29", "width": 32, "depth": "1", "quality": "3", "dist_water": 0.1, "dist_ground": 0.2, "disturbance": 2, "abundance": 3, "memo": ""}}, {"type": "Feature", "geometry": {"type": "Point", "coordinates": [128.011349, 36.839787]}, "properties": {"id": "GT-37", "type": "배설물", "ws": "석문동천", "date": "2026-03-29", "width": 32, "depth": "1", "quality": "3", "dist_water": 0.1, "dist_ground": 0.2, "disturbance": 2, "abundance": 3, "memo": ""}}, {"type": "Feature", "geometry": {"type": "Point", "coordinates": [128.011105, 36.839699]}, "properties": {"id": "GT-38", "type": "배설물", "ws": "석문동천", "date": "2026-03-29", "width": 32, "depth": "1", "quality": "3", "dist_water": 0.1, "dist_ground": 0.2, "disturbance": 2, "abundance": 3, "memo": ""}}, {"type": "Feature", "geometry": {"type": "Point", "coordinates": [128.011016, 36.839767]}, "properties": {"id": "GT-39", "type": "배설물", "ws": "석문동천", "date": "2026-03-29", "width": 32, "depth": "1", "quality": "3", "dist_water": 0.1, "dist_ground": 0.2, "disturbance": 2, "abundance": 3, "memo": ""}}, {"type": "Feature", "geometry": {"type": "Point", "coordinates": [128.010598, 36.839566]}, "properties": {"id": "GT-40", "type": "배설물", "ws": "석문동천", "date": "2026-03-29", "width": 33, "depth": "1", "quality": "3", "dist_water": 0.2, "dist_ground": 0.3, "disturbance": 2, "abundance": 2, "memo": ""}}, {"type": "Feature", "geometry": {"type": "Point", "coordinates": [128.010567, 36.839554]}, "properties": {"id": "GT-41", "type": "배설물", "ws": "석문동천", "date": "2026-03-29", "width": 33, "depth": "1", "quality": "3", "dist_water": 0.2, "dist_ground": 0.3, "disturbance": 2, "abundance": 2, "memo": ""}}, {"type": "Feature", "geometry": {"type": "Point", "coordinates": [128.004979, 36.838279]}, "properties": {"id": "GT-43", "type": "배설물", "ws": "석문동천", "date": "2026-03-29", "width": 31, "depth": "1", "quality": "3", "dist_water": 0.3, "dist_ground": 0.3, "disturbance": 1, "abundance": 2, "memo": ""}}, {"type": "Feature", "geometry": {"type": "Point", "coordinates": [128.004951, 36.838183]}, "properties": {"id": "GT-44", "type": "배설물", "ws": "석문동천", "date": "2026-03-29", "width": 31, "depth": "1", "quality": "3", "dist_water": 0.3, "dist_ground": 0.3, "disturbance": 1, "abundance": 2, "memo": "비닐"}}, {"type": "Feature", "geometry": {"type": "Point", "coordinates": [128.004909, 36.838073]}, "properties": {"id": "GT-45", "type": "배설물", "ws": "석문동천", "date": "2026-03-29", "width": 31, "depth": "1", "quality": "3", "dist_water": 0.3, "dist_ground": 0.3, "disturbance": 1, "abundance": 2, "memo": ""}}, {"type": "Feature", "geometry": {"type": "Point", "coordinates": [128.003682, 36.838182]}, "properties": {"id": "GT-46", "type": "배설물", "ws": "석문동천", "date": "2026-03-29", "width": 25, "depth": "1", "quality": "3", "dist_water": 0.1, "dist_ground": 0.3, "disturbance": 1, "abundance": 2, "memo": ""}}, {"type": "Feature", "geometry": {"type": "Point", "coordinates": [128.000482, 36.838382]}, "properties": {"id": "GT-48", "type": "배설물", "ws": "석문동천", "date": "2026-03-29", "width": 63, "depth": "1", "quality": "3", "dist_water": 0.2, "dist_ground": 0.3, "disturbance": 1, "abundance": 2, "memo": ""}}, {"type": "Feature", "geometry": {"type": "Point", "coordinates": [128.000304, 36.838469]}, "properties": {"id": "GT-49", "type": "배설물", "ws": "석문동천", "date": "2026-03-29", "width": 63, "depth": "1", "quality": "3", "dist_water": 0.2, "dist_ground": 0.3, "disturbance": 1, "abundance": 2, "memo": ""}}, {"type": "Feature", "geometry": {"type": "Point", "coordinates": [127.999685, 36.838074]}, "properties": {"id": "GT-50", "type": "배설물", "ws": "석문동천", "date": "2026-03-29", "width": 29, "depth": "1", "quality": "3", "dist_water": 0.3, "dist_ground": 0.3, "disturbance": 1, "abundance": 2, "memo": ""}}, {"type": "Feature", "geometry": {"type": "Point", "coordinates": [127.999118, 36.837839]}, "properties": {"id": "GT-51", "type": "배설물", "ws": "석문동천", "date": "2026-03-29", "width": 29, "depth": "1", "quality": "3", "dist_water": 0.3, "dist_ground": 0.3, "disturbance": 1, "abundance": 2, "memo": ""}}, {"type": "Feature", "geometry": {"type": "Point", "coordinates": [127.999188, 36.837742]}, "properties": {"id": "GT-52", "type": "배설물", "ws": "석문동천", "date": "2026-03-29", "width": 29, "depth": "1", "quality": "3", "dist_water": 0.3, "dist_ground": 0.3, "disturbance": 1, "abundance": 2, "memo": ""}}, {"type": "Feature", "geometry": {"type": "Point", "coordinates": [128.001052, 36.832778]}, "properties": {"id": "GT-53", "type": "배설물", "ws": "석문동천", "date": "2026-03-29", "width": 12, "depth": "1", "quality": "3", "dist_water": 1.0, "dist_ground": 0.2, "disturbance": 2, "abundance": 1, "memo": ""}}, {"type": "Feature", "geometry": {"type": "Point", "coordinates": [128.001134, 36.832822]}, "properties": {"id": "GT-54", "type": "배설물", "ws": "석문동천", "date": "2026-03-29", "width": 12, "depth": "1", "quality": "3", "dist_water": 1.0, "dist_ground": 0.2, "disturbance": 2, "abundance": 1, "memo": ""}}, {"type": "Feature", "geometry": {"type": "Point", "coordinates": [128.003363, 36.829251]}, "properties": {"id": "GT-55", "type": "배설물", "ws": "석문동천", "date": "2026-03-29", "width": 19, "depth": "1", "quality": "4", "dist_water": 3.0, "dist_ground": 0.2, "disturbance": 2, "abundance": 1, "memo": ""}}, {"type": "Feature", "geometry": {"type": "Point", "coordinates": [128.003364, 36.829247]}, "properties": {"id": "GT-56", "type": "배설물", "ws": "석문동천", "date": "2026-03-29", "width": 19, "depth": "1", "quality": "4", "dist_water": 3.0, "dist_ground": 0.2, "disturbance": 2, "abundance": 1, "memo": ""}}, {"type": "Feature", "geometry": {"type": "Point", "coordinates": [128.00337, 36.829243]}, "properties": {"id": "GT-57", "type": "배설물", "ws": "석문동천", "date": "2026-03-29", "width": 19, "depth": "1", "quality": "4", "dist_water": 3.0, "dist_ground": 0.2, "disturbance": 2, "abundance": 1, "memo": ""}}, {"type": "Feature", "geometry": {"type": "Point", "coordinates": [128.004672, 36.826186]}, "properties": {"id": "GT-58", "type": "배설물", "ws": "석문동천", "date": "2026-03-29", "width": 11, "depth": "1", "quality": "4", "dist_water": 1.0, "dist_ground": 0.2, "disturbance": 1, "abundance": 1, "memo": ""}}, {"type": "Feature", "geometry": {"type": "Point", "coordinates": [128.00468, 36.826188]}, "properties": {"id": "GT-59", "type": "배설물", "ws": "석문동천", "date": "2026-03-29", "width": 11, "depth": "1", "quality": "4", "dist_water": 1.0, "dist_ground": 0.2, "disturbance": 1, "abundance": 1, "memo": ""}}, {"type": "Feature", "geometry": {"type": "Point", "coordinates": [128.004678, 36.826191]}, "properties": {"id": "GT-60", "type": "배설물", "ws": "석문동천", "date": "2026-03-29", "width": 11, "depth": "1", "quality": "4", "dist_water": 1.0, "dist_ground": 0.2, "disturbance": 1, "abundance": 1, "memo": ""}}, {"type": "Feature", "geometry": {"type": "Point", "coordinates": [128.004695, 36.826157]}, "properties": {"id": "GT-61", "type": "배설물", "ws": "석문동천", "date": "2026-03-29", "width": 11, "depth": "1", "quality": "4", "dist_water": 1.0, "dist_ground": 0.2, "disturbance": 1, "abundance": 1, "memo": ""}}, {"type": "Feature", "geometry": {"type": "Point", "coordinates": [128.004695, 36.826162]}, "properties": {"id": "GT-62", "type": "배설물", "ws": "석문동천", "date": "2026-03-29", "width": 11, "depth": "1", "quality": "4", "dist_water": 1.0, "dist_ground": 0.2, "disturbance": 1, "abundance": 1, "memo": ""}}, {"type": "Feature", "geometry": {"type": "Point", "coordinates": [128.004625, 36.825685]}, "properties": {"id": "GT-63", "type": "배설물", "ws": "석문동천", "date": "2026-03-29", "width": 15, "depth": "1", "quality": "4", "dist_water": 0.5, "dist_ground": 0.3, "disturbance": 2, "abundance": 3, "memo": ""}}, {"type": "Feature", "geometry": {"type": "Point", "coordinates": [128.004036, 36.824813]}, "properties": {"id": "GT-64", "type": "배설물", "ws": "석문동천", "date": "2026-03-29", "width": 5, "depth": "1", "quality": "4", "dist_water": 0.3, "dist_ground": 0.3, "disturbance": 1, "abundance": 1, "memo": ""}}, {"type": "Feature", "geometry": {"type": "Point", "coordinates": [128.00402, 36.824823]}, "properties": {"id": "GT-65", "type": "배설물", "ws": "석문동천", "date": "2026-03-29", "width": 5, "depth": "1", "quality": "4", "dist_water": 0.3, "dist_ground": 0.3, "disturbance": 1, "abundance": 1, "memo": ""}}, {"type": "Feature", "geometry": {"type": "Point", "coordinates": [128.004019, 36.824819]}, "properties": {"id": "GT-66", "type": "배설물", "ws": "석문동천", "date": "2026-03-29", "width": 5, "depth": "1", "quality": "4", "dist_water": 0.3, "dist_ground": 0.3, "disturbance": 1, "abundance": 1, "memo": ""}}, {"type": "Feature", "geometry": {"type": "Point", "coordinates": [128.004017, 36.824817]}, "properties": {"id": "GT-67", "type": "배설물", "ws": "석문동천", "date": "2026-03-29", "width": 5, "depth": "1", "quality": "4", "dist_water": 0.3, "dist_ground": 0.3, "disturbance": 1, "abundance": 1, "memo": ""}}, {"type": "Feature", "geometry": {"type": "Point", "coordinates": [128.004016, 36.824815]}, "properties": {"id": "GT-68", "type": "배설물", "ws": "석문동천", "date": "2026-03-29", "width": 5, "depth": "1", "quality": "4", "dist_water": 0.3, "dist_ground": 0.3, "disturbance": 1, "abundance": 1, "memo": ""}}, {"type": "Feature", "geometry": {"type": "Point", "coordinates": [128.004014, 36.824813]}, "properties": {"id": "GT-69", "type": "배설물", "ws": "석문동천", "date": "2026-03-29", "width": 5, "depth": "1", "quality": "4", "dist_water": 0.3, "dist_ground": 0.3, "disturbance": 1, "abundance": 1, "memo": ""}}, {"type": "Feature", "geometry": {"type": "Point", "coordinates": [128.003962, 36.824514]}, "properties": {"id": "GT-70", "type": "배설물", "ws": "석문동천", "date": "2026-03-29", "width": 4, "depth": "1", "quality": "4", "dist_water": 0.3, "dist_ground": 0.1, "disturbance": 1, "abundance": 1, "memo": ""}}, {"type": "Feature", "geometry": {"type": "Point", "coordinates": [128.00391, 36.82432]}, "properties": {"id": "GT-71", "type": "배설물", "ws": "석문동천", "date": "2026-03-29", "width": 4, "depth": "1", "quality": "4", "dist_water": 0.3, "dist_ground": 0.1, "disturbance": 1, "abundance": 1, "memo": ""}}, {"type": "Feature", "geometry": {"type": "Point", "coordinates": [128.003911, 36.824316]}, "properties": {"id": "GT-72", "type": "배설물", "ws": "석문동천", "date": "2026-03-29", "width": 4, "depth": "1", "quality": "4", "dist_water": 0.3, "dist_ground": 0.1, "disturbance": 1, "abundance": 1, "memo": ""}}, {"type": "Feature", "geometry": {"type": "Point", "coordinates": [128.003905, 36.824316]}, "properties": {"id": "GT-73", "type": "배설물", "ws": "석문동천", "date": "2026-03-29", "width": 4, "depth": "1", "quality": "4", "dist_water": 0.3, "dist_ground": 0.1, "disturbance": 1, "abundance": 1, "memo": ""}}, {"type": "Feature", "geometry": {"type": "Point", "coordinates": [128.0036, 36.824178]}, "properties": {"id": "GT-74", "type": "배설물", "ws": "석문동천", "date": "2026-03-29", "width": 7, "depth": "1", "quality": "3", "dist_water": 2.0, "dist_ground": 0.2, "disturbance": 1, "abundance": 1, "memo": ""}}, {"type": "Feature", "geometry": {"type": "Point", "coordinates": [128.001659, 36.823244]}, "properties": {"id": "GT-75", "type": "배설물", "ws": "석문동천", "date": "2026-03-29", "width": 5, "depth": "1", "quality": "3", "dist_water": 1.5, "dist_ground": 0.1, "disturbance": 2, "abundance": 3, "memo": ""}}, {"type": "Feature", "geometry": {"type": "Point", "coordinates": [128.000767, 36.822974]}, "properties": {"id": "GT-76", "type": "배설물", "ws": "석문동천", "date": "2026-03-29", "width": 5, "depth": "1", "quality": "3", "dist_water": 1.5, "dist_ground": 0.3, "disturbance": 1, "abundance": 2, "memo": ""}}, {"type": "Feature", "geometry": {"type": "Point", "coordinates": [128.000781, 36.822978]}, "properties": {"id": "GT-77", "type": "배설물", "ws": "석문동천", "date": "2026-03-29", "width": 5, "depth": "1", "quality": "3", "dist_water": 1.5, "dist_ground": 0.3, "disturbance": 1, "abundance": 2, "memo": ""}}, {"type": "Feature", "geometry": {"type": "Point", "coordinates": [128.000596, 36.822833]}, "properties": {"id": "GT-78", "type": "배설물", "ws": "석문동천", "date": "2026-03-29", "width": 4, "depth": "1", "quality": "3", "dist_water": 0.2, "dist_ground": 0.2, "disturbance": 1, "abundance": 2, "memo": ""}}, {"type": "Feature", "geometry": {"type": "Point", "coordinates": [128.004405, 36.820018]}, "properties": {"id": "GT-80", "type": "배설물", "ws": "석문동천", "date": "2026-03-29", "width": 6, "depth": "1", "quality": "3", "dist_water": 0.1, "dist_ground": 0.1, "disturbance": 2, "abundance": 1, "memo": ""}}, {"type": "Feature", "geometry": {"type": "Point", "coordinates": [128.008081, 36.817486]}, "properties": {"id": "GT-81", "type": "배설물", "ws": "석문동천", "date": "2026-03-29", "width": 9, "depth": "1", "quality": "3", "dist_water": 0.5, "dist_ground": 0.3, "disturbance": 1, "abundance": 1, "memo": ""}}, {"type": "Feature", "geometry": {"type": "Point", "coordinates": [128.0081, 36.817465]}, "properties": {"id": "GT-82", "type": "배설물", "ws": "석문동천", "date": "2026-03-29", "width": 9, "depth": "1", "quality": "3", "dist_water": 0.5, "dist_ground": 0.3, "disturbance": 1, "abundance": 1, "memo": ""}}, {"type": "Feature", "geometry": {"type": "Point", "coordinates": [128.006821, 36.818088]}, "properties": {"id": "GT-83", "type": "배설물", "ws": "석문동천", "date": "2026-03-29", "width": 7, "depth": "1", "quality": "3", "dist_water": 0.5, "dist_ground": 0.3, "disturbance": 1, "abundance": 1, "memo": ""}}, {"type": "Feature", "geometry": {"type": "Point", "coordinates": [128.006832, 36.818086]}, "properties": {"id": "GT-84", "type": "배설물", "ws": "석문동천", "date": "2026-03-29", "width": 7, "depth": "1", "quality": "3", "dist_water": 0.5, "dist_ground": 0.3, "disturbance": 1, "abundance": 1, "memo": ""}}, {"type": "Feature", "geometry": {"type": "Point", "coordinates": [127.882023, 37.008689]}, "properties": {"id": "GH-12", "type": "배설물", "ws": "충주조정지댐", "date": "2026-05-01", "width": 15, "depth": "1", "quality": "3", "dist_water": 2.0, "dist_ground": 1.0, "disturbance": 2, "abundance": 1, "memo": ""}}, {"type": "Feature", "geometry": {"type": "Point", "coordinates": [127.881952, 37.008711]}, "properties": {"id": "GH-11", "type": "배설물", "ws": "충주조정지댐", "date": "2026-05-01", "width": 15, "depth": "1", "quality": "3", "dist_water": 2.0, "dist_ground": 1.0, "disturbance": 2, "abundance": 1, "memo": ""}}, {"type": "Feature", "geometry": {"type": "Point", "coordinates": [127.879436, 37.009661]}, "properties": {"id": "GH-13", "type": "배설물", "ws": "충주조정지댐", "date": "2026-05-01", "width": 17, "depth": "1", "quality": "3", "dist_water": 0.1, "dist_ground": 0.3, "disturbance": 2, "abundance": 1, "memo": ""}}, {"type": "Feature", "geometry": {"type": "Point", "coordinates": [127.879441, 37.009651]}, "properties": {"id": "GH-14", "type": "배설물", "ws": "충주조정지댐", "date": "2026-05-01", "width": 17, "depth": "1", "quality": "3", "dist_water": 0.1, "dist_ground": 0.3, "disturbance": 2, "abundance": 1, "memo": ""}}, {"type": "Feature", "geometry": {"type": "Point", "coordinates": [127.879443, 37.009642]}, "properties": {"id": "GH-15", "type": "배설물", "ws": "충주조정지댐", "date": "2026-05-01", "width": 17, "depth": "1", "quality": "3", "dist_water": 0.1, "dist_ground": 0.3, "disturbance": 2, "abundance": 1, "memo": ""}}, {"type": "Feature", "geometry": {"type": "Point", "coordinates": [127.87944, 37.009624]}, "properties": {"id": "GH-16", "type": "배설물", "ws": "충주조정지댐", "date": "2026-05-01", "width": 17, "depth": "1", "quality": "3", "dist_water": 0.1, "dist_ground": 0.3, "disturbance": 2, "abundance": 1, "memo": ""}}, {"type": "Feature", "geometry": {"type": "Point", "coordinates": [127.879431, 37.009611]}, "properties": {"id": "GH-17", "type": "배설물", "ws": "충주조정지댐", "date": "2026-05-01", "width": 17, "depth": "1", "quality": "3", "dist_water": 0.1, "dist_ground": 0.3, "disturbance": 2, "abundance": 1, "memo": ""}}, {"type": "Feature", "geometry": {"type": "Point", "coordinates": [127.874535, 37.03382]}, "properties": {"id": "GH-20", "type": "발자국", "ws": "충주조정지댐", "date": "2026-05-01", "width": 11, "depth": "1", "quality": "3", "dist_water": 0.1, "dist_ground": 0.1, "disturbance": 2, "abundance": 1, "memo": ""}}, {"type": "Feature", "geometry": {"type": "Point", "coordinates": [127.862726, 37.024009]}, "properties": {"id": "GT-14", "type": "배설물", "ws": "충주조정지댐", "date": "2026-05-01", "width": 433, "depth": "5", "quality": "3", "dist_water": 0.3, "dist_ground": 0.2, "disturbance": 2, "abundance": 3, "memo": "조정장부표"}}, {"type": "Feature", "geometry": {"type": "Point", "coordinates": [127.862961, 37.02396]}, "properties": {"id": "GT-15", "type": "배설물", "ws": "충주조정지댐", "date": "2026-05-01", "width": 433, "depth": "5", "quality": "3", "dist_water": 0.3, "dist_ground": 0.2, "disturbance": 2, "abundance": 3, "memo": "조정장부표"}}, {"type": "Feature", "geometry": {"type": "Point", "coordinates": [127.863036, 37.023749]}, "properties": {"id": "GT-16", "type": "배설물", "ws": "충주조정지댐", "date": "2026-05-01", "width": 433, "depth": "5", "quality": "3", "dist_water": 0.3, "dist_ground": 0.2, "disturbance": 2, "abundance": 3, "memo": "조정장부표"}}, {"type": "Feature", "geometry": {"type": "Point", "coordinates": [127.863246, 37.023602]}, "properties": {"id": "GT-17", "type": "배설물", "ws": "충주조정지댐", "date": "2026-05-01", "width": 433, "depth": "5", "quality": "3", "dist_water": 0.3, "dist_ground": 0.2, "disturbance": 2, "abundance": 3, "memo": "조정장부표"}}, {"type": "Feature", "geometry": {"type": "Point", "coordinates": [127.863468, 37.023502]}, "properties": {"id": "GT-18", "type": "배설물", "ws": "충주조정지댐", "date": "2026-05-01", "width": 433, "depth": "5", "quality": "3", "dist_water": 0.3, "dist_ground": 0.2, "disturbance": 2, "abundance": 3, "memo": "조정장부표"}}, {"type": "Feature", "geometry": {"type": "Point", "coordinates": [127.869042, 37.011821]}, "properties": {"id": "GT-01", "type": "배설물", "ws": "충주조정지댐", "date": "2026-03-14", "width": 110, "depth": "1", "quality": "2", "dist_water": 0.5, "dist_ground": 0.5, "disturbance": 2, "abundance": 3, "memo": ""}}, {"type": "Feature", "geometry": {"type": "Point", "coordinates": [127.865338, 37.011759]}, "properties": {"id": "GT-03", "type": "배설물", "ws": "충주조정지댐", "date": "2026-03-14", "width": 1, "depth": "1", "quality": "3", "dist_water": 0.3, "dist_ground": 0.1, "disturbance": 2, "abundance": 3, "memo": ""}}, {"type": "Feature", "geometry": {"type": "Point", "coordinates": [127.863795, 37.011589]}, "properties": {"id": "GT-05", "type": "발자국", "ws": "충주조정지댐", "date": "2026-03-14", "width": 20, "depth": "1", "quality": "3", "dist_water": 2.0, "dist_ground": 0.1, "disturbance": 1, "abundance": 2, "memo": ""}}, {"type": "Feature", "geometry": {"type": "Point", "coordinates": [127.861935, 37.010615]}, "properties": {"id": "GT-07", "type": "배설물", "ws": "충주조정지댐", "date": "2026-03-14", "width": 5, "depth": "1", "quality": "3", "dist_water": 0.5, "dist_ground": 0.2, "disturbance": 1, "abundance": 2, "memo": "비닐"}}, {"type": "Feature", "geometry": {"type": "Point", "coordinates": [127.861676, 37.006557]}, "properties": {"id": "GT-10", "type": "배설물", "ws": "충주조정지댐", "date": "2026-03-14", "width": 5, "depth": "1", "quality": "3", "dist_water": 0.3, "dist_ground": 0.2, "disturbance": 2, "abundance": 1, "memo": ""}}, {"type": "Feature", "geometry": {"type": "Point", "coordinates": [127.860526, 37.005791]}, "properties": {"id": "GT-11", "type": "배설물", "ws": "충주조정지댐", "date": "2026-03-14", "width": 5, "depth": "1", "quality": "3", "dist_water": 0.5, "dist_ground": 0.5, "disturbance": 2, "abundance": 1, "memo": ""}}, {"type": "Feature", "geometry": {"type": "Point", "coordinates": [127.858802, 37.004148]}, "properties": {"id": "GT-14", "type": "배설물", "ws": "충주조정지댐", "date": "2026-03-14", "width": 5, "depth": "1", "quality": "3", "dist_water": 0.5, "dist_ground": 0.3, "disturbance": 1, "abundance": 1, "memo": ""}}, {"type": "Feature", "geometry": {"type": "Point", "coordinates": [127.858804, 37.004143]}, "properties": {"id": "GT-15", "type": "배설물", "ws": "충주조정지댐", "date": "2026-03-14", "width": 5, "depth": "1", "quality": "3", "dist_water": 0.5, "dist_ground": 0.3, "disturbance": 1, "abundance": 1, "memo": ""}}, {"type": "Feature", "geometry": {"type": "Point", "coordinates": [127.858186, 37.002678]}, "properties": {"id": "GT-17", "type": "배설물", "ws": "충주조정지댐", "date": "2026-03-14", "width": 5, "depth": "1", "quality": "3", "dist_water": 1.0, "dist_ground": 0.3, "disturbance": 1, "abundance": 1, "memo": ""}}, {"type": "Feature", "geometry": {"type": "Point", "coordinates": [127.846943, 37.019668]}, "properties": {"id": "GT-56", "type": "배설물", "ws": "충주조정지댐", "date": "2026-03-14", "width": 14, "depth": "1", "quality": "3", "dist_water": 0.2, "dist_ground": 0.1, "disturbance": 2, "abundance": 2, "memo": ""}}, {"type": "Feature", "geometry": {"type": "Point", "coordinates": [127.845279, 37.019847]}, "properties": {"id": "GT-57", "type": "배설물", "ws": "충주조정지댐", "date": "2026-03-14", "width": 14, "depth": "1", "quality": "3", "dist_water": 0.3, "dist_ground": 0.2, "disturbance": 2, "abundance": 2, "memo": ""}}, {"type": "Feature", "geometry": {"type": "Point", "coordinates": [127.845283, 37.01984]}, "properties": {"id": "GT-58", "type": "배설물", "ws": "충주조정지댐", "date": "2026-03-14", "width": 14, "depth": "1", "quality": "3", "dist_water": 0.3, "dist_ground": 0.2, "disturbance": 2, "abundance": 2, "memo": ""}}, {"type": "Feature", "geometry": {"type": "Point", "coordinates": [127.841965, 37.00901]}, "properties": {"id": "GT-61", "type": "배설물", "ws": "충주조정지댐", "date": "2026-03-14", "width": 12, "depth": "1", "quality": "3", "dist_water": 2.0, "dist_ground": 0.2, "disturbance": 1, "abundance": 1, "memo": ""}}, {"type": "Feature", "geometry": {"type": "Point", "coordinates": [127.841961, 37.009017]}, "properties": {"id": "GT-62", "type": "배설물", "ws": "충주조정지댐", "date": "2026-03-14", "width": 12, "depth": "1", "quality": "3", "dist_water": 2.0, "dist_ground": 0.2, "disturbance": 1, "abundance": 1, "memo": ""}}, {"type": "Feature", "geometry": {"type": "Point", "coordinates": [127.841711, 37.008971]}, "properties": {"id": "GT-63", "type": "배설물", "ws": "충주조정지댐", "date": "2026-03-14", "width": 3, "depth": "1", "quality": "3", "dist_water": 0.5, "dist_ground": 0.1, "disturbance": 1, "abundance": 1, "memo": ""}}, {"type": "Feature", "geometry": {"type": "Point", "coordinates": [127.841087, 37.008958]}, "properties": {"id": "GT-64", "type": "발자국", "ws": "충주조정지댐", "date": "2026-03-14", "width": 3, "depth": "1", "quality": "3", "dist_water": 0.5, "dist_ground": 0.1, "disturbance": 1, "abundance": 1, "memo": ""}}, {"type": "Feature", "geometry": {"type": "Point", "coordinates": [127.838734, 37.005761]}, "properties": {"id": "GT-65", "type": "배설물", "ws": "충주조정지댐", "date": "2026-03-14", "width": 8, "depth": "1", "quality": "3", "dist_water": 0.5, "dist_ground": 0.3, "disturbance": 1, "abundance": 1, "memo": ""}}, {"type": "Feature", "geometry": {"type": "Point", "coordinates": [127.819972, 37.03784]}, "properties": {"id": "DH-01", "type": "배설물", "ws": "충주조정지댐", "date": "2026-03-14", "width": 12, "depth": "1", "quality": "4", "dist_water": 1.0, "dist_ground": 3.0, "disturbance": 5, "abundance": 1, "memo": ""}}, {"type": "Feature", "geometry": {"type": "Point", "coordinates": [127.819989, 37.037842]}, "properties": {"id": "DH-02", "type": "배설물", "ws": "충주조정지댐", "date": "2026-03-14", "width": 12, "depth": "1", "quality": "4", "dist_water": 1.0, "dist_ground": 3.0, "disturbance": 5, "abundance": 1, "memo": ""}}, {"type": "Feature", "geometry": {"type": "Point", "coordinates": [127.819944, 37.037787]}, "properties": {"id": "DH-03", "type": "발자국", "ws": "충주조정지댐", "date": "2026-03-14", "width": 12, "depth": "1", "quality": "4", "dist_water": 1.0, "dist_ground": 3.0, "disturbance": 5, "abundance": 1, "memo": ""}}, {"type": "Feature", "geometry": {"type": "Point", "coordinates": [127.824183, 37.035689]}, "properties": {"id": "DH-04", "type": "배설물", "ws": "충주조정지댐", "date": "2026-03-14", "width": 14, "depth": "1", "quality": "4", "dist_water": 0.5, "dist_ground": 4.0, "disturbance": 3, "abundance": 1, "memo": ""}}, {"type": "Feature", "geometry": {"type": "Point", "coordinates": [127.8242, 37.035754]}, "properties": {"id": "DH-05", "type": "배설물", "ws": "충주조정지댐", "date": "2026-03-14", "width": 14, "depth": "1", "quality": "4", "dist_water": 0.5, "dist_ground": 4.0, "disturbance": 3, "abundance": 1, "memo": ""}}, {"type": "Feature", "geometry": {"type": "Point", "coordinates": [127.824213, 37.035753]}, "properties": {"id": "DH-06", "type": "배설물", "ws": "충주조정지댐", "date": "2026-03-14", "width": 14, "depth": "1", "quality": "4", "dist_water": 0.5, "dist_ground": 4.0, "disturbance": 3, "abundance": 1, "memo": ""}}, {"type": "Feature", "geometry": {"type": "Point", "coordinates": [127.828599, 37.034041]}, "properties": {"id": "DH-07", "type": "배설물", "ws": "충주조정지댐", "date": "2026-03-14", "width": 15, "depth": "1", "quality": "4", "dist_water": 0.5, "dist_ground": 3.0, "disturbance": 5, "abundance": 1, "memo": ""}}, {"type": "Feature", "geometry": {"type": "Point", "coordinates": [127.828603, 37.034128]}, "properties": {"id": "DH-08", "type": "발자국", "ws": "충주조정지댐", "date": "2026-03-14", "width": 15, "depth": "1", "quality": "4", "dist_water": 0.5, "dist_ground": 3.0, "disturbance": 5, "abundance": 1, "memo": ""}}, {"type": "Feature", "geometry": {"type": "Point", "coordinates": [127.828683, 37.034229]}, "properties": {"id": "DH-09", "type": "배설물", "ws": "충주조정지댐", "date": "2026-03-14", "width": 8, "depth": "1", "quality": "4", "dist_water": 0.3, "dist_ground": 1.5, "disturbance": 5, "abundance": 2, "memo": ""}}, {"type": "Feature", "geometry": {"type": "Point", "coordinates": [127.828683, 37.034239]}, "properties": {"id": "DH-10", "type": "배설물", "ws": "충주조정지댐", "date": "2026-03-14", "width": 8, "depth": "1", "quality": "4", "dist_water": 0.3, "dist_ground": 1.5, "disturbance": 5, "abundance": 2, "memo": ""}}, {"type": "Feature", "geometry": {"type": "Point", "coordinates": [127.828681, 37.034246]}, "properties": {"id": "DH-11", "type": "배설물", "ws": "충주조정지댐", "date": "2026-03-14", "width": 8, "depth": "1", "quality": "4", "dist_water": 0.3, "dist_ground": 1.5, "disturbance": 5, "abundance": 2, "memo": ""}}, {"type": "Feature", "geometry": {"type": "Point", "coordinates": [127.828683, 37.034255]}, "properties": {"id": "DH-12", "type": "배설물", "ws": "충주조정지댐", "date": "2026-03-14", "width": 8, "depth": "1", "quality": "4", "dist_water": 0.3, "dist_ground": 1.5, "disturbance": 5, "abundance": 2, "memo": ""}}, {"type": "Feature", "geometry": {"type": "Point", "coordinates": [127.828678, 37.034258]}, "properties": {"id": "DH-13", "type": "배설물", "ws": "충주조정지댐", "date": "2026-03-14", "width": 8, "depth": "1", "quality": "4", "dist_water": 0.3, "dist_ground": 1.5, "disturbance": 5, "abundance": 2, "memo": ""}}, {"type": "Feature", "geometry": {"type": "Point", "coordinates": [127.828681, 37.034262]}, "properties": {"id": "DH-14", "type": "배설물", "ws": "충주조정지댐", "date": "2026-03-14", "width": 8, "depth": "1", "quality": "4", "dist_water": 0.3, "dist_ground": 1.5, "disturbance": 5, "abundance": 2, "memo": ""}}, {"type": "Feature", "geometry": {"type": "Point", "coordinates": [127.828683, 37.034267]}, "properties": {"id": "DH-15", "type": "배설물", "ws": "충주조정지댐", "date": "2026-03-14", "width": 8, "depth": "1", "quality": "4", "dist_water": 0.3, "dist_ground": 1.5, "disturbance": 5, "abundance": 2, "memo": ""}}, {"type": "Feature", "geometry": {"type": "Point", "coordinates": [127.828678, 37.034271]}, "properties": {"id": "DH-16", "type": "배설물", "ws": "충주조정지댐", "date": "2026-03-14", "width": 8, "depth": "1", "quality": "4", "dist_water": 0.3, "dist_ground": 1.5, "disturbance": 5, "abundance": 2, "memo": ""}}, {"type": "Feature", "geometry": {"type": "Point", "coordinates": [127.828683, 37.034272]}, "properties": {"id": "DH-17", "type": "배설물", "ws": "충주조정지댐", "date": "2026-03-14", "width": 8, "depth": "1", "quality": "4", "dist_water": 0.3, "dist_ground": 1.5, "disturbance": 5, "abundance": 2, "memo": ""}}, {"type": "Feature", "geometry": {"type": "Point", "coordinates": [127.828679, 37.034267]}, "properties": {"id": "DH-18", "type": "배설물", "ws": "충주조정지댐", "date": "2026-03-14", "width": 8, "depth": "1", "quality": "4", "dist_water": 0.3, "dist_ground": 1.5, "disturbance": 5, "abundance": 2, "memo": ""}}, {"type": "Feature", "geometry": {"type": "Point", "coordinates": [127.828681, 37.034275]}, "properties": {"id": "DH-19", "type": "배설물", "ws": "충주조정지댐", "date": "2026-03-14", "width": 8, "depth": "1", "quality": "4", "dist_water": 0.3, "dist_ground": 1.5, "disturbance": 5, "abundance": 2, "memo": ""}}, {"type": "Feature", "geometry": {"type": "Point", "coordinates": [127.828679, 37.034279]}, "properties": {"id": "DH-20", "type": "배설물", "ws": "충주조정지댐", "date": "2026-03-14", "width": 8, "depth": "1", "quality": "4", "dist_water": 0.3, "dist_ground": 1.5, "disturbance": 5, "abundance": 2, "memo": ""}}, {"type": "Feature", "geometry": {"type": "Point", "coordinates": [127.836133, 37.033858]}, "properties": {"id": "DH-21", "type": "배설물", "ws": "충주조정지댐", "date": "2026-03-14", "width": 24, "depth": "2", "quality": "4", "dist_water": 2.0, "dist_ground": 2.5, "disturbance": 5, "abundance": 1, "memo": ""}}, {"type": "Feature", "geometry": {"type": "Point", "coordinates": [127.836127, 37.033881]}, "properties": {"id": "DH-22", "type": "배설물", "ws": "충주조정지댐", "date": "2026-03-14", "width": 24, "depth": "2", "quality": "4", "dist_water": 2.0, "dist_ground": 2.5, "disturbance": 5, "abundance": 1, "memo": ""}}, {"type": "Feature", "geometry": {"type": "Point", "coordinates": [127.838103, 37.033516]}, "properties": {"id": "GT-27", "type": "배설물", "ws": "충주조정지댐", "date": "2026-03-14", "width": 20, "depth": "1", "quality": "3", "dist_water": 2.0, "dist_ground": 0.1, "disturbance": 5, "abundance": 1, "memo": "공사"}}, {"type": "Feature", "geometry": {"type": "Point", "coordinates": [127.838071, 37.033479]}, "properties": {"id": "GT-28", "type": "배설물", "ws": "충주조정지댐", "date": "2026-03-14", "width": 20, "depth": "1", "quality": "3", "dist_water": 2.0, "dist_ground": 0.1, "disturbance": 5, "abundance": 1, "memo": "공사"}}, {"type": "Feature", "geometry": {"type": "Point", "coordinates": [127.838, 37.033517]}, "properties": {"id": "GT-29", "type": "배설물", "ws": "충주조정지댐", "date": "2026-03-14", "width": 20, "depth": "1", "quality": "3", "dist_water": 2.0, "dist_ground": 0.1, "disturbance": 5, "abundance": 1, "memo": "공사"}}, {"type": "Feature", "geometry": {"type": "Point", "coordinates": [127.837989, 37.033471]}, "properties": {"id": "GT-30", "type": "배설물", "ws": "충주조정지댐", "date": "2026-03-14", "width": 20, "depth": "1", "quality": "3", "dist_water": 2.0, "dist_ground": 0.1, "disturbance": 5, "abundance": 1, "memo": "공사"}}, {"type": "Feature", "geometry": {"type": "Point", "coordinates": [127.83719, 37.032344]}, "properties": {"id": "GT-31", "type": "배설물", "ws": "충주조정지댐", "date": "2026-03-14", "width": 6, "depth": "1", "quality": "3", "dist_water": 0.3, "dist_ground": 0.5, "disturbance": 2, "abundance": 1, "memo": ""}}, {"type": "Feature", "geometry": {"type": "Point", "coordinates": [127.837225, 37.032332]}, "properties": {"id": "GT-32", "type": "배설물", "ws": "충주조정지댐", "date": "2026-03-14", "width": 6, "depth": "1", "quality": "3", "dist_water": 0.3, "dist_ground": 0.5, "disturbance": 2, "abundance": 1, "memo": ""}}, {"type": "Feature", "geometry": {"type": "Point", "coordinates": [127.836488, 37.032]}, "properties": {"id": "GT-33", "type": "배설물", "ws": "충주조정지댐", "date": "2026-03-14", "width": 12, "depth": "1", "quality": "3", "dist_water": 0.5, "dist_ground": 0.1, "disturbance": 2, "abundance": 1, "memo": ""}}, {"type": "Feature", "geometry": {"type": "Point", "coordinates": [127.842665, 37.030945]}, "properties": {"id": "GT-35", "type": "배설물", "ws": "충주조정지댐", "date": "2026-03-14", "width": 30, "depth": "1", "quality": "4", "dist_water": 1.0, "dist_ground": 0.1, "disturbance": 5, "abundance": 2, "memo": "공사"}}, {"type": "Feature", "geometry": {"type": "Point", "coordinates": [127.842688, 37.030939]}, "properties": {"id": "GT-36", "type": "배설물", "ws": "충주조정지댐", "date": "2026-03-14", "width": 30, "depth": "1", "quality": "4", "dist_water": 1.0, "dist_ground": 0.1, "disturbance": 5, "abundance": 2, "memo": "공사"}}, {"type": "Feature", "geometry": {"type": "Point", "coordinates": [127.842676, 37.030946]}, "properties": {"id": "GT-37", "type": "배설물", "ws": "충주조정지댐", "date": "2026-03-14", "width": 30, "depth": "1", "quality": "4", "dist_water": 1.0, "dist_ground": 0.1, "disturbance": 5, "abundance": 2, "memo": "공사"}}, {"type": "Feature", "geometry": {"type": "Point", "coordinates": [127.842672, 37.030939]}, "properties": {"id": "GT-38", "type": "배설물", "ws": "충주조정지댐", "date": "2026-03-14", "width": 30, "depth": "1", "quality": "4", "dist_water": 1.0, "dist_ground": 0.1, "disturbance": 5, "abundance": 2, "memo": "공사"}}, {"type": "Feature", "geometry": {"type": "Point", "coordinates": [127.845374, 37.032659]}, "properties": {"id": "GT-40", "type": "배설물", "ws": "충주조정지댐", "date": "2026-03-14", "width": 15, "depth": "1", "quality": "3", "dist_water": 0.3, "dist_ground": 0.2, "disturbance": 2, "abundance": 1, "memo": ""}}, {"type": "Feature", "geometry": {"type": "Point", "coordinates": [127.845305, 37.033714]}, "properties": {"id": "GT-42", "type": "배설물", "ws": "충주조정지댐", "date": "2026-03-14", "width": 10, "depth": "1", "quality": "3", "dist_water": 0.1, "dist_ground": 0.2, "disturbance": 2, "abundance": 1, "memo": ""}}, {"type": "Feature", "geometry": {"type": "Point", "coordinates": [127.845376, 37.034498]}, "properties": {"id": "GT-43", "type": "발자국", "ws": "충주조정지댐", "date": "2026-03-14", "width": 8, "depth": "1", "quality": "3", "dist_water": 2.0, "dist_ground": 0.0, "disturbance": 2, "abundance": 1, "memo": ""}}, {"type": "Feature", "geometry": {"type": "Point", "coordinates": [127.845075, 37.035219]}, "properties": {"id": "GT-44", "type": "배설물", "ws": "충주조정지댐", "date": "2026-03-14", "width": 8, "depth": "1", "quality": "3", "dist_water": 1.0, "dist_ground": 0.5, "disturbance": 2, "abundance": 1, "memo": ""}}, {"type": "Feature", "geometry": {"type": "Point", "coordinates": [127.845373, 37.036594]}, "properties": {"id": "GT-45", "type": "배설물", "ws": "충주조정지댐", "date": "2026-03-14", "width": 15, "depth": "1", "quality": "3", "dist_water": 2.0, "dist_ground": 0.1, "disturbance": 1, "abundance": 1, "memo": ""}}, {"type": "Feature", "geometry": {"type": "Point", "coordinates": [127.845023, 37.026001]}, "properties": {"id": "GT-46", "type": "배설물", "ws": "충주조정지댐", "date": "2026-03-14", "width": 30, "depth": "1", "quality": "3", "dist_water": 10.0, "dist_ground": 5.0, "disturbance": 5, "abundance": 2, "memo": "공사"}}, {"type": "Feature", "geometry": {"type": "Point", "coordinates": [127.851288, 37.021531]}, "properties": {"id": "GT-52", "type": "배설물", "ws": "충주조정지댐", "date": "2026-03-14", "width": 10, "depth": "1", "quality": "3", "dist_water": 0.5, "dist_ground": 0.1, "disturbance": 2, "abundance": 2, "memo": ""}}, {"type": "Feature", "geometry": {"type": "Point", "coordinates": [127.85068, 37.020707]}, "properties": {"id": "GT-54", "type": "배설물", "ws": "충주조정지댐", "date": "2026-03-14", "width": 30, "depth": "1", "quality": "3", "dist_water": 0.1, "dist_ground": 0.3, "disturbance": 2, "abundance": 2, "memo": ""}}, {"type": "Feature", "geometry": {"type": "Point", "coordinates": [127.850611, 37.020754]}, "properties": {"id": "GT-55", "type": "배설물", "ws": "충주조정지댐", "date": "2026-03-14", "width": 30, "depth": "1", "quality": "3", "dist_water": 0.1, "dist_ground": 0.3, "disturbance": 2, "abundance": 2, "memo": ""}}, {"type": "Feature", "geometry": {"type": "Point", "coordinates": [127.848533, 37.018679]}, "properties": {"id": "DH-23", "type": "배설물", "ws": "충주조정지댐", "date": "2026-03-14", "width": 14, "depth": "1", "quality": "4", "dist_water": 0.9, "dist_ground": 0.8, "disturbance": 2, "abundance": 1, "memo": ""}}, {"type": "Feature", "geometry": {"type": "Point", "coordinates": [127.845195, 37.014866]}, "properties": {"id": "DH-25", "type": "배설물", "ws": "충주조정지댐", "date": "2026-03-14", "width": 17, "depth": "1", "quality": "3", "dist_water": 3.0, "dist_ground": 3.0, "disturbance": 2, "abundance": 1, "memo": ""}}, {"type": "Feature", "geometry": {"type": "Point", "coordinates": [127.845059, 37.014894]}, "properties": {"id": "DH-26", "type": "배설물", "ws": "충주조정지댐", "date": "2026-03-14", "width": 17, "depth": "1", "quality": "3", "dist_water": 3.0, "dist_ground": 3.0, "disturbance": 2, "abundance": 1, "memo": ""}}, {"type": "Feature", "geometry": {"type": "Point", "coordinates": [127.8433, 37.012867]}, "properties": {"id": "DH-27", "type": "배설물", "ws": "충주조정지댐", "date": "2026-03-14", "width": 11, "depth": "1", "quality": "4", "dist_water": 0.5, "dist_ground": 0.7, "disturbance": 1, "abundance": 1, "memo": ""}}, {"type": "Feature", "geometry": {"type": "Point", "coordinates": [127.843307, 37.012862]}, "properties": {"id": "DH-28", "type": "배설물", "ws": "충주조정지댐", "date": "2026-03-14", "width": 11, "depth": "1", "quality": "4", "dist_water": 0.5, "dist_ground": 0.7, "disturbance": 1, "abundance": 1, "memo": ""}}, {"type": "Feature", "geometry": {"type": "Point", "coordinates": [127.810749, 37.110723]}, "properties": {"id": "GH-34", "type": "배설물", "ws": "운계천합류전", "date": "2026-05-01", "width": 75, "depth": "3", "quality": "3", "dist_water": 0.3, "dist_ground": 0.1, "disturbance": 2, "abundance": 3, "memo": ""}}, {"type": "Feature", "geometry": {"type": "Point", "coordinates": [127.789432, 37.142602]}, "properties": {"id": "GT-24", "type": "배설물", "ws": "운계천합류전", "date": "2026-05-01", "width": 500, "depth": "5", "quality": "3", "dist_water": 0.5, "dist_ground": 0.1, "disturbance": 2, "abundance": 3, "memo": ""}}, {"type": "Feature", "geometry": {"type": "Point", "coordinates": [127.789425, 37.142602]}, "properties": {"id": "GT-25", "type": "배설물", "ws": "운계천합류전", "date": "2026-05-01", "width": 500, "depth": "5", "quality": "3", "dist_water": 0.5, "dist_ground": 0.1, "disturbance": 2, "abundance": 3, "memo": ""}}, {"type": "Feature", "geometry": {"type": "Point", "coordinates": [127.793032, 37.134632]}, "properties": {"id": "GT-26", "type": "배설물", "ws": "운계천합류전", "date": "2026-05-01", "width": 371, "depth": "5", "quality": "3", "dist_water": 1.0, "dist_ground": 0.3, "disturbance": 2, "abundance": 3, "memo": ""}}, {"type": "Feature", "geometry": {"type": "Point", "coordinates": [127.793036, 37.134633]}, "properties": {"id": "GT-27", "type": "배설물", "ws": "운계천합류전", "date": "2026-05-01", "width": 371, "depth": "5", "quality": "3", "dist_water": 1.0, "dist_ground": 0.3, "disturbance": 2, "abundance": 3, "memo": ""}}, {"type": "Feature", "geometry": {"type": "Point", "coordinates": [127.793041, 37.13464]}, "properties": {"id": "GT-28", "type": "배설물", "ws": "운계천합류전", "date": "2026-05-01", "width": 371, "depth": "5", "quality": "3", "dist_water": 1.0, "dist_ground": 0.3, "disturbance": 2, "abundance": 3, "memo": ""}}, {"type": "Feature", "geometry": {"type": "Point", "coordinates": [127.793039, 37.134646]}, "properties": {"id": "GT-29", "type": "배설물", "ws": "운계천합류전", "date": "2026-05-01", "width": 371, "depth": "5", "quality": "3", "dist_water": 1.0, "dist_ground": 0.3, "disturbance": 2, "abundance": 3, "memo": ""}}, {"type": "Feature", "geometry": {"type": "Point", "coordinates": [127.793032, 37.134645]}, "properties": {"id": "GT-30", "type": "배설물", "ws": "운계천합류전", "date": "2026-05-01", "width": 371, "depth": "5", "quality": "3", "dist_water": 1.0, "dist_ground": 0.3, "disturbance": 2, "abundance": 3, "memo": ""}}, {"type": "Feature", "geometry": {"type": "Point", "coordinates": [127.793027, 37.134641]}, "properties": {"id": "GT-31", "type": "배설물", "ws": "운계천합류전", "date": "2026-05-01", "width": 371, "depth": "5", "quality": "3", "dist_water": 1.0, "dist_ground": 0.3, "disturbance": 2, "abundance": 3, "memo": ""}}, {"type": "Feature", "geometry": {"type": "Point", "coordinates": [127.793026, 37.134638]}, "properties": {"id": "GT-32", "type": "배설물", "ws": "운계천합류전", "date": "2026-05-01", "width": 371, "depth": "5", "quality": "3", "dist_water": 1.0, "dist_ground": 0.3, "disturbance": 2, "abundance": 3, "memo": ""}}, {"type": "Feature", "geometry": {"type": "Point", "coordinates": [127.793027, 37.134635]}, "properties": {"id": "GT-33", "type": "배설물", "ws": "운계천합류전", "date": "2026-05-01", "width": 371, "depth": "5", "quality": "3", "dist_water": 1.0, "dist_ground": 0.3, "disturbance": 2, "abundance": 3, "memo": ""}}, {"type": "Feature", "geometry": {"type": "Point", "coordinates": [127.793023, 37.134644]}, "properties": {"id": "GT-34", "type": "배설물", "ws": "운계천합류전", "date": "2026-05-01", "width": 371, "depth": "5", "quality": "3", "dist_water": 1.0, "dist_ground": 0.3, "disturbance": 2, "abundance": 3, "memo": ""}}, {"type": "Feature", "geometry": {"type": "Point", "coordinates": [127.793031, 37.13465]}, "properties": {"id": "GT-35", "type": "배설물", "ws": "운계천합류전", "date": "2026-05-01", "width": 371, "depth": "5", "quality": "3", "dist_water": 1.0, "dist_ground": 0.3, "disturbance": 2, "abundance": 3, "memo": ""}}, {"type": "Feature", "geometry": {"type": "Point", "coordinates": [127.793033, 37.134652]}, "properties": {"id": "GT-36", "type": "배설물", "ws": "운계천합류전", "date": "2026-05-01", "width": 371, "depth": "5", "quality": "3", "dist_water": 1.0, "dist_ground": 0.3, "disturbance": 2, "abundance": 3, "memo": ""}}, {"type": "Feature", "geometry": {"type": "Point", "coordinates": [127.797068, 37.129651]}, "properties": {"id": "GT-37", "type": "배설물", "ws": "운계천합류전", "date": "2026-05-01", "width": 387, "depth": "5", "quality": "3", "dist_water": 0.5, "dist_ground": 0.3, "disturbance": 2, "abundance": 3, "memo": ""}}, {"type": "Feature", "geometry": {"type": "Point", "coordinates": [127.798979, 37.126106]}, "properties": {"id": "GT-38", "type": "배설물", "ws": "운계천합류전", "date": "2026-05-01", "width": 357, "depth": "5", "quality": "3", "dist_water": 0.4, "dist_ground": 0.0, "disturbance": 2, "abundance": 3, "memo": ""}}, {"type": "Feature", "geometry": {"type": "Point", "coordinates": [127.811084, 37.115629]}, "properties": {"id": "GT-39", "type": "배설물", "ws": "운계천합류전", "date": "2026-05-01", "width": 196, "depth": "5", "quality": "3", "dist_water": 2.0, "dist_ground": 0.2, "disturbance": 2, "abundance": 3, "memo": ""}}, {"type": "Feature", "geometry": {"type": "Point", "coordinates": [127.811073, 37.115624]}, "properties": {"id": "GT-40", "type": "배설물", "ws": "운계천합류전", "date": "2026-05-01", "width": 196, "depth": "5", "quality": "3", "dist_water": 2.0, "dist_ground": 0.2, "disturbance": 2, "abundance": 3, "memo": ""}}, {"type": "Feature", "geometry": {"type": "Point", "coordinates": [127.811068, 37.115619]}, "properties": {"id": "GT-41", "type": "배설물", "ws": "운계천합류전", "date": "2026-05-01", "width": 196, "depth": "5", "quality": "3", "dist_water": 2.0, "dist_ground": 0.2, "disturbance": 2, "abundance": 3, "memo": ""}}, {"type": "Feature", "geometry": {"type": "Point", "coordinates": [127.811063, 37.115622]}, "properties": {"id": "GT-42", "type": "배설물", "ws": "운계천합류전", "date": "2026-05-01", "width": 196, "depth": "5", "quality": "3", "dist_water": 2.0, "dist_ground": 0.2, "disturbance": 2, "abundance": 3, "memo": ""}}, {"type": "Feature", "geometry": {"type": "Point", "coordinates": [127.811059, 37.115618]}, "properties": {"id": "GT-43", "type": "배설물", "ws": "운계천합류전", "date": "2026-05-01", "width": 196, "depth": "5", "quality": "3", "dist_water": 2.0, "dist_ground": 0.2, "disturbance": 2, "abundance": 3, "memo": ""}}, {"type": "Feature", "geometry": {"type": "Point", "coordinates": [127.811055, 37.115622]}, "properties": {"id": "GT-44", "type": "배설물", "ws": "운계천합류전", "date": "2026-05-01", "width": 196, "depth": "5", "quality": "3", "dist_water": 2.0, "dist_ground": 0.2, "disturbance": 2, "abundance": 3, "memo": ""}}, {"type": "Feature", "geometry": {"type": "Point", "coordinates": [127.811051, 37.11562]}, "properties": {"id": "GT-45", "type": "배설물", "ws": "운계천합류전", "date": "2026-05-01", "width": 196, "depth": "5", "quality": "3", "dist_water": 2.0, "dist_ground": 0.2, "disturbance": 2, "abundance": 3, "memo": ""}}, {"type": "Feature", "geometry": {"type": "Point", "coordinates": [127.811053, 37.115631]}, "properties": {"id": "GT-46", "type": "발자국", "ws": "운계천합류전", "date": "2026-05-01", "width": 196, "depth": "5", "quality": "3", "dist_water": 2.0, "dist_ground": 0.2, "disturbance": 2, "abundance": 3, "memo": ""}}, {"type": "Feature", "geometry": {"type": "Point", "coordinates": [127.811024, 37.115672]}, "properties": {"id": "GT-47", "type": "배설물", "ws": "운계천합류전", "date": "2026-05-01", "width": 196, "depth": "5", "quality": "3", "dist_water": 2.0, "dist_ground": 0.2, "disturbance": 2, "abundance": 3, "memo": ""}}, {"type": "Feature", "geometry": {"type": "Point", "coordinates": [127.811025, 37.115675]}, "properties": {"id": "GT-48", "type": "배설물", "ws": "운계천합류전", "date": "2026-05-01", "width": 196, "depth": "5", "quality": "3", "dist_water": 2.0, "dist_ground": 0.2, "disturbance": 2, "abundance": 3, "memo": ""}}, {"type": "Feature", "geometry": {"type": "Point", "coordinates": [127.811022, 37.115674]}, "properties": {"id": "GT-49", "type": "배설물", "ws": "운계천합류전", "date": "2026-05-01", "width": 196, "depth": "5", "quality": "3", "dist_water": 2.0, "dist_ground": 0.2, "disturbance": 2, "abundance": 3, "memo": ""}}, {"type": "Feature", "geometry": {"type": "Point", "coordinates": [127.712752, 37.095269]}, "properties": {"id": "ES-01", "type": "배설물", "ws": "운계천합류전", "date": "2026-03-12", "width": 10, "depth": "1", "quality": "3", "dist_water": 2.0, "dist_ground": 0.2, "disturbance": 2, "abundance": 1, "memo": ""}}, {"type": "Feature", "geometry": {"type": "Point", "coordinates": [127.708399, 37.087819]}, "properties": {"id": "ES-02", "type": "배설물", "ws": "운계천합류전", "date": "2026-03-12", "width": 9, "depth": "1", "quality": "3", "dist_water": 0.2, "dist_ground": 0.2, "disturbance": 1, "abundance": 1, "memo": ""}}, {"type": "Feature", "geometry": {"type": "Point", "coordinates": [127.707065, 37.087633]}, "properties": {"id": "ES-04", "type": "배설물", "ws": "운계천합류전", "date": "2026-03-12", "width": 4, "depth": "1", "quality": "3", "dist_water": 0.5, "dist_ground": 0.3, "disturbance": 1, "abundance": 1, "memo": ""}}, {"type": "Feature", "geometry": {"type": "Point", "coordinates": [127.707527, 37.087597]}, "properties": {"id": "ES-03", "type": "배설물", "ws": "운계천합류전", "date": "2026-03-12", "width": 7, "depth": "1", "quality": "3", "dist_water": 0.2, "dist_ground": 0.3, "disturbance": 1, "abundance": 1, "memo": ""}}, {"type": "Feature", "geometry": {"type": "Point", "coordinates": [127.711112, 37.093985]}, "properties": {"id": "ES-08", "type": "배설물", "ws": "운계천합류전", "date": "2026-03-12", "width": 12, "depth": "1", "quality": "3", "dist_water": 0.1, "dist_ground": 0.2, "disturbance": 2, "abundance": 1, "memo": ""}}, {"type": "Feature", "geometry": {"type": "Point", "coordinates": [127.711327, 37.094235]}, "properties": {"id": "ES-09", "type": "배설물", "ws": "운계천합류전", "date": "2026-03-12", "width": 7, "depth": "1", "quality": "3", "dist_water": 2.0, "dist_ground": 0.0, "disturbance": 1, "abundance": 1, "memo": ""}}, {"type": "Feature", "geometry": {"type": "Point", "coordinates": [127.710547, 37.093001]}, "properties": {"id": "ES-10", "type": "배설물", "ws": "운계천합류전", "date": "2026-03-12", "width": 6, "depth": "1", "quality": "3", "dist_water": 0.2, "dist_ground": 0.3, "disturbance": 2, "abundance": 1, "memo": ""}}, {"type": "Feature", "geometry": {"type": "Point", "coordinates": [127.726486, 37.107728]}, "properties": {"id": "ES-11", "type": "배설물", "ws": "운계천합류전", "date": "2026-03-12", "width": 27, "depth": "1", "quality": "3", "dist_water": 1.0, "dist_ground": 0.5, "disturbance": 1, "abundance": 2, "memo": ""}}, {"type": "Feature", "geometry": {"type": "Point", "coordinates": [127.725128, 37.107346]}, "properties": {"id": "ES-19", "type": "배설물", "ws": "운계천합류전", "date": "2026-03-12", "width": 10, "depth": "6", "quality": "6", "dist_water": 0.2, "dist_ground": 0.5, "disturbance": 1, "abundance": 1, "memo": "건천"}}, {"type": "Feature", "geometry": {"type": "Point", "coordinates": [127.726534, 37.107751]}, "properties": {"id": "ES-12", "type": "배설물", "ws": "운계천합류전", "date": "2026-03-12", "width": 27, "depth": "1", "quality": "3", "dist_water": 1.0, "dist_ground": 0.5, "disturbance": 1, "abundance": 2, "memo": ""}}, {"type": "Feature", "geometry": {"type": "Point", "coordinates": [127.726566, 37.107752]}, "properties": {"id": "ES-13", "type": "배설물", "ws": "운계천합류전", "date": "2026-03-12", "width": 27, "depth": "1", "quality": "3", "dist_water": 1.0, "dist_ground": 0.5, "disturbance": 1, "abundance": 2, "memo": ""}}, {"type": "Feature", "geometry": {"type": "Point", "coordinates": [127.726574, 37.107771]}, "properties": {"id": "ES-14", "type": "배설물", "ws": "운계천합류전", "date": "2026-03-12", "width": 27, "depth": "1", "quality": "3", "dist_water": 1.0, "dist_ground": 0.5, "disturbance": 1, "abundance": 2, "memo": ""}}, {"type": "Feature", "geometry": {"type": "Point", "coordinates": [127.726554, 37.107771]}, "properties": {"id": "ES-15", "type": "배설물", "ws": "운계천합류전", "date": "2026-03-12", "width": 27, "depth": "1", "quality": "3", "dist_water": 1.0, "dist_ground": 0.5, "disturbance": 1, "abundance": 2, "memo": ""}}, {"type": "Feature", "geometry": {"type": "Point", "coordinates": [127.726501, 37.10786]}, "properties": {"id": "ES-16", "type": "배설물", "ws": "운계천합류전", "date": "2026-03-12", "width": 27, "depth": "1", "quality": "3", "dist_water": 1.0, "dist_ground": 0.5, "disturbance": 1, "abundance": 2, "memo": ""}}, {"type": "Feature", "geometry": {"type": "Point", "coordinates": [127.726522, 37.107865]}, "properties": {"id": "ES-17", "type": "배설물", "ws": "운계천합류전", "date": "2026-03-12", "width": 27, "depth": "1", "quality": "3", "dist_water": 1.0, "dist_ground": 0.5, "disturbance": 1, "abundance": 2, "memo": ""}}, {"type": "Feature", "geometry": {"type": "Point", "coordinates": [127.726541, 37.107877]}, "properties": {"id": "ES-18", "type": "배설물", "ws": "운계천합류전", "date": "2026-03-12", "width": 27, "depth": "1", "quality": "3", "dist_water": 1.0, "dist_ground": 0.5, "disturbance": 1, "abundance": 2, "memo": ""}}, {"type": "Feature", "geometry": {"type": "Point", "coordinates": [127.725158, 37.107358]}, "properties": {"id": "ES-20", "type": "배설물", "ws": "운계천합류전", "date": "2026-03-12", "width": 10, "depth": "6", "quality": "6", "dist_water": 0.2, "dist_ground": 0.5, "disturbance": 1, "abundance": 1, "memo": "건천"}}, {"type": "Feature", "geometry": {"type": "Point", "coordinates": [127.725148, 37.107341]}, "properties": {"id": "ES-21", "type": "배설물", "ws": "운계천합류전", "date": "2026-03-12", "width": 10, "depth": "6", "quality": "6", "dist_water": 0.2, "dist_ground": 0.5, "disturbance": 1, "abundance": 1, "memo": "건천"}}, {"type": "Feature", "geometry": {"type": "Point", "coordinates": [127.725139, 37.107354]}, "properties": {"id": "ES-22", "type": "배설물", "ws": "운계천합류전", "date": "2026-03-12", "width": 10, "depth": "6", "quality": "6", "dist_water": 0.2, "dist_ground": 0.5, "disturbance": 1, "abundance": 1, "memo": "건천"}}, {"type": "Feature", "geometry": {"type": "Point", "coordinates": [127.725098, 37.107356]}, "properties": {"id": "ES-23", "type": "배설물", "ws": "운계천합류전", "date": "2026-03-12", "width": 10, "depth": "6", "quality": "6", "dist_water": 0.2, "dist_ground": 0.5, "disturbance": 1, "abundance": 1, "memo": "건천"}}, {"type": "Feature", "geometry": {"type": "Point", "coordinates": [127.725108, 37.107366]}, "properties": {"id": "ES-24", "type": "배설물", "ws": "운계천합류전", "date": "2026-03-12", "width": 10, "depth": "6", "quality": "6", "dist_water": 0.2, "dist_ground": 0.5, "disturbance": 1, "abundance": 1, "memo": "건천"}}, {"type": "Feature", "geometry": {"type": "Point", "coordinates": [127.725092, 37.10734]}, "properties": {"id": "ES-25", "type": "배설물", "ws": "운계천합류전", "date": "2026-03-12", "width": 10, "depth": "6", "quality": "6", "dist_water": 0.2, "dist_ground": 0.5, "disturbance": 1, "abundance": 1, "memo": "건천"}}, {"type": "Feature", "geometry": {"type": "Point", "coordinates": [127.70704, 37.087638]}, "properties": {"id": "ES-05", "type": "배설물", "ws": "운계천합류전", "date": "2026-03-12", "width": 4, "depth": "1", "quality": "3", "dist_water": 0.5, "dist_ground": 0.3, "disturbance": 1, "abundance": 1, "memo": ""}}, {"type": "Feature", "geometry": {"type": "Point", "coordinates": [127.70704, 37.08765]}, "properties": {"id": "ES-06", "type": "배설물", "ws": "운계천합류전", "date": "2026-03-12", "width": 4, "depth": "1", "quality": "3", "dist_water": 0.5, "dist_ground": 0.3, "disturbance": 1, "abundance": 1, "memo": ""}}, {"type": "Feature", "geometry": {"type": "Point", "coordinates": [127.804022, 37.032964]}, "properties": {"id": "GT-01", "type": "섭식흔적", "ws": "운계천합류전", "date": "2026-03-15", "width": 100, "depth": "5", "quality": "4", "dist_water": 1.0, "dist_ground": 0.5, "disturbance": 1, "abundance": 3, "memo": ""}}, {"type": "Feature", "geometry": {"type": "Point", "coordinates": [127.803907, 37.032961]}, "properties": {"id": "GT-02", "type": "배설물", "ws": "운계천합류전", "date": "2026-03-15", "width": 100, "depth": "5", "quality": "4", "dist_water": 1.0, "dist_ground": 0.5, "disturbance": 1, "abundance": 3, "memo": ""}}, {"type": "Feature", "geometry": {"type": "Point", "coordinates": [127.803996, 37.034312]}, "properties": {"id": "GT-03", "type": "배설물", "ws": "운계천합류전", "date": "2026-03-15", "width": 4, "depth": "1", "quality": "3", "dist_water": 0.1, "dist_ground": 0.1, "disturbance": 1, "abundance": 1, "memo": ""}}, {"type": "Feature", "geometry": {"type": "Point", "coordinates": [127.804063, 37.035298]}, "properties": {"id": "GT-04", "type": "배설물", "ws": "운계천합류전", "date": "2026-03-15", "width": 6, "depth": "1", "quality": "3", "dist_water": 0.1, "dist_ground": 0.1, "disturbance": 2, "abundance": 1, "memo": ""}}, {"type": "Feature", "geometry": {"type": "Point", "coordinates": [127.804067, 37.035321]}, "properties": {"id": "GT-05", "type": "배설물", "ws": "운계천합류전", "date": "2026-03-15", "width": 6, "depth": "1", "quality": "3", "dist_water": 0.1, "dist_ground": 0.1, "disturbance": 2, "abundance": 1, "memo": ""}}, {"type": "Feature", "geometry": {"type": "Point", "coordinates": [127.804006, 37.037484]}, "properties": {"id": "GT-06", "type": "배설물", "ws": "운계천합류전", "date": "2026-03-15", "width": 6, "depth": "1", "quality": "3", "dist_water": 1.0, "dist_ground": 0.3, "disturbance": 1, "abundance": 1, "memo": ""}}, {"type": "Feature", "geometry": {"type": "Point", "coordinates": [127.804013, 37.037485]}, "properties": {"id": "GT-07", "type": "배설물", "ws": "운계천합류전", "date": "2026-03-15", "width": 6, "depth": "1", "quality": "3", "dist_water": 1.0, "dist_ground": 0.3, "disturbance": 1, "abundance": 1, "memo": ""}}, {"type": "Feature", "geometry": {"type": "Point", "coordinates": [127.8031, 37.03938]}, "properties": {"id": "GT-09", "type": "배설물", "ws": "운계천합류전", "date": "2026-03-15", "width": 7, "depth": "1", "quality": "3", "dist_water": 2.0, "dist_ground": 0.1, "disturbance": 1, "abundance": 1, "memo": ""}}, {"type": "Feature", "geometry": {"type": "Point", "coordinates": [127.803095, 37.039382]}, "properties": {"id": "GT-10", "type": "배설물", "ws": "운계천합류전", "date": "2026-03-15", "width": 7, "depth": "1", "quality": "3", "dist_water": 2.0, "dist_ground": 0.1, "disturbance": 1, "abundance": 1, "memo": ""}}, {"type": "Feature", "geometry": {"type": "Point", "coordinates": [127.800724, 37.042723]}, "properties": {"id": "GT-13", "type": "배설물", "ws": "운계천합류전", "date": "2026-03-15", "width": 12, "depth": "1", "quality": "4", "dist_water": 0.1, "dist_ground": 0.1, "disturbance": 2, "abundance": 1, "memo": ""}}, {"type": "Feature", "geometry": {"type": "Point", "coordinates": [127.8005, 37.042961]}, "properties": {"id": "GT-14", "type": "배설물", "ws": "운계천합류전", "date": "2026-03-15", "width": 12, "depth": "1", "quality": "4", "dist_water": 2.0, "dist_ground": 0.1, "disturbance": 2, "abundance": 1, "memo": ""}}, {"type": "Feature", "geometry": {"type": "Point", "coordinates": [127.800553, 37.042957]}, "properties": {"id": "GT-15", "type": "배설물", "ws": "운계천합류전", "date": "2026-03-15", "width": 12, "depth": "1", "quality": "4", "dist_water": 2.0, "dist_ground": 0.1, "disturbance": 2, "abundance": 1, "memo": ""}}, {"type": "Feature", "geometry": {"type": "Point", "coordinates": [127.800552, 37.042951]}, "properties": {"id": "GT-16", "type": "배설물", "ws": "운계천합류전", "date": "2026-03-15", "width": 12, "depth": "1", "quality": "4", "dist_water": 2.0, "dist_ground": 0.1, "disturbance": 2, "abundance": 1, "memo": ""}}, {"type": "Feature", "geometry": {"type": "Point", "coordinates": [127.799909, 37.044578]}, "properties": {"id": "GT-17", "type": "배설물", "ws": "운계천합류전", "date": "2026-03-15", "width": 12, "depth": "1", "quality": "4", "dist_water": 2.0, "dist_ground": 0.1, "disturbance": 2, "abundance": 1, "memo": ""}}, {"type": "Feature", "geometry": {"type": "Point", "coordinates": [127.792813, 37.044178]}, "properties": {"id": "GT-21", "type": "배설물", "ws": "운계천합류전", "date": "2026-03-15", "width": 70, "depth": "2", "quality": "4", "dist_water": 0.3, "dist_ground": 0.5, "disturbance": 5, "abundance": 2, "memo": "공사"}}, {"type": "Feature", "geometry": {"type": "Point", "coordinates": [127.79275, 37.044164]}, "properties": {"id": "GT-22", "type": "배설물", "ws": "운계천합류전", "date": "2026-03-15", "width": 70, "depth": "2", "quality": "4", "dist_water": 0.3, "dist_ground": 0.5, "disturbance": 5, "abundance": 2, "memo": "공사"}}, {"type": "Feature", "geometry": {"type": "Point", "coordinates": [127.792682, 37.044142]}, "properties": {"id": "GT-23", "type": "배설물", "ws": "운계천합류전", "date": "2026-03-15", "width": 70, "depth": "2", "quality": "4", "dist_water": 0.3, "dist_ground": 0.5, "disturbance": 5, "abundance": 2, "memo": "공사"}}, {"type": "Feature", "geometry": {"type": "Point", "coordinates": [127.792673, 37.044139]}, "properties": {"id": "GT-24", "type": "배설물", "ws": "운계천합류전", "date": "2026-03-15", "width": 70, "depth": "2", "quality": "4", "dist_water": 0.3, "dist_ground": 0.5, "disturbance": 5, "abundance": 2, "memo": "공사"}}, {"type": "Feature", "geometry": {"type": "Point", "coordinates": [127.792635, 37.044146]}, "properties": {"id": "GT-25", "type": "배설물", "ws": "운계천합류전", "date": "2026-03-15", "width": 70, "depth": "2", "quality": "4", "dist_water": 0.3, "dist_ground": 0.5, "disturbance": 5, "abundance": 2, "memo": "공사"}}, {"type": "Feature", "geometry": {"type": "Point", "coordinates": [127.792597, 37.04413]}, "properties": {"id": "GT-26", "type": "배설물", "ws": "운계천합류전", "date": "2026-03-15", "width": 70, "depth": "2", "quality": "4", "dist_water": 0.3, "dist_ground": 0.5, "disturbance": 5, "abundance": 2, "memo": "공사"}}, {"type": "Feature", "geometry": {"type": "Point", "coordinates": [127.792585, 37.044129]}, "properties": {"id": "GT-27", "type": "배설물", "ws": "운계천합류전", "date": "2026-03-15", "width": 70, "depth": "2", "quality": "4", "dist_water": 0.3, "dist_ground": 0.5, "disturbance": 5, "abundance": 2, "memo": "공사"}}, {"type": "Feature", "geometry": {"type": "Point", "coordinates": [127.78717, 37.042415]}, "properties": {"id": "GT-30", "type": "배설물", "ws": "운계천합류전", "date": "2026-03-15", "width": 50, "depth": "1", "quality": "3", "dist_water": 0.1, "dist_ground": 0.3, "disturbance": 5, "abundance": 2, "memo": "공사"}}, {"type": "Feature", "geometry": {"type": "Point", "coordinates": [127.787097, 37.042397]}, "properties": {"id": "GT-29", "type": "배설물", "ws": "운계천합류전", "date": "2026-03-15", "width": 50, "depth": "1", "quality": "3", "dist_water": 0.1, "dist_ground": 0.3, "disturbance": 5, "abundance": 2, "memo": "공사"}}, {"type": "Feature", "geometry": {"type": "Point", "coordinates": [127.785995, 37.041954]}, "properties": {"id": "GT-32", "type": "배설물", "ws": "운계천합류전", "date": "2026-03-15", "width": 70, "depth": "1", "quality": "3", "dist_water": 1.0, "dist_ground": 0.2, "disturbance": 1, "abundance": 2, "memo": ""}}, {"type": "Feature", "geometry": {"type": "Point", "coordinates": [127.785755, 37.041867]}, "properties": {"id": "GT-33", "type": "배설물", "ws": "운계천합류전", "date": "2026-03-15", "width": 70, "depth": "1", "quality": "3", "dist_water": 1.0, "dist_ground": 0.2, "disturbance": 1, "abundance": 2, "memo": ""}}, {"type": "Feature", "geometry": {"type": "Point", "coordinates": [127.784724, 37.041548]}, "properties": {"id": "GT-34", "type": "배설물", "ws": "운계천합류전", "date": "2026-03-15", "width": 70, "depth": "1", "quality": "3", "dist_water": 1.0, "dist_ground": 0.2, "disturbance": 1, "abundance": 2, "memo": ""}}, {"type": "Feature", "geometry": {"type": "Point", "coordinates": [127.784584, 37.041457]}, "properties": {"id": "GT-35", "type": "배설물", "ws": "운계천합류전", "date": "2026-03-15", "width": 75, "depth": "1", "quality": "3", "dist_water": 0.1, "dist_ground": 0.1, "disturbance": 2, "abundance": 2, "memo": ""}}, {"type": "Feature", "geometry": {"type": "Point", "coordinates": [127.784391, 37.041351]}, "properties": {"id": "GT-36", "type": "배설물", "ws": "운계천합류전", "date": "2026-03-15", "width": 75, "depth": "1", "quality": "3", "dist_water": 0.1, "dist_ground": 0.1, "disturbance": 2, "abundance": 2, "memo": ""}}, {"type": "Feature", "geometry": {"type": "Point", "coordinates": [127.783767, 37.040725]}, "properties": {"id": "GT-37", "type": "배설물", "ws": "운계천합류전", "date": "2026-03-15", "width": 65, "depth": "4", "quality": "3", "dist_water": 0.1, "dist_ground": 0.1, "disturbance": 2, "abundance": 2, "memo": ""}}, {"type": "Feature", "geometry": {"type": "Point", "coordinates": [127.783764, 37.040725]}, "properties": {"id": "GT-38", "type": "배설물", "ws": "운계천합류전", "date": "2026-03-15", "width": 65, "depth": "4", "quality": "3", "dist_water": 0.1, "dist_ground": 0.1, "disturbance": 2, "abundance": 2, "memo": ""}}, {"type": "Feature", "geometry": {"type": "Point", "coordinates": [127.783765, 37.040727]}, "properties": {"id": "GT-39", "type": "배설물", "ws": "운계천합류전", "date": "2026-03-15", "width": 65, "depth": "4", "quality": "3", "dist_water": 0.1, "dist_ground": 0.1, "disturbance": 2, "abundance": 2, "memo": ""}}, {"type": "Feature", "geometry": {"type": "Point", "coordinates": [127.783766, 37.040727]}, "properties": {"id": "GT-40", "type": "배설물", "ws": "운계천합류전", "date": "2026-03-15", "width": 65, "depth": "4", "quality": "3", "dist_water": 0.1, "dist_ground": 0.1, "disturbance": 2, "abundance": 2, "memo": ""}}, {"type": "Feature", "geometry": {"type": "Point", "coordinates": [127.783767, 37.040727]}, "properties": {"id": "GT-41", "type": "배설물", "ws": "운계천합류전", "date": "2026-03-15", "width": 65, "depth": "4", "quality": "3", "dist_water": 0.1, "dist_ground": 0.1, "disturbance": 2, "abundance": 2, "memo": ""}}, {"type": "Feature", "geometry": {"type": "Point", "coordinates": [127.783663, 37.04088]}, "properties": {"id": "GT-42", "type": "배설물", "ws": "운계천합류전", "date": "2026-03-15", "width": 65, "depth": "4", "quality": "3", "dist_water": 0.1, "dist_ground": 0.1, "disturbance": 2, "abundance": 2, "memo": ""}}, {"type": "Feature", "geometry": {"type": "Point", "coordinates": [127.78395, 37.040977]}, "properties": {"id": "GT-43", "type": "배설물", "ws": "운계천합류전", "date": "2026-03-15", "width": 65, "depth": "4", "quality": "3", "dist_water": 0.1, "dist_ground": 0.1, "disturbance": 2, "abundance": 2, "memo": ""}}, {"type": "Feature", "geometry": {"type": "Point", "coordinates": [127.783946, 37.040981]}, "properties": {"id": "GT-44", "type": "배설물", "ws": "운계천합류전", "date": "2026-03-15", "width": 65, "depth": "4", "quality": "3", "dist_water": 0.1, "dist_ground": 0.1, "disturbance": 2, "abundance": 2, "memo": ""}}, {"type": "Feature", "geometry": {"type": "Point", "coordinates": [127.783941, 37.040986]}, "properties": {"id": "GT-45", "type": "배설물", "ws": "운계천합류전", "date": "2026-03-15", "width": 65, "depth": "4", "quality": "3", "dist_water": 0.1, "dist_ground": 0.1, "disturbance": 2, "abundance": 2, "memo": ""}}, {"type": "Feature", "geometry": {"type": "Point", "coordinates": [127.781094, 37.04048]}, "properties": {"id": "GT-46", "type": "배설물", "ws": "운계천합류전", "date": "2026-03-15", "width": 60, "depth": "2", "quality": "3", "dist_water": 0.1, "dist_ground": 0.1, "disturbance": 1, "abundance": 2, "memo": ""}}, {"type": "Feature", "geometry": {"type": "Point", "coordinates": [127.780209, 37.040486]}, "properties": {"id": "GT-47", "type": "배설물", "ws": "운계천합류전", "date": "2026-03-15", "width": 60, "depth": "1", "quality": "3", "dist_water": 1.0, "dist_ground": 0.1, "disturbance": 2, "abundance": 2, "memo": ""}}, {"type": "Feature", "geometry": {"type": "Point", "coordinates": [127.774914, 37.040738]}, "properties": {"id": "GT-48", "type": "배설물", "ws": "운계천합류전", "date": "2026-03-15", "width": 60, "depth": "1", "quality": "3", "dist_water": 0.5, "dist_ground": 0.5, "disturbance": 2, "abundance": 2, "memo": ""}}, {"type": "Feature", "geometry": {"type": "Point", "coordinates": [127.774932, 37.040752]}, "properties": {"id": "GT-49", "type": "배설물", "ws": "운계천합류전", "date": "2026-03-15", "width": 60, "depth": "1", "quality": "3", "dist_water": 0.5, "dist_ground": 0.5, "disturbance": 2, "abundance": 2, "memo": ""}}, {"type": "Feature", "geometry": {"type": "Point", "coordinates": [127.774923, 37.040899]}, "properties": {"id": "GT-50", "type": "배설물", "ws": "운계천합류전", "date": "2026-03-15", "width": 60, "depth": "1", "quality": "3", "dist_water": 0.5, "dist_ground": 0.5, "disturbance": 2, "abundance": 2, "memo": ""}}, {"type": "Feature", "geometry": {"type": "Point", "coordinates": [127.774936, 37.04091]}, "properties": {"id": "GT-51", "type": "배설물", "ws": "운계천합류전", "date": "2026-03-15", "width": 60, "depth": "1", "quality": "3", "dist_water": 0.5, "dist_ground": 0.5, "disturbance": 2, "abundance": 2, "memo": ""}}, {"type": "Feature", "geometry": {"type": "Point", "coordinates": [127.775106, 37.040912]}, "properties": {"id": "GT-52", "type": "배설물", "ws": "운계천합류전", "date": "2026-03-15", "width": 60, "depth": "1", "quality": "3", "dist_water": 0.5, "dist_ground": 0.5, "disturbance": 2, "abundance": 2, "memo": ""}}, {"type": "Feature", "geometry": {"type": "Point", "coordinates": [127.775119, 37.040912]}, "properties": {"id": "GT-53", "type": "배설물", "ws": "운계천합류전", "date": "2026-03-15", "width": 60, "depth": "1", "quality": "3", "dist_water": 0.5, "dist_ground": 0.5, "disturbance": 2, "abundance": 2, "memo": ""}}, {"type": "Feature", "geometry": {"type": "Point", "coordinates": [127.771379, 37.040682]}, "properties": {"id": "GT-54", "type": "배설물", "ws": "운계천합류전", "date": "2026-03-15", "width": 40, "depth": "1", "quality": "3", "dist_water": 0.1, "dist_ground": 0.5, "disturbance": 2, "abundance": 2, "memo": ""}}, {"type": "Feature", "geometry": {"type": "Point", "coordinates": [127.771257, 37.0406]}, "properties": {"id": "GT-55", "type": "배설물", "ws": "운계천합류전", "date": "2026-03-15", "width": 40, "depth": "1", "quality": "3", "dist_water": 0.1, "dist_ground": 0.5, "disturbance": 2, "abundance": 2, "memo": ""}}, {"type": "Feature", "geometry": {"type": "Point", "coordinates": [127.771234, 37.040683]}, "properties": {"id": "GT-56", "type": "배설물", "ws": "운계천합류전", "date": "2026-03-15", "width": 40, "depth": "1", "quality": "3", "dist_water": 0.1, "dist_ground": 0.5, "disturbance": 2, "abundance": 2, "memo": ""}}, {"type": "Feature", "geometry": {"type": "Point", "coordinates": [127.769486, 37.040883]}, "properties": {"id": "GT-57", "type": "배설물", "ws": "운계천합류전", "date": "2026-03-15", "width": 60, "depth": "3", "quality": "3", "dist_water": 0.3, "dist_ground": 0.1, "disturbance": 2, "abundance": 2, "memo": ""}}, {"type": "Feature", "geometry": {"type": "Point", "coordinates": [127.769449, 37.040783]}, "properties": {"id": "GT-58", "type": "배설물", "ws": "운계천합류전", "date": "2026-03-15", "width": 60, "depth": "3", "quality": "3", "dist_water": 0.3, "dist_ground": 0.1, "disturbance": 2, "abundance": 2, "memo": ""}}, {"type": "Feature", "geometry": {"type": "Point", "coordinates": [127.769454, 37.04074]}, "properties": {"id": "GT-59", "type": "배설물", "ws": "운계천합류전", "date": "2026-03-15", "width": 60, "depth": "3", "quality": "3", "dist_water": 0.3, "dist_ground": 0.1, "disturbance": 2, "abundance": 2, "memo": ""}}, {"type": "Feature", "geometry": {"type": "Point", "coordinates": [127.838311, 37.07799]}, "properties": {"id": "ES-01", "type": "배설물", "ws": "운계천합류전", "date": "2026-03-15", "width": 126, "depth": "2", "quality": "3", "dist_water": 0.2, "dist_ground": 0.2, "disturbance": 3, "abundance": 2, "memo": ""}}, {"type": "Feature", "geometry": {"type": "Point", "coordinates": [127.838226, 37.077974]}, "properties": {"id": "ES-02", "type": "배설물", "ws": "운계천합류전", "date": "2026-03-15", "width": 126, "depth": "2", "quality": "3", "dist_water": 0.2, "dist_ground": 0.2, "disturbance": 3, "abundance": 2, "memo": ""}}, {"type": "Feature", "geometry": {"type": "Point", "coordinates": [127.838252, 37.077488]}, "properties": {"id": "ES-04", "type": "배설물", "ws": "운계천합류전", "date": "2026-03-15", "width": 150, "depth": "1", "quality": "3", "dist_water": 0.2, "dist_ground": 0.2, "disturbance": 3, "abundance": 2, "memo": ""}}, {"type": "Feature", "geometry": {"type": "Point", "coordinates": [127.838339, 37.07748]}, "properties": {"id": "ES-05", "type": "배설물", "ws": "운계천합류전", "date": "2026-03-15", "width": 150, "depth": "1", "quality": "3", "dist_water": 0.2, "dist_ground": 0.2, "disturbance": 3, "abundance": 2, "memo": ""}}, {"type": "Feature", "geometry": {"type": "Point", "coordinates": [127.834222, 37.070979]}, "properties": {"id": "ES-06", "type": "배설물", "ws": "운계천합류전", "date": "2026-03-15", "width": 116, "depth": "1", "quality": "3", "dist_water": 0.3, "dist_ground": 0.3, "disturbance": 2, "abundance": 2, "memo": ""}}, {"type": "Feature", "geometry": {"type": "Point", "coordinates": [127.832587, 37.066108]}, "properties": {"id": "ES-09", "type": "배설물", "ws": "운계천합류전", "date": "2026-03-15", "width": 80, "depth": "2", "quality": "3", "dist_water": 0.3, "dist_ground": 0.0, "disturbance": 2, "abundance": 2, "memo": ""}}, {"type": "Feature", "geometry": {"type": "Point", "coordinates": [127.832947, 37.0647]}, "properties": {"id": "ES-10", "type": "배설물", "ws": "운계천합류전", "date": "2026-03-15", "width": 70, "depth": "1", "quality": "3", "dist_water": 0.3, "dist_ground": 0.3, "disturbance": 2, "abundance": 2, "memo": ""}}, {"type": "Feature", "geometry": {"type": "Point", "coordinates": [127.832888, 37.064718]}, "properties": {"id": "ES-11", "type": "배설물", "ws": "운계천합류전", "date": "2026-03-15", "width": 70, "depth": "1", "quality": "3", "dist_water": 0.3, "dist_ground": 0.3, "disturbance": 2, "abundance": 2, "memo": ""}}, {"type": "Feature", "geometry": {"type": "Point", "coordinates": [127.832689, 37.064858]}, "properties": {"id": "ES-12", "type": "배설물", "ws": "운계천합류전", "date": "2026-03-15", "width": 70, "depth": "1", "quality": "3", "dist_water": 0.3, "dist_ground": 0.3, "disturbance": 2, "abundance": 2, "memo": ""}}, {"type": "Feature", "geometry": {"type": "Point", "coordinates": [127.832634, 37.064819]}, "properties": {"id": "ES-13", "type": "배설물", "ws": "운계천합류전", "date": "2026-03-15", "width": 70, "depth": "1", "quality": "3", "dist_water": 0.3, "dist_ground": 0.3, "disturbance": 2, "abundance": 2, "memo": ""}}, {"type": "Feature", "geometry": {"type": "Point", "coordinates": [127.834262, 37.06393]}, "properties": {"id": "ES-14", "type": "배설물", "ws": "운계천합류전", "date": "2026-03-15", "width": 80, "depth": "2", "quality": "3", "dist_water": 0.2, "dist_ground": 0.2, "disturbance": 2, "abundance": 2, "memo": ""}}, {"type": "Feature", "geometry": {"type": "Point", "coordinates": [127.834169, 37.063781]}, "properties": {"id": "ES-15", "type": "배설물", "ws": "운계천합류전", "date": "2026-03-15", "width": 80, "depth": "2", "quality": "3", "dist_water": 0.2, "dist_ground": 0.2, "disturbance": 2, "abundance": 2, "memo": ""}}, {"type": "Feature", "geometry": {"type": "Point", "coordinates": [127.837803, 37.056927]}, "properties": {"id": "ES-16", "type": "배설물", "ws": "운계천합류전", "date": "2026-03-15", "width": 60, "depth": "2", "quality": "3", "dist_water": 0.2, "dist_ground": 0.2, "disturbance": 2, "abundance": 2, "memo": ""}}, {"type": "Feature", "geometry": {"type": "Point", "coordinates": [127.836258, 37.055441]}, "properties": {"id": "ES-17", "type": "배설물", "ws": "운계천합류전", "date": "2026-03-15", "width": 50, "depth": "2", "quality": "3", "dist_water": 0.2, "dist_ground": 0.2, "disturbance": 2, "abundance": 2, "memo": ""}}, {"type": "Feature", "geometry": {"type": "Point", "coordinates": [127.836376, 37.055491]}, "properties": {"id": "ES-18", "type": "배설물", "ws": "운계천합류전", "date": "2026-03-15", "width": 50, "depth": "2", "quality": "3", "dist_water": 0.2, "dist_ground": 0.2, "disturbance": 2, "abundance": 2, "memo": ""}}, {"type": "Feature", "geometry": {"type": "Point", "coordinates": [127.831658, 37.056209]}, "properties": {"id": "ES-21", "type": "배설물", "ws": "운계천합류전", "date": "2026-03-15", "width": 60, "depth": "2", "quality": "3", "dist_water": 1.0, "dist_ground": 1.0, "disturbance": 3, "abundance": 3, "memo": ""}}, {"type": "Feature", "geometry": {"type": "Point", "coordinates": [127.83149, 37.056308]}, "properties": {"id": "ES-20", "type": "배설물", "ws": "운계천합류전", "date": "2026-03-15", "width": 60, "depth": "2", "quality": "3", "dist_water": 1.0, "dist_ground": 1.0, "disturbance": 3, "abundance": 3, "memo": ""}}, {"type": "Feature", "geometry": {"type": "Point", "coordinates": [127.82571, 37.062157]}, "properties": {"id": "ES-23", "type": "배설물", "ws": "운계천합류전", "date": "2026-03-15", "width": 40, "depth": "2", "quality": "3", "dist_water": 1.0, "dist_ground": 0.2, "disturbance": 2, "abundance": 2, "memo": ""}}, {"type": "Feature", "geometry": {"type": "Point", "coordinates": [127.825534, 37.062273]}, "properties": {"id": "ES-24", "type": "배설물", "ws": "운계천합류전", "date": "2026-03-15", "width": 40, "depth": "2", "quality": "3", "dist_water": 0.2, "dist_ground": 0.2, "disturbance": 2, "abundance": 2, "memo": ""}}, {"type": "Feature", "geometry": {"type": "Point", "coordinates": [127.825174, 37.062356]}, "properties": {"id": "ES-25", "type": "배설물", "ws": "운계천합류전", "date": "2026-03-15", "width": 40, "depth": "2", "quality": "3", "dist_water": 1.0, "dist_ground": 1.0, "disturbance": 2, "abundance": 2, "memo": ""}}, {"type": "Feature", "geometry": {"type": "Point", "coordinates": [127.824494, 37.062431]}, "properties": {"id": "ES-26", "type": "배설물", "ws": "운계천합류전", "date": "2026-03-15", "width": 40, "depth": "2", "quality": "3", "dist_water": 0.4, "dist_ground": 0.4, "disturbance": 2, "abundance": 2, "memo": ""}}, {"type": "Feature", "geometry": {"type": "Point", "coordinates": [127.802291, 37.053216]}, "properties": {"id": "ES-29", "type": "배설물", "ws": "운계천합류전", "date": "2026-03-15", "width": 60, "depth": "2", "quality": "4", "dist_water": 1.0, "dist_ground": 1.0, "disturbance": 4, "abundance": 1, "memo": "공사"}}, {"type": "Feature", "geometry": {"type": "Point", "coordinates": [127.802028, 37.054181]}, "properties": {"id": "ES-30", "type": "배설물", "ws": "운계천합류전", "date": "2026-03-15", "width": 10, "depth": "1", "quality": "4", "dist_water": 1.0, "dist_ground": 0.2, "disturbance": 2, "abundance": 1, "memo": "공사"}}, {"type": "Feature", "geometry": {"type": "Point", "coordinates": [127.802555, 37.054714]}, "properties": {"id": "ES-31", "type": "배설물", "ws": "운계천합류전", "date": "2026-03-15", "width": 60, "depth": "2", "quality": "4", "dist_water": 0.3, "dist_ground": 0.3, "disturbance": 4, "abundance": 1, "memo": "공사"}}, {"type": "Feature", "geometry": {"type": "Point", "coordinates": [127.802694, 37.054806]}, "properties": {"id": "ES-32", "type": "배설물", "ws": "운계천합류전", "date": "2026-03-15", "width": 60, "depth": "2", "quality": "4", "dist_water": 0.3, "dist_ground": 0.3, "disturbance": 4, "abundance": 1, "memo": "공사"}}, {"type": "Feature", "geometry": {"type": "Point", "coordinates": [127.805223, 37.057477]}, "properties": {"id": "ES-33", "type": "배설물", "ws": "운계천합류전", "date": "2026-03-15", "width": 60, "depth": "3", "quality": "4", "dist_water": 0.2, "dist_ground": 0.2, "disturbance": 4, "abundance": 1, "memo": "공사"}}, {"type": "Feature", "geometry": {"type": "Point", "coordinates": [127.805689, 37.057642]}, "properties": {"id": "ES-34", "type": "배설물", "ws": "운계천합류전", "date": "2026-03-15", "width": 60, "depth": "3", "quality": "4", "dist_water": 0.2, "dist_ground": 0.2, "disturbance": 4, "abundance": 1, "memo": "공사"}}, {"type": "Feature", "geometry": {"type": "Point", "coordinates": [127.806576, 37.057826]}, "properties": {"id": "ES-35", "type": "배설물", "ws": "운계천합류전", "date": "2026-03-15", "width": 60, "depth": "1", "quality": "4", "dist_water": 0.4, "dist_ground": 0.2, "disturbance": 4, "abundance": 1, "memo": "공사"}}, {"type": "Feature", "geometry": {"type": "Point", "coordinates": [127.806706, 37.05775]}, "properties": {"id": "ES-36", "type": "배설물", "ws": "운계천합류전", "date": "2026-03-15", "width": 60, "depth": "1", "quality": "4", "dist_water": 0.4, "dist_ground": 0.2, "disturbance": 4, "abundance": 1, "memo": "공사"}}, {"type": "Feature", "geometry": {"type": "Point", "coordinates": [127.813697, 37.06016]}, "properties": {"id": "ES-38", "type": "배설물", "ws": "운계천합류전", "date": "2026-03-15", "width": 50, "depth": "3", "quality": "3", "dist_water": 0.4, "dist_ground": 0.4, "disturbance": 4, "abundance": 2, "memo": ""}}, {"type": "Feature", "geometry": {"type": "Point", "coordinates": [127.813817, 37.060394]}, "properties": {"id": "ES-39", "type": "배설물", "ws": "운계천합류전", "date": "2026-03-15", "width": 50, "depth": "3", "quality": "3", "dist_water": 0.3, "dist_ground": 0.3, "disturbance": 4, "abundance": 2, "memo": ""}}, {"type": "Feature", "geometry": {"type": "Point", "coordinates": [127.815553, 37.062172]}, "properties": {"id": "ES-40", "type": "배설물", "ws": "운계천합류전", "date": "2026-03-15", "width": 83, "depth": "2", "quality": "3", "dist_water": 0.3, "dist_ground": 0.3, "disturbance": 4, "abundance": 2, "memo": ""}}, {"type": "Feature", "geometry": {"type": "Point", "coordinates": [127.816129, 37.06094]}, "properties": {"id": "ES-41", "type": "배설물", "ws": "운계천합류전", "date": "2026-03-15", "width": 63, "depth": "2", "quality": "3", "dist_water": 0.1, "dist_ground": 0.0, "disturbance": 4, "abundance": 1, "memo": ""}}, {"type": "Feature", "geometry": {"type": "Point", "coordinates": [127.819066, 37.058532]}, "properties": {"id": "ES-42", "type": "배설물", "ws": "운계천합류전", "date": "2026-03-15", "width": 50, "depth": "3", "quality": "3", "dist_water": 1.0, "dist_ground": 1.0, "disturbance": 4, "abundance": 2, "memo": ""}}, {"type": "Feature", "geometry": {"type": "Point", "coordinates": [127.819074, 37.058528]}, "properties": {"id": "ES-43", "type": "배설물", "ws": "운계천합류전", "date": "2026-03-15", "width": 50, "depth": "3", "quality": "3", "dist_water": 1.0, "dist_ground": 1.0, "disturbance": 4, "abundance": 2, "memo": ""}}, {"type": "Feature", "geometry": {"type": "Point", "coordinates": [127.81913, 37.058542]}, "properties": {"id": "ES-44", "type": "배설물", "ws": "운계천합류전", "date": "2026-03-15", "width": 50, "depth": "3", "quality": "3", "dist_water": 1.0, "dist_ground": 1.0, "disturbance": 4, "abundance": 2, "memo": ""}}, {"type": "Feature", "geometry": {"type": "Point", "coordinates": [127.819108, 37.058432]}, "properties": {"id": "ES-45", "type": "배설물", "ws": "운계천합류전", "date": "2026-03-15", "width": 50, "depth": "3", "quality": "3", "dist_water": 0.3, "dist_ground": 0.3, "disturbance": 4, "abundance": 2, "memo": ""}}, {"type": "Feature", "geometry": {"type": "Point", "coordinates": [127.838439, 37.077986]}, "properties": {"id": "GT-10", "type": "배설물", "ws": "운계천합류전", "date": "2026-02-14", "width": 126, "depth": "2", "quality": "2", "dist_water": 0.2, "dist_ground": 0.2, "disturbance": 3, "abundance": 2, "memo": ""}}, {"type": "Feature", "geometry": {"type": "Point", "coordinates": [127.83828, 37.077987]}, "properties": {"id": "GT-11", "type": "배설물", "ws": "운계천합류전", "date": "2026-02-14", "width": 126, "depth": "3", "quality": "2", "dist_water": 0.2, "dist_ground": 0.2, "disturbance": 3, "abundance": 2, "memo": ""}}, {"type": "Feature", "geometry": {"type": "Point", "coordinates": [127.838407, 37.077406]}, "properties": {"id": "GT-12", "type": "배설물", "ws": "운계천합류전", "date": "2026-02-14", "width": 150, "depth": "1", "quality": "2", "dist_water": 0.3, "dist_ground": 0.3, "disturbance": 3, "abundance": 2, "memo": ""}}, {"type": "Feature", "geometry": {"type": "Point", "coordinates": [127.838124, 37.078839]}, "properties": {"id": "GT-13", "type": "배설물", "ws": "운계천합류전", "date": "2026-02-14", "width": 130, "depth": "1", "quality": "2", "dist_water": 0.3, "dist_ground": 0.3, "disturbance": 3, "abundance": 2, "memo": ""}}, {"type": "Feature", "geometry": {"type": "Point", "coordinates": [127.72066, 37.106535]}, "properties": {"id": "GT-01", "type": "배설물", "ws": "운계천합류전", "date": "2026-03-12", "width": 300, "depth": "5", "quality": "4", "dist_water": 2.0, "dist_ground": 0.0, "disturbance": 2, "abundance": 3, "memo": "흙위"}}, {"type": "Feature", "geometry": {"type": "Point", "coordinates": [127.721443, 37.106945]}, "properties": {"id": "GT-02", "type": "배설물", "ws": "운계천합류전", "date": "2026-03-12", "width": 200, "depth": "5", "quality": "4", "dist_water": 2.0, "dist_ground": 0.0, "disturbance": 2, "abundance": 3, "memo": ""}}, {"type": "Feature", "geometry": {"type": "Point", "coordinates": [127.716223, 37.095161]}, "properties": {"id": "GT-03", "type": "배설물", "ws": "운계천합류전", "date": "2026-03-12", "width": 8, "depth": "1", "quality": "3", "dist_water": 1.0, "dist_ground": 0.2, "disturbance": 4, "abundance": 2, "memo": ""}}, {"type": "Feature", "geometry": {"type": "Point", "coordinates": [127.717349, 37.091477]}, "properties": {"id": "GT-04", "type": "배설물", "ws": "운계천합류전", "date": "2026-03-12", "width": 13, "depth": "1", "quality": "3", "dist_water": 0.5, "dist_ground": 0.3, "disturbance": 2, "abundance": 2, "memo": ""}}, {"type": "Feature", "geometry": {"type": "Point", "coordinates": [127.717356, 37.09144]}, "properties": {"id": "GT-05", "type": "배설물", "ws": "운계천합류전", "date": "2026-03-12", "width": 13, "depth": "1", "quality": "3", "dist_water": 0.5, "dist_ground": 0.3, "disturbance": 2, "abundance": 2, "memo": ""}}, {"type": "Feature", "geometry": {"type": "Point", "coordinates": [127.717353, 37.091456]}, "properties": {"id": "GT-06", "type": "배설물", "ws": "운계천합류전", "date": "2026-03-12", "width": 13, "depth": "1", "quality": "3", "dist_water": 0.5, "dist_ground": 0.3, "disturbance": 2, "abundance": 2, "memo": ""}}, {"type": "Feature", "geometry": {"type": "Point", "coordinates": [127.719669, 37.086276]}, "properties": {"id": "GT-07", "type": "배설물", "ws": "운계천합류전", "date": "2026-03-12", "width": 13, "depth": "1", "quality": "3", "dist_water": 0.3, "dist_ground": 0.3, "disturbance": 2, "abundance": 2, "memo": ""}}, {"type": "Feature", "geometry": {"type": "Point", "coordinates": [127.719673, 37.086248]}, "properties": {"id": "GT-08", "type": "배설물", "ws": "운계천합류전", "date": "2026-03-12", "width": 13, "depth": "1", "quality": "3", "dist_water": 0.3, "dist_ground": 0.3, "disturbance": 2, "abundance": 2, "memo": "비닐"}}, {"type": "Feature", "geometry": {"type": "Point", "coordinates": [127.720017, 37.084007]}, "properties": {"id": "GT-09", "type": "배설물", "ws": "운계천합류전", "date": "2026-03-12", "width": 5, "depth": "1", "quality": "3", "dist_water": 0.2, "dist_ground": 0.2, "disturbance": 2, "abundance": 2, "memo": ""}}, {"type": "Feature", "geometry": {"type": "Point", "coordinates": [127.823912, 37.122808]}, "properties": {"id": "GH-08", "type": "배설물", "ws": "운계천합류전", "date": "2026-03-21", "width": 12, "depth": "1", "quality": "3", "dist_water": 1.0, "dist_ground": 0.2, "disturbance": 3, "abundance": 2, "memo": "민가인근"}}, {"type": "Feature", "geometry": {"type": "Point", "coordinates": [127.823987, 37.122825]}, "properties": {"id": "GH-09", "type": "배설물", "ws": "운계천합류전", "date": "2026-03-21", "width": 12, "depth": "1", "quality": "3", "dist_water": 1.0, "dist_ground": 0.2, "disturbance": 3, "abundance": 2, "memo": "민가인근"}}, {"type": "Feature", "geometry": {"type": "Point", "coordinates": [127.826119, 37.128048]}, "properties": {"id": "GH-12", "type": "배설물", "ws": "운계천합류전", "date": "2026-03-21", "width": 5, "depth": "1", "quality": "3", "dist_water": 1.0, "dist_ground": 0.3, "disturbance": 2, "abundance": 2, "memo": ""}}, {"type": "Feature", "geometry": {"type": "Point", "coordinates": [127.826005, 37.129426]}, "properties": {"id": "GH-13", "type": "배설물", "ws": "운계천합류전", "date": "2026-03-21", "width": 7, "depth": "1", "quality": "3", "dist_water": 3.0, "dist_ground": 0.3, "disturbance": 2, "abundance": 2, "memo": ""}}, {"type": "Feature", "geometry": {"type": "Point", "coordinates": [127.826407, 37.130404]}, "properties": {"id": "GH-20", "type": "배설물", "ws": "운계천합류전", "date": "2026-03-21", "width": 5, "depth": "1", "quality": "3", "dist_water": 2.0, "dist_ground": 0.3, "disturbance": 2, "abundance": 2, "memo": ""}}, {"type": "Feature", "geometry": {"type": "Point", "coordinates": [127.787374, 37.141372]}, "properties": {"id": "GH-28", "type": "배설물", "ws": "운계천합류전", "date": "2026-03-21", "width": 14, "depth": "1", "quality": "3", "dist_water": 0.1, "dist_ground": 0.1, "disturbance": 2, "abundance": 3, "memo": ""}}, {"type": "Feature", "geometry": {"type": "Point", "coordinates": [127.786441, 37.140433]}, "properties": {"id": "GH-29", "type": "배설물", "ws": "운계천합류전", "date": "2026-03-21", "width": 7, "depth": "1", "quality": "3", "dist_water": 0.1, "dist_ground": 0.3, "disturbance": 2, "abundance": 2, "memo": ""}}, {"type": "Feature", "geometry": {"type": "Point", "coordinates": [127.784312, 37.140666]}, "properties": {"id": "GH-30", "type": "배설물", "ws": "운계천합류전", "date": "2026-03-21", "width": 16, "depth": "1", "quality": "3", "dist_water": 0.1, "dist_ground": 0.1, "disturbance": 2, "abundance": 2, "memo": ""}}, {"type": "Feature", "geometry": {"type": "Point", "coordinates": [127.782894, 37.139713]}, "properties": {"id": "GH-31", "type": "배설물", "ws": "운계천합류전", "date": "2026-03-21", "width": 20, "depth": "1", "quality": "3", "dist_water": 0.1, "dist_ground": 0.3, "disturbance": 2, "abundance": 3, "memo": ""}}, {"type": "Feature", "geometry": {"type": "Point", "coordinates": [127.782838, 37.13975]}, "properties": {"id": "GH-32", "type": "배설물", "ws": "운계천합류전", "date": "2026-03-21", "width": 20, "depth": "1", "quality": "3", "dist_water": 0.1, "dist_ground": 0.3, "disturbance": 2, "abundance": 3, "memo": ""}}, {"type": "Feature", "geometry": {"type": "Point", "coordinates": [127.781232, 37.138652]}, "properties": {"id": "GH-33", "type": "배설물", "ws": "운계천합류전", "date": "2026-03-21", "width": 20, "depth": "1", "quality": "3", "dist_water": 0.2, "dist_ground": 0.4, "disturbance": 2, "abundance": 2, "memo": ""}}, {"type": "Feature", "geometry": {"type": "Point", "coordinates": [127.781193, 37.138695]}, "properties": {"id": "GH-34", "type": "배설물", "ws": "운계천합류전", "date": "2026-03-21", "width": 20, "depth": "1", "quality": "3", "dist_water": 0.2, "dist_ground": 0.4, "disturbance": 2, "abundance": 2, "memo": ""}}, {"type": "Feature", "geometry": {"type": "Point", "coordinates": [127.775823, 37.135692]}, "properties": {"id": "GH-37", "type": "배설물", "ws": "운계천합류전", "date": "2026-03-21", "width": 13, "depth": "1", "quality": "3", "dist_water": 1.5, "dist_ground": 0.3, "disturbance": 2, "abundance": 2, "memo": ""}}, {"type": "Feature", "geometry": {"type": "Point", "coordinates": [127.775787, 37.13572]}, "properties": {"id": "GH-41", "type": "배설물", "ws": "운계천합류전", "date": "2026-03-21", "width": 13, "depth": "1", "quality": "3", "dist_water": 1.5, "dist_ground": 0.3, "disturbance": 2, "abundance": 2, "memo": ""}}, {"type": "Feature", "geometry": {"type": "Point", "coordinates": [127.823984, 37.122821]}, "properties": {"id": "GH-10", "type": "발자국", "ws": "운계천합류전", "date": "2026-03-21", "width": 12, "depth": "1", "quality": "3", "dist_water": 1.0, "dist_ground": 0.2, "disturbance": 3, "abundance": 2, "memo": "민가인근"}}, {"type": "Feature", "geometry": {"type": "Point", "coordinates": [127.823918, 37.122808]}, "properties": {"id": "GH-07", "type": "배설물", "ws": "운계천합류전", "date": "2026-03-21", "width": 12, "depth": "1", "quality": "3", "dist_water": 1.0, "dist_ground": 0.2, "disturbance": 3, "abundance": 2, "memo": "민가인근"}}, {"type": "Feature", "geometry": {"type": "Point", "coordinates": [127.823926, 37.122808]}, "properties": {"id": "GH-06", "type": "배설물", "ws": "운계천합류전", "date": "2026-03-21", "width": 12, "depth": "1", "quality": "3", "dist_water": 1.0, "dist_ground": 0.2, "disturbance": 3, "abundance": 2, "memo": "민가인근"}}, {"type": "Feature", "geometry": {"type": "Point", "coordinates": [127.826022, 37.129429]}, "properties": {"id": "GH-14", "type": "배설물", "ws": "운계천합류전", "date": "2026-03-21", "width": 7, "depth": "1", "quality": "3", "dist_water": 3.0, "dist_ground": 0.3, "disturbance": 2, "abundance": 2, "memo": "부직포"}}, {"type": "Feature", "geometry": {"type": "Point", "coordinates": [127.826033, 37.129431]}, "properties": {"id": "GH-15", "type": "배설물", "ws": "운계천합류전", "date": "2026-03-21", "width": 7, "depth": "1", "quality": "3", "dist_water": 3.0, "dist_ground": 0.3, "disturbance": 2, "abundance": 2, "memo": ""}}, {"type": "Feature", "geometry": {"type": "Point", "coordinates": [127.826038, 37.129432]}, "properties": {"id": "GH-16", "type": "배설물", "ws": "운계천합류전", "date": "2026-03-21", "width": 7, "depth": "1", "quality": "3", "dist_water": 3.0, "dist_ground": 0.3, "disturbance": 2, "abundance": 2, "memo": ""}}, {"type": "Feature", "geometry": {"type": "Point", "coordinates": [127.826043, 37.129433]}, "properties": {"id": "GH-17", "type": "배설물", "ws": "운계천합류전", "date": "2026-03-21", "width": 7, "depth": "1", "quality": "3", "dist_water": 3.0, "dist_ground": 0.3, "disturbance": 2, "abundance": 2, "memo": ""}}, {"type": "Feature", "geometry": {"type": "Point", "coordinates": [127.826047, 37.129434]}, "properties": {"id": "GH-18", "type": "배설물", "ws": "운계천합류전", "date": "2026-03-21", "width": 7, "depth": "1", "quality": "3", "dist_water": 3.0, "dist_ground": 0.3, "disturbance": 2, "abundance": 2, "memo": ""}}, {"type": "Feature", "geometry": {"type": "Point", "coordinates": [127.826052, 37.129435]}, "properties": {"id": "GH-19", "type": "배설물", "ws": "운계천합류전", "date": "2026-03-21", "width": 7, "depth": "1", "quality": "3", "dist_water": 3.0, "dist_ground": 0.3, "disturbance": 2, "abundance": 2, "memo": ""}}, {"type": "Feature", "geometry": {"type": "Point", "coordinates": [127.826406, 37.1304]}, "properties": {"id": "GH-21", "type": "배설물", "ws": "운계천합류전", "date": "2026-03-21", "width": 5, "depth": "1", "quality": "3", "dist_water": 2.0, "dist_ground": 0.3, "disturbance": 2, "abundance": 2, "memo": ""}}, {"type": "Feature", "geometry": {"type": "Point", "coordinates": [127.826406, 37.130397]}, "properties": {"id": "GH-22", "type": "배설물", "ws": "운계천합류전", "date": "2026-03-21", "width": 5, "depth": "1", "quality": "3", "dist_water": 2.0, "dist_ground": 0.3, "disturbance": 2, "abundance": 2, "memo": ""}}, {"type": "Feature", "geometry": {"type": "Point", "coordinates": [127.826406, 37.130392]}, "properties": {"id": "GH-23", "type": "배설물", "ws": "운계천합류전", "date": "2026-03-21", "width": 5, "depth": "1", "quality": "3", "dist_water": 2.0, "dist_ground": 0.3, "disturbance": 2, "abundance": 2, "memo": ""}}, {"type": "Feature", "geometry": {"type": "Point", "coordinates": [127.826406, 37.130389]}, "properties": {"id": "GH-24", "type": "배설물", "ws": "운계천합류전", "date": "2026-03-21", "width": 5, "depth": "1", "quality": "3", "dist_water": 2.0, "dist_ground": 0.3, "disturbance": 2, "abundance": 2, "memo": ""}}, {"type": "Feature", "geometry": {"type": "Point", "coordinates": [127.775816, 37.13569]}, "properties": {"id": "GH-38", "type": "배설물", "ws": "운계천합류전", "date": "2026-03-21", "width": 13, "depth": "1", "quality": "3", "dist_water": 1.5, "dist_ground": 0.3, "disturbance": 2, "abundance": 2, "memo": ""}}, {"type": "Feature", "geometry": {"type": "Point", "coordinates": [127.77582, 37.135686]}, "properties": {"id": "GH-39", "type": "배설물", "ws": "운계천합류전", "date": "2026-03-21", "width": 13, "depth": "1", "quality": "3", "dist_water": 1.5, "dist_ground": 0.3, "disturbance": 2, "abundance": 2, "memo": ""}}, {"type": "Feature", "geometry": {"type": "Point", "coordinates": [127.775827, 37.135688]}, "properties": {"id": "GH-40", "type": "배설물", "ws": "운계천합류전", "date": "2026-03-21", "width": 13, "depth": "1", "quality": "3", "dist_water": 1.5, "dist_ground": 0.3, "disturbance": 2, "abundance": 2, "memo": ""}}, {"type": "Feature", "geometry": {"type": "Point", "coordinates": [127.775796, 37.135711]}, "properties": {"id": "GH-42", "type": "배설물", "ws": "운계천합류전", "date": "2026-03-21", "width": 13, "depth": "1", "quality": "3", "dist_water": 1.5, "dist_ground": 0.3, "disturbance": 2, "abundance": 2, "memo": ""}}, {"type": "Feature", "geometry": {"type": "Point", "coordinates": [127.764846, 37.041729]}, "properties": {"id": "GT-01", "type": "배설물", "ws": "운계천합류전", "date": "2026-03-20", "width": 60, "depth": "1", "quality": "3", "dist_water": 0.5, "dist_ground": 0.3, "disturbance": 1, "abundance": 1, "memo": ""}}, {"type": "Feature", "geometry": {"type": "Point", "coordinates": [127.764859, 37.041768]}, "properties": {"id": "GT-02", "type": "배설물", "ws": "운계천합류전", "date": "2026-03-20", "width": 60, "depth": "1", "quality": "3", "dist_water": 0.5, "dist_ground": 0.3, "disturbance": 1, "abundance": 1, "memo": ""}}, {"type": "Feature", "geometry": {"type": "Point", "coordinates": [127.76487, 37.041759]}, "properties": {"id": "GT-03", "type": "배설물", "ws": "운계천합류전", "date": "2026-03-20", "width": 60, "depth": "1", "quality": "3", "dist_water": 0.5, "dist_ground": 0.3, "disturbance": 1, "abundance": 1, "memo": ""}}, {"type": "Feature", "geometry": {"type": "Point", "coordinates": [127.765022, 37.041956]}, "properties": {"id": "GT-04", "type": "배설물", "ws": "운계천합류전", "date": "2026-03-20", "width": 60, "depth": "1", "quality": "3", "dist_water": 0.5, "dist_ground": 0.3, "disturbance": 1, "abundance": 1, "memo": ""}}, {"type": "Feature", "geometry": {"type": "Point", "coordinates": [127.76257, 37.042286]}, "properties": {"id": "GT-05", "type": "배설물", "ws": "운계천합류전", "date": "2026-03-20", "width": 14, "depth": "1", "quality": "3", "dist_water": 0.5, "dist_ground": 0.5, "disturbance": 1, "abundance": 1, "memo": ""}}, {"type": "Feature", "geometry": {"type": "Point", "coordinates": [127.762512, 37.042289]}, "properties": {"id": "GT-06", "type": "배설물", "ws": "운계천합류전", "date": "2026-03-20", "width": 14, "depth": "1", "quality": "3", "dist_water": 0.5, "dist_ground": 0.5, "disturbance": 1, "abundance": 1, "memo": ""}}, {"type": "Feature", "geometry": {"type": "Point", "coordinates": [127.76267, 37.042551]}, "properties": {"id": "GT-07", "type": "배설물", "ws": "운계천합류전", "date": "2026-03-20", "width": 14, "depth": "1", "quality": "3", "dist_water": 0.5, "dist_ground": 0.5, "disturbance": 1, "abundance": 1, "memo": ""}}, {"type": "Feature", "geometry": {"type": "Point", "coordinates": [127.762692, 37.042534]}, "properties": {"id": "GT-08", "type": "배설물", "ws": "운계천합류전", "date": "2026-03-20", "width": 14, "depth": "1", "quality": "3", "dist_water": 0.5, "dist_ground": 0.5, "disturbance": 1, "abundance": 1, "memo": ""}}, {"type": "Feature", "geometry": {"type": "Point", "coordinates": [127.761286, 37.042018]}, "properties": {"id": "GT-09", "type": "배설물", "ws": "운계천합류전", "date": "2026-03-20", "width": 50, "depth": "1", "quality": "3", "dist_water": 0.1, "dist_ground": 0.3, "disturbance": 1, "abundance": 1, "memo": ""}}, {"type": "Feature", "geometry": {"type": "Point", "coordinates": [127.761344, 37.041772]}, "properties": {"id": "GT-10", "type": "배설물", "ws": "운계천합류전", "date": "2026-03-20", "width": 50, "depth": "1", "quality": "3", "dist_water": 0.1, "dist_ground": 0.3, "disturbance": 1, "abundance": 1, "memo": ""}}, {"type": "Feature", "geometry": {"type": "Point", "coordinates": [127.760803, 37.041901]}, "properties": {"id": "GT-11", "type": "배설물", "ws": "운계천합류전", "date": "2026-03-20", "width": 50, "depth": "1", "quality": "3", "dist_water": 0.1, "dist_ground": 0.3, "disturbance": 1, "abundance": 1, "memo": ""}}, {"type": "Feature", "geometry": {"type": "Point", "coordinates": [127.756959, 37.042786]}, "properties": {"id": "GT-12", "type": "배설물", "ws": "운계천합류전", "date": "2026-03-20", "width": 84, "depth": "1", "quality": "3", "dist_water": 0.3, "dist_ground": 0.1, "disturbance": 1, "abundance": 1, "memo": ""}}, {"type": "Feature", "geometry": {"type": "Point", "coordinates": [127.757815, 37.043872]}, "properties": {"id": "GT-13", "type": "배설물", "ws": "운계천합류전", "date": "2026-03-20", "width": 37, "depth": "1", "quality": "3", "dist_water": 10.0, "dist_ground": 3.0, "disturbance": 1, "abundance": 1, "memo": ""}}, {"type": "Feature", "geometry": {"type": "Point", "coordinates": [127.749537, 37.045275]}, "properties": {"id": "GT-16", "type": "배설물", "ws": "운계천합류전", "date": "2026-03-20", "width": 62, "depth": "1", "quality": "3", "dist_water": 0.2, "dist_ground": 0.2, "disturbance": 1, "abundance": 2, "memo": ""}}, {"type": "Feature", "geometry": {"type": "Point", "coordinates": [127.749034, 37.045406]}, "properties": {"id": "GT-17", "type": "배설물", "ws": "운계천합류전", "date": "2026-03-20", "width": 63, "depth": "1", "quality": "3", "dist_water": 0.2, "dist_ground": 0.2, "disturbance": 1, "abundance": 2, "memo": ""}}, {"type": "Feature", "geometry": {"type": "Point", "coordinates": [127.748835, 37.04545]}, "properties": {"id": "GT-18", "type": "배설물", "ws": "운계천합류전", "date": "2026-03-20", "width": 63, "depth": "1", "quality": "3", "dist_water": 0.2, "dist_ground": 0.2, "disturbance": 1, "abundance": 2, "memo": ""}}, {"type": "Feature", "geometry": {"type": "Point", "coordinates": [127.748837, 37.045447]}, "properties": {"id": "GT-19", "type": "배설물", "ws": "운계천합류전", "date": "2026-03-20", "width": 63, "depth": "1", "quality": "3", "dist_water": 0.2, "dist_ground": 0.2, "disturbance": 1, "abundance": 2, "memo": ""}}, {"type": "Feature", "geometry": {"type": "Point", "coordinates": [127.747515, 37.045616]}, "properties": {"id": "GT-20", "type": "배설물", "ws": "운계천합류전", "date": "2026-03-20", "width": 58, "depth": "2", "quality": "3", "dist_water": 0.1, "dist_ground": 0.5, "disturbance": 1, "abundance": 2, "memo": ""}}, {"type": "Feature", "geometry": {"type": "Point", "coordinates": [127.744924, 37.045971]}, "properties": {"id": "GT-21", "type": "배설물", "ws": "운계천합류전", "date": "2026-03-20", "width": 43, "depth": "1", "quality": "3", "dist_water": 0.3, "dist_ground": 0.3, "disturbance": 1, "abundance": 2, "memo": ""}}, {"type": "Feature", "geometry": {"type": "Point", "coordinates": [127.738799, 37.0454]}, "properties": {"id": "GT-23", "type": "배설물", "ws": "운계천합류전", "date": "2026-03-20", "width": 43, "depth": "1", "quality": "3", "dist_water": 3.0, "dist_ground": 0.1, "disturbance": 1, "abundance": 2, "memo": ""}}, {"type": "Feature", "geometry": {"type": "Point", "coordinates": [127.735725, 37.04566]}, "properties": {"id": "GT-24", "type": "배설물", "ws": "운계천합류전", "date": "2026-03-20", "width": 37, "depth": "1", "quality": "3", "dist_water": 0.3, "dist_ground": 0.3, "disturbance": 1, "abundance": 2, "memo": ""}}, {"type": "Feature", "geometry": {"type": "Point", "coordinates": [127.735719, 37.045712]}, "properties": {"id": "GT-25", "type": "배설물", "ws": "운계천합류전", "date": "2026-03-20", "width": 37, "depth": "1", "quality": "3", "dist_water": 0.3, "dist_ground": 0.3, "disturbance": 1, "abundance": 2, "memo": ""}}, {"type": "Feature", "geometry": {"type": "Point", "coordinates": [127.735328, 37.045843]}, "properties": {"id": "GT-26", "type": "배설물", "ws": "운계천합류전", "date": "2026-03-20", "width": 37, "depth": "1", "quality": "3", "dist_water": 0.3, "dist_ground": 0.3, "disturbance": 1, "abundance": 2, "memo": ""}}, {"type": "Feature", "geometry": {"type": "Point", "coordinates": [127.735317, 37.045841]}, "properties": {"id": "GT-27", "type": "배설물", "ws": "운계천합류전", "date": "2026-03-20", "width": 37, "depth": "1", "quality": "3", "dist_water": 0.3, "dist_ground": 0.3, "disturbance": 1, "abundance": 2, "memo": ""}}, {"type": "Feature", "geometry": {"type": "Point", "coordinates": [127.73531, 37.04584]}, "properties": {"id": "GT-28", "type": "배설물", "ws": "운계천합류전", "date": "2026-03-20", "width": 37, "depth": "1", "quality": "3", "dist_water": 0.3, "dist_ground": 0.3, "disturbance": 1, "abundance": 2, "memo": ""}}, {"type": "Feature", "geometry": {"type": "Point", "coordinates": [127.732986, 37.047506]}, "properties": {"id": "GT-30", "type": "배설물", "ws": "운계천합류전", "date": "2026-03-20", "width": 55, "depth": "1", "quality": "3", "dist_water": 0.3, "dist_ground": 0.5, "disturbance": 1, "abundance": 1, "memo": ""}}, {"type": "Feature", "geometry": {"type": "Point", "coordinates": [127.731939, 37.047938]}, "properties": {"id": "GT-31", "type": "배설물", "ws": "운계천합류전", "date": "2026-03-20", "width": 41, "depth": "1", "quality": "3", "dist_water": 0.5, "dist_ground": 0.1, "disturbance": 1, "abundance": 2, "memo": ""}}, {"type": "Feature", "geometry": {"type": "Point", "coordinates": [127.731494, 37.047984]}, "properties": {"id": "GT-32", "type": "배설물", "ws": "운계천합류전", "date": "2026-03-20", "width": 41, "depth": "1", "quality": "3", "dist_water": 0.5, "dist_ground": 0.1, "disturbance": 1, "abundance": 2, "memo": ""}}, {"type": "Feature", "geometry": {"type": "Point", "coordinates": [127.728554, 37.047855]}, "properties": {"id": "GT-33", "type": "배설물", "ws": "운계천합류전", "date": "2026-03-20", "width": 38, "depth": "1", "quality": "3", "dist_water": 0.1, "dist_ground": 0.2, "disturbance": 1, "abundance": 2, "memo": ""}}, {"type": "Feature", "geometry": {"type": "Point", "coordinates": [127.728108, 37.047901]}, "properties": {"id": "GT-34", "type": "배설물", "ws": "운계천합류전", "date": "2026-03-20", "width": 38, "depth": "1", "quality": "3", "dist_water": 0.1, "dist_ground": 0.2, "disturbance": 1, "abundance": 2, "memo": ""}}, {"type": "Feature", "geometry": {"type": "Point", "coordinates": [127.710399, 37.046996]}, "properties": {"id": "GT-38", "type": "배설물", "ws": "운계천합류전", "date": "2026-03-20", "width": 16, "depth": "1", "quality": "3", "dist_water": 3.0, "dist_ground": 0.1, "disturbance": 1, "abundance": 1, "memo": ""}}, {"type": "Feature", "geometry": {"type": "Point", "coordinates": [127.709877, 37.046659]}, "properties": {"id": "GT-39", "type": "배설물", "ws": "운계천합류전", "date": "2026-03-20", "width": 12, "depth": "1", "quality": "3", "dist_water": 1.0, "dist_ground": 0.1, "disturbance": 1, "abundance": 1, "memo": ""}}, {"type": "Feature", "geometry": {"type": "Point", "coordinates": [127.708242, 37.044914]}, "properties": {"id": "GT-40", "type": "배설물", "ws": "운계천합류전", "date": "2026-03-20", "width": 16, "depth": "1", "quality": "3", "dist_water": 0.1, "dist_ground": 0.3, "disturbance": 1, "abundance": 2, "memo": ""}}, {"type": "Feature", "geometry": {"type": "Point", "coordinates": [127.707959, 37.044814]}, "properties": {"id": "GT-41", "type": "배설물", "ws": "운계천합류전", "date": "2026-03-20", "width": 16, "depth": "1", "quality": "3", "dist_water": 0.1, "dist_ground": 0.3, "disturbance": 1, "abundance": 2, "memo": ""}}, {"type": "Feature", "geometry": {"type": "Point", "coordinates": [127.70597, 37.043344]}, "properties": {"id": "GT-43", "type": "배설물", "ws": "운계천합류전", "date": "2026-03-20", "width": 16, "depth": "1", "quality": "3", "dist_water": 2.0, "dist_ground": 0.2, "disturbance": 1, "abundance": 1, "memo": ""}}, {"type": "Feature", "geometry": {"type": "Point", "coordinates": [127.693596, 37.04359]}, "properties": {"id": "GT-49", "type": "배설물", "ws": "운계천합류전", "date": "2026-03-20", "width": 6, "depth": "1", "quality": "3", "dist_water": 0.5, "dist_ground": 0.5, "disturbance": 1, "abundance": 1, "memo": ""}}, {"type": "Feature", "geometry": {"type": "Point", "coordinates": [127.763221, 37.105422]}, "properties": {"id": "GT-01", "type": "배설물", "ws": "운계천합류전", "date": "2026-03-21", "width": 25, "depth": "1", "quality": "3", "dist_water": 2.0, "dist_ground": 0.2, "disturbance": 2, "abundance": 1, "memo": ""}}, {"type": "Feature", "geometry": {"type": "Point", "coordinates": [127.763138, 37.105449]}, "properties": {"id": "GT-02", "type": "배설물", "ws": "운계천합류전", "date": "2026-03-21", "width": 25, "depth": "1", "quality": "3", "dist_water": 2.0, "dist_ground": 0.2, "disturbance": 2, "abundance": 1, "memo": "풀"}}, {"type": "Feature", "geometry": {"type": "Point", "coordinates": [127.76189, 37.104393]}, "properties": {"id": "GT-03", "type": "배설물", "ws": "운계천합류전", "date": "2026-03-21", "width": 15, "depth": "1", "quality": "3", "dist_water": 0.3, "dist_ground": 0.1, "disturbance": 2, "abundance": 1, "memo": ""}}, {"type": "Feature", "geometry": {"type": "Point", "coordinates": [127.756586, 37.099868]}, "properties": {"id": "GT-05", "type": "배설물", "ws": "운계천합류전", "date": "2026-03-21", "width": 10, "depth": "2", "quality": "2", "dist_water": 0.5, "dist_ground": 0.5, "disturbance": 1, "abundance": 2, "memo": ""}}, {"type": "Feature", "geometry": {"type": "Point", "coordinates": [127.75658, 37.099876]}, "properties": {"id": "GT-06", "type": "배설물", "ws": "운계천합류전", "date": "2026-03-21", "width": 10, "depth": "2", "quality": "2", "dist_water": 0.5, "dist_ground": 0.5, "disturbance": 1, "abundance": 2, "memo": ""}}, {"type": "Feature", "geometry": {"type": "Point", "coordinates": [127.756576, 37.099873]}, "properties": {"id": "GT-07", "type": "배설물", "ws": "운계천합류전", "date": "2026-03-21", "width": 10, "depth": "2", "quality": "2", "dist_water": 0.5, "dist_ground": 0.5, "disturbance": 1, "abundance": 2, "memo": ""}}, {"type": "Feature", "geometry": {"type": "Point", "coordinates": [127.756529, 37.099934]}, "properties": {"id": "GT-08", "type": "배설물", "ws": "운계천합류전", "date": "2026-03-21", "width": 10, "depth": "2", "quality": "2", "dist_water": 0.5, "dist_ground": 0.5, "disturbance": 1, "abundance": 2, "memo": ""}}, {"type": "Feature", "geometry": {"type": "Point", "coordinates": [127.757035, 37.100163]}, "properties": {"id": "GT-09", "type": "배설물", "ws": "운계천합류전", "date": "2026-03-21", "width": 17, "depth": "2", "quality": "2", "dist_water": 0.3, "dist_ground": 0.5, "disturbance": 1, "abundance": 2, "memo": ""}}, {"type": "Feature", "geometry": {"type": "Point", "coordinates": [127.751863, 37.089878]}, "properties": {"id": "GT-12", "type": "배설물", "ws": "운계천합류전", "date": "2026-03-21", "width": 5, "depth": "1", "quality": "2", "dist_water": 0.5, "dist_ground": 0.2, "disturbance": 2, "abundance": 1, "memo": ""}}, {"type": "Feature", "geometry": {"type": "Point", "coordinates": [127.75187, 37.089865]}, "properties": {"id": "GT-13", "type": "배설물", "ws": "운계천합류전", "date": "2026-03-21", "width": 5, "depth": "1", "quality": "2", "dist_water": 0.5, "dist_ground": 0.2, "disturbance": 2, "abundance": 1, "memo": ""}}, {"type": "Feature", "geometry": {"type": "Point", "coordinates": [127.751868, 37.089851]}, "properties": {"id": "GT-14", "type": "배설물", "ws": "운계천합류전", "date": "2026-03-21", "width": 5, "depth": "1", "quality": "2", "dist_water": 0.5, "dist_ground": 0.2, "disturbance": 2, "abundance": 1, "memo": ""}}, {"type": "Feature", "geometry": {"type": "Point", "coordinates": [127.752575, 37.08673]}, "properties": {"id": "GT-17", "type": "배설물", "ws": "운계천합류전", "date": "2026-03-21", "width": 6, "depth": "1", "quality": "2", "dist_water": 1.0, "dist_ground": 0.2, "disturbance": 1, "abundance": 1, "memo": ""}}, {"type": "Feature", "geometry": {"type": "Point", "coordinates": [127.752571, 37.086734]}, "properties": {"id": "GT-18", "type": "배설물", "ws": "운계천합류전", "date": "2026-03-21", "width": 6, "depth": "1", "quality": "2", "dist_water": 1.0, "dist_ground": 0.2, "disturbance": 1, "abundance": 1, "memo": ""}}, {"type": "Feature", "geometry": {"type": "Point", "coordinates": [127.75257, 37.086738]}, "properties": {"id": "GT-19", "type": "배설물", "ws": "운계천합류전", "date": "2026-03-21", "width": 6, "depth": "1", "quality": "2", "dist_water": 1.0, "dist_ground": 0.2, "disturbance": 1, "abundance": 1, "memo": ""}}, {"type": "Feature", "geometry": {"type": "Point", "coordinates": [127.752566, 37.086741]}, "properties": {"id": "GT-20", "type": "배설물", "ws": "운계천합류전", "date": "2026-03-21", "width": 6, "depth": "1", "quality": "2", "dist_water": 1.0, "dist_ground": 0.2, "disturbance": 1, "abundance": 1, "memo": ""}}, {"type": "Feature", "geometry": {"type": "Point", "coordinates": [127.75256, 37.086746]}, "properties": {"id": "GT-21", "type": "배설물", "ws": "운계천합류전", "date": "2026-03-21", "width": 6, "depth": "1", "quality": "2", "dist_water": 1.0, "dist_ground": 0.2, "disturbance": 1, "abundance": 1, "memo": ""}}, {"type": "Feature", "geometry": {"type": "Point", "coordinates": [127.752401, 37.087806]}, "properties": {"id": "GT-22", "type": "배설물", "ws": "운계천합류전", "date": "2026-03-21", "width": 4, "depth": "1", "quality": "2", "dist_water": 0.3, "dist_ground": 0.5, "disturbance": 1, "abundance": 1, "memo": ""}}, {"type": "Feature", "geometry": {"type": "Point", "coordinates": [127.752381, 37.087834]}, "properties": {"id": "GT-23", "type": "배설물", "ws": "운계천합류전", "date": "2026-03-21", "width": 4, "depth": "1", "quality": "2", "dist_water": 0.3, "dist_ground": 0.5, "disturbance": 1, "abundance": 1, "memo": ""}}, {"type": "Feature", "geometry": {"type": "Point", "coordinates": [127.752548, 37.088062]}, "properties": {"id": "GT-24", "type": "배설물", "ws": "운계천합류전", "date": "2026-03-21", "width": 6, "depth": "1", "quality": "2", "dist_water": 0.5, "dist_ground": 0.3, "disturbance": 2, "abundance": 1, "memo": ""}}, {"type": "Feature", "geometry": {"type": "Point", "coordinates": [127.75255, 37.088072]}, "properties": {"id": "GT-25", "type": "배설물", "ws": "운계천합류전", "date": "2026-03-21", "width": 6, "depth": "1", "quality": "2", "dist_water": 0.5, "dist_ground": 0.3, "disturbance": 2, "abundance": 1, "memo": ""}}, {"type": "Feature", "geometry": {"type": "Point", "coordinates": [127.749476, 37.110484]}, "properties": {"id": "GT-26", "type": "배설물", "ws": "운계천합류전", "date": "2026-03-21", "width": 14, "depth": "1", "quality": "3", "dist_water": 1.0, "dist_ground": 0.2, "disturbance": 1, "abundance": 1, "memo": ""}}, {"type": "Feature", "geometry": {"type": "Point", "coordinates": [127.749485, 37.110483]}, "properties": {"id": "GT-27", "type": "배설물", "ws": "운계천합류전", "date": "2026-03-21", "width": 14, "depth": "1", "quality": "3", "dist_water": 1.0, "dist_ground": 0.2, "disturbance": 1, "abundance": 1, "memo": ""}}, {"type": "Feature", "geometry": {"type": "Point", "coordinates": [127.749496, 37.110481]}, "properties": {"id": "GT-28", "type": "배설물", "ws": "운계천합류전", "date": "2026-03-21", "width": 14, "depth": "1", "quality": "3", "dist_water": 1.0, "dist_ground": 0.2, "disturbance": 1, "abundance": 1, "memo": ""}}, {"type": "Feature", "geometry": {"type": "Point", "coordinates": [127.749549, 37.110449]}, "properties": {"id": "GT-29", "type": "발자국", "ws": "운계천합류전", "date": "2026-03-21", "width": 14, "depth": "1", "quality": "3", "dist_water": 1.0, "dist_ground": 0.2, "disturbance": 1, "abundance": 1, "memo": ""}}, {"type": "Feature", "geometry": {"type": "Point", "coordinates": [127.749552, 37.110444]}, "properties": {"id": "GT-30", "type": "배설물", "ws": "운계천합류전", "date": "2026-03-21", "width": 14, "depth": "1", "quality": "3", "dist_water": 1.0, "dist_ground": 0.2, "disturbance": 1, "abundance": 1, "memo": "건초"}}, {"type": "Feature", "geometry": {"type": "Point", "coordinates": [127.749554, 37.110439]}, "properties": {"id": "GT-31", "type": "배설물", "ws": "운계천합류전", "date": "2026-03-21", "width": 14, "depth": "1", "quality": "3", "dist_water": 1.0, "dist_ground": 0.2, "disturbance": 1, "abundance": 1, "memo": ""}}, {"type": "Feature", "geometry": {"type": "Point", "coordinates": [127.749519, 37.110295]}, "properties": {"id": "GT-32", "type": "배설물", "ws": "운계천합류전", "date": "2026-03-21", "width": 14, "depth": "1", "quality": "3", "dist_water": 1.0, "dist_ground": 0.2, "disturbance": 1, "abundance": 1, "memo": ""}}, {"type": "Feature", "geometry": {"type": "Point", "coordinates": [127.749556, 37.112168]}, "properties": {"id": "GT-33", "type": "배설물", "ws": "운계천합류전", "date": "2026-03-21", "width": 12, "depth": "1", "quality": "3", "dist_water": 0.5, "dist_ground": 0.1, "disturbance": 2, "abundance": 1, "memo": "건초"}}, {"type": "Feature", "geometry": {"type": "Point", "coordinates": [127.749464, 37.113013]}, "properties": {"id": "GT-34", "type": "배설물", "ws": "운계천합류전", "date": "2026-03-21", "width": 12, "depth": "1", "quality": "4", "dist_water": 1.0, "dist_ground": 0.2, "disturbance": 2, "abundance": 1, "memo": ""}}, {"type": "Feature", "geometry": {"type": "Point", "coordinates": [127.749474, 37.113062]}, "properties": {"id": "GT-35", "type": "발자국", "ws": "운계천합류전", "date": "2026-03-21", "width": 12, "depth": "1", "quality": "4", "dist_water": 1.0, "dist_ground": 0.2, "disturbance": 2, "abundance": 1, "memo": ""}}, {"type": "Feature", "geometry": {"type": "Point", "coordinates": [127.748692, 37.115573]}, "properties": {"id": "GT-36", "type": "배설물", "ws": "운계천합류전", "date": "2026-03-21", "width": 18, "depth": "1", "quality": "4", "dist_water": 1.0, "dist_ground": 0.5, "disturbance": 2, "abundance": 1, "memo": ""}}, {"type": "Feature", "geometry": {"type": "Point", "coordinates": [127.7487, 37.115586]}, "properties": {"id": "GT-37", "type": "배설물", "ws": "운계천합류전", "date": "2026-03-21", "width": 18, "depth": "1", "quality": "4", "dist_water": 1.0, "dist_ground": 0.5, "disturbance": 2, "abundance": 1, "memo": ""}}, {"type": "Feature", "geometry": {"type": "Point", "coordinates": [127.748707, 37.115576]}, "properties": {"id": "GT-38", "type": "배설물", "ws": "운계천합류전", "date": "2026-03-21", "width": 18, "depth": "1", "quality": "4", "dist_water": 1.0, "dist_ground": 0.5, "disturbance": 2, "abundance": 1, "memo": ""}}, {"type": "Feature", "geometry": {"type": "Point", "coordinates": [127.748713, 37.115584]}, "properties": {"id": "GT-39", "type": "배설물", "ws": "운계천합류전", "date": "2026-03-21", "width": 18, "depth": "1", "quality": "4", "dist_water": 1.0, "dist_ground": 0.5, "disturbance": 2, "abundance": 1, "memo": ""}}, {"type": "Feature", "geometry": {"type": "Point", "coordinates": [127.748714, 37.115592]}, "properties": {"id": "GT-40", "type": "배설물", "ws": "운계천합류전", "date": "2026-03-21", "width": 18, "depth": "1", "quality": "4", "dist_water": 1.0, "dist_ground": 0.5, "disturbance": 2, "abundance": 1, "memo": ""}}, {"type": "Feature", "geometry": {"type": "Point", "coordinates": [127.748719, 37.115588]}, "properties": {"id": "GT-41", "type": "배설물", "ws": "운계천합류전", "date": "2026-03-21", "width": 18, "depth": "1", "quality": "4", "dist_water": 1.0, "dist_ground": 0.5, "disturbance": 2, "abundance": 1, "memo": ""}}, {"type": "Feature", "geometry": {"type": "Point", "coordinates": [127.748564, 37.115523]}, "properties": {"id": "GT-42", "type": "배설물", "ws": "운계천합류전", "date": "2026-03-21", "width": 18, "depth": "1", "quality": "4", "dist_water": 1.0, "dist_ground": 0.5, "disturbance": 2, "abundance": 1, "memo": ""}}, {"type": "Feature", "geometry": {"type": "Point", "coordinates": [127.748577, 37.115527]}, "properties": {"id": "GT-43", "type": "배설물", "ws": "운계천합류전", "date": "2026-03-21", "width": 18, "depth": "1", "quality": "4", "dist_water": 1.0, "dist_ground": 0.5, "disturbance": 2, "abundance": 1, "memo": ""}}, {"type": "Feature", "geometry": {"type": "Point", "coordinates": [127.74612, 37.11965]}, "properties": {"id": "GT-48", "type": "배설물", "ws": "운계천합류전", "date": "2026-03-21", "width": 9, "depth": "1", "quality": "4", "dist_water": 1.0, "dist_ground": 0.3, "disturbance": 2, "abundance": 1, "memo": ""}}, {"type": "Feature", "geometry": {"type": "Point", "coordinates": [127.746121, 37.119665]}, "properties": {"id": "GT-49", "type": "배설물", "ws": "운계천합류전", "date": "2026-03-21", "width": 9, "depth": "1", "quality": "4", "dist_water": 1.0, "dist_ground": 0.3, "disturbance": 2, "abundance": 1, "memo": ""}}, {"type": "Feature", "geometry": {"type": "Point", "coordinates": [127.748343, 37.110589]}, "properties": {"id": "GT-52", "type": "배설물", "ws": "운계천합류전", "date": "2026-03-21", "width": 35, "depth": "1", "quality": "3", "dist_water": 2.0, "dist_ground": 0.1, "disturbance": 2, "abundance": 1, "memo": ""}}, {"type": "Feature", "geometry": {"type": "Point", "coordinates": [127.748355, 37.110585]}, "properties": {"id": "GT-53", "type": "배설물", "ws": "운계천합류전", "date": "2026-03-21", "width": 35, "depth": "1", "quality": "3", "dist_water": 2.0, "dist_ground": 0.1, "disturbance": 2, "abundance": 1, "memo": ""}}, {"type": "Feature", "geometry": {"type": "Point", "coordinates": [127.748383, 37.110583]}, "properties": {"id": "GT-54", "type": "배설물", "ws": "운계천합류전", "date": "2026-03-21", "width": 35, "depth": "1", "quality": "3", "dist_water": 2.0, "dist_ground": 0.1, "disturbance": 2, "abundance": 1, "memo": ""}}, {"type": "Feature", "geometry": {"type": "Point", "coordinates": [127.745348, 37.109677]}, "properties": {"id": "GT-56", "type": "배설물", "ws": "운계천합류전", "date": "2026-03-21", "width": 21, "depth": "1", "quality": "4", "dist_water": 1.0, "dist_ground": 0.3, "disturbance": 2, "abundance": 1, "memo": ""}}, {"type": "Feature", "geometry": {"type": "Point", "coordinates": [127.745366, 37.109711]}, "properties": {"id": "GT-57", "type": "배설물", "ws": "운계천합류전", "date": "2026-03-21", "width": 21, "depth": "1", "quality": "4", "dist_water": 1.0, "dist_ground": 0.3, "disturbance": 2, "abundance": 1, "memo": ""}}, {"type": "Feature", "geometry": {"type": "Point", "coordinates": [127.745424, 37.109645]}, "properties": {"id": "GT-58", "type": "배설물", "ws": "운계천합류전", "date": "2026-03-21", "width": 21, "depth": "1", "quality": "4", "dist_water": 1.0, "dist_ground": 0.3, "disturbance": 2, "abundance": 1, "memo": ""}}, {"type": "Feature", "geometry": {"type": "Point", "coordinates": [127.745441, 37.109663]}, "properties": {"id": "GT-59", "type": "배설물", "ws": "운계천합류전", "date": "2026-03-21", "width": 21, "depth": "1", "quality": "4", "dist_water": 1.0, "dist_ground": 0.3, "disturbance": 2, "abundance": 1, "memo": ""}}, {"type": "Feature", "geometry": {"type": "Point", "coordinates": [127.74545, 37.109673]}, "properties": {"id": "GT-60", "type": "배설물", "ws": "운계천합류전", "date": "2026-03-21", "width": 21, "depth": "1", "quality": "4", "dist_water": 1.0, "dist_ground": 0.3, "disturbance": 2, "abundance": 1, "memo": ""}}, {"type": "Feature", "geometry": {"type": "Point", "coordinates": [127.743557, 37.108607]}, "properties": {"id": "GT-61", "type": "배설물", "ws": "운계천합류전", "date": "2026-03-21", "width": 13, "depth": "1", "quality": "4", "dist_water": 0.5, "dist_ground": 0.1, "disturbance": 2, "abundance": 1, "memo": ""}}, {"type": "Feature", "geometry": {"type": "Point", "coordinates": [127.743557, 37.108601]}, "properties": {"id": "GT-62", "type": "배설물", "ws": "운계천합류전", "date": "2026-03-21", "width": 13, "depth": "1", "quality": "4", "dist_water": 0.5, "dist_ground": 0.1, "disturbance": 2, "abundance": 1, "memo": ""}}, {"type": "Feature", "geometry": {"type": "Point", "coordinates": [127.743553, 37.108603]}, "properties": {"id": "GT-63", "type": "배설물", "ws": "운계천합류전", "date": "2026-03-21", "width": 13, "depth": "1", "quality": "4", "dist_water": 0.5, "dist_ground": 0.1, "disturbance": 2, "abundance": 1, "memo": ""}}, {"type": "Feature", "geometry": {"type": "Point", "coordinates": [127.743149, 37.107539]}, "properties": {"id": "GT-64", "type": "배설물", "ws": "운계천합류전", "date": "2026-03-21", "width": 9, "depth": "1", "quality": "4", "dist_water": 0.3, "dist_ground": 0.5, "disturbance": 2, "abundance": 1, "memo": ""}}, {"type": "Feature", "geometry": {"type": "Point", "coordinates": [127.740964, 37.104962]}, "properties": {"id": "GT-66", "type": "배설물", "ws": "운계천합류전", "date": "2026-03-21", "width": 10, "depth": "1", "quality": "3", "dist_water": 1.0, "dist_ground": 0.2, "disturbance": 2, "abundance": 1, "memo": ""}}, {"type": "Feature", "geometry": {"type": "Point", "coordinates": [127.740826, 37.104819]}, "properties": {"id": "GT-67", "type": "배설물", "ws": "운계천합류전", "date": "2026-03-21", "width": 10, "depth": "1", "quality": "3", "dist_water": 1.0, "dist_ground": 0.2, "disturbance": 2, "abundance": 1, "memo": ""}}, {"type": "Feature", "geometry": {"type": "Point", "coordinates": [127.741162, 37.1006]}, "properties": {"id": "GT-68", "type": "배설물", "ws": "운계천합류전", "date": "2026-03-21", "width": 57, "depth": "5", "quality": "4", "dist_water": 0.5, "dist_ground": 0.2, "disturbance": 4, "abundance": 3, "memo": ""}}, {"type": "Feature", "geometry": {"type": "Point", "coordinates": [127.741527, 37.100598]}, "properties": {"id": "GT-69", "type": "배설물", "ws": "운계천합류전", "date": "2026-03-21", "width": 57, "depth": "5", "quality": "4", "dist_water": 0.5, "dist_ground": 0.2, "disturbance": 4, "abundance": 3, "memo": ""}}, {"type": "Feature", "geometry": {"type": "Point", "coordinates": [127.745467, 37.111903]}, "properties": {"id": "GT-75", "type": "배설물", "ws": "운계천합류전", "date": "2026-03-21", "width": 30, "depth": "1", "quality": "3", "dist_water": 0.5, "dist_ground": 0.3, "disturbance": 2, "abundance": 1, "memo": ""}}, {"type": "Feature", "geometry": {"type": "Point", "coordinates": [127.745774, 37.111878]}, "properties": {"id": "GT-76", "type": "배설물", "ws": "운계천합류전", "date": "2026-03-21", "width": 30, "depth": "1", "quality": "3", "dist_water": 0.5, "dist_ground": 0.3, "disturbance": 2, "abundance": 1, "memo": ""}}, {"type": "Feature", "geometry": {"type": "Point", "coordinates": [127.745565, 37.111892]}, "properties": {"id": "GT-77", "type": "배설물", "ws": "운계천합류전", "date": "2026-03-21", "width": 30, "depth": "1", "quality": "3", "dist_water": 0.5, "dist_ground": 0.3, "disturbance": 2, "abundance": 1, "memo": ""}}, {"type": "Feature", "geometry": {"type": "Point", "coordinates": [127.740469, 37.111111]}, "properties": {"id": "GT-78", "type": "배설물", "ws": "운계천합류전", "date": "2026-03-21", "width": 30, "depth": "1", "quality": "3", "dist_water": 2.0, "dist_ground": 0.2, "disturbance": 2, "abundance": 1, "memo": ""}}, {"type": "Feature", "geometry": {"type": "Point", "coordinates": [127.740476, 37.111112]}, "properties": {"id": "GT-79", "type": "배설물", "ws": "운계천합류전", "date": "2026-03-21", "width": 30, "depth": "1", "quality": "3", "dist_water": 2.0, "dist_ground": 0.2, "disturbance": 2, "abundance": 1, "memo": ""}}, {"type": "Feature", "geometry": {"type": "Point", "coordinates": [127.740476, 37.111115]}, "properties": {"id": "GT-80", "type": "배설물", "ws": "운계천합류전", "date": "2026-03-21", "width": 30, "depth": "1", "quality": "3", "dist_water": 2.0, "dist_ground": 0.2, "disturbance": 2, "abundance": 1, "memo": ""}}, {"type": "Feature", "geometry": {"type": "Point", "coordinates": [127.740473, 37.111132]}, "properties": {"id": "GT-81", "type": "배설물", "ws": "운계천합류전", "date": "2026-03-21", "width": 30, "depth": "1", "quality": "3", "dist_water": 2.0, "dist_ground": 0.2, "disturbance": 2, "abundance": 1, "memo": "건초"}}, {"type": "Feature", "geometry": {"type": "Point", "coordinates": [127.740446, 37.111172]}, "properties": {"id": "GT-82", "type": "배설물", "ws": "운계천합류전", "date": "2026-03-21", "width": 30, "depth": "1", "quality": "3", "dist_water": 2.0, "dist_ground": 0.2, "disturbance": 2, "abundance": 1, "memo": ""}}, {"type": "Feature", "geometry": {"type": "Point", "coordinates": [127.740452, 37.111174]}, "properties": {"id": "GT-83", "type": "배설물", "ws": "운계천합류전", "date": "2026-03-21", "width": 30, "depth": "1", "quality": "3", "dist_water": 2.0, "dist_ground": 0.2, "disturbance": 2, "abundance": 1, "memo": ""}}, {"type": "Feature", "geometry": {"type": "Point", "coordinates": [127.740456, 37.111175]}, "properties": {"id": "GT-84", "type": "배설물", "ws": "운계천합류전", "date": "2026-03-21", "width": 30, "depth": "1", "quality": "3", "dist_water": 2.0, "dist_ground": 0.2, "disturbance": 2, "abundance": 1, "memo": ""}}, {"type": "Feature", "geometry": {"type": "Point", "coordinates": [127.740543, 37.11095]}, "properties": {"id": "GT-85", "type": "배설물", "ws": "운계천합류전", "date": "2026-03-21", "width": 30, "depth": "1", "quality": "3", "dist_water": 2.0, "dist_ground": 0.2, "disturbance": 2, "abundance": 1, "memo": ""}}, {"type": "Feature", "geometry": {"type": "Point", "coordinates": [127.735909, 37.10855]}, "properties": {"id": "GT-86", "type": "배설물", "ws": "운계천합류전", "date": "2026-03-21", "width": 24, "depth": "1", "quality": "3", "dist_water": 2.0, "dist_ground": 0.5, "disturbance": 2, "abundance": 1, "memo": ""}}, {"type": "Feature", "geometry": {"type": "Point", "coordinates": [127.735892, 37.10853]}, "properties": {"id": "GT-87", "type": "발자국", "ws": "운계천합류전", "date": "2026-03-21", "width": 24, "depth": "1", "quality": "3", "dist_water": 2.0, "dist_ground": 0.5, "disturbance": 2, "abundance": 1, "memo": ""}}, {"type": "Feature", "geometry": {"type": "Point", "coordinates": [127.735885, 37.10853]}, "properties": {"id": "GT-88", "type": "배설물", "ws": "운계천합류전", "date": "2026-03-21", "width": 24, "depth": "1", "quality": "3", "dist_water": 2.0, "dist_ground": 0.5, "disturbance": 2, "abundance": 1, "memo": ""}}, {"type": "Feature", "geometry": {"type": "Point", "coordinates": [127.735862, 37.108537]}, "properties": {"id": "GT-89", "type": "배설물", "ws": "운계천합류전", "date": "2026-03-21", "width": 24, "depth": "1", "quality": "3", "dist_water": 2.0, "dist_ground": 0.5, "disturbance": 2, "abundance": 1, "memo": ""}}, {"type": "Feature", "geometry": {"type": "Point", "coordinates": [127.73583, 37.108544]}, "properties": {"id": "GT-90", "type": "배설물", "ws": "운계천합류전", "date": "2026-03-21", "width": 24, "depth": "1", "quality": "3", "dist_water": 2.0, "dist_ground": 0.5, "disturbance": 2, "abundance": 1, "memo": ""}}, {"type": "Feature", "geometry": {"type": "Point", "coordinates": [127.735826, 37.108537]}, "properties": {"id": "GT-91", "type": "배설물", "ws": "운계천합류전", "date": "2026-03-21", "width": 24, "depth": "1", "quality": "3", "dist_water": 2.0, "dist_ground": 0.5, "disturbance": 2, "abundance": 1, "memo": ""}}, {"type": "Feature", "geometry": {"type": "Point", "coordinates": [127.735821, 37.108528]}, "properties": {"id": "GT-92", "type": "배설물", "ws": "운계천합류전", "date": "2026-03-21", "width": 24, "depth": "1", "quality": "3", "dist_water": 2.0, "dist_ground": 0.5, "disturbance": 2, "abundance": 1, "memo": ""}}, {"type": "Feature", "geometry": {"type": "Point", "coordinates": [127.735824, 37.108534]}, "properties": {"id": "GT-93", "type": "배설물", "ws": "운계천합류전", "date": "2026-03-21", "width": 24, "depth": "1", "quality": "3", "dist_water": 2.0, "dist_ground": 0.5, "disturbance": 2, "abundance": 1, "memo": ""}}, {"type": "Feature", "geometry": {"type": "Point", "coordinates": [127.735821, 37.108533]}, "properties": {"id": "GT-94", "type": "배설물", "ws": "운계천합류전", "date": "2026-03-21", "width": 24, "depth": "1", "quality": "3", "dist_water": 2.0, "dist_ground": 0.5, "disturbance": 2, "abundance": 1, "memo": ""}}, {"type": "Feature", "geometry": {"type": "Point", "coordinates": [127.732473, 37.108241]}, "properties": {"id": "GT-95", "type": "배설물", "ws": "운계천합류전", "date": "2026-03-21", "width": 32, "depth": "1", "quality": "3", "dist_water": 0.2, "dist_ground": 0.2, "disturbance": 2, "abundance": 1, "memo": ""}}, {"type": "Feature", "geometry": {"type": "Point", "coordinates": [127.729518, 37.109392]}, "properties": {"id": "GT-97", "type": "배설물", "ws": "운계천합류전", "date": "2026-03-21", "width": 7, "depth": "1", "quality": "3", "dist_water": 2.0, "dist_ground": 0.2, "disturbance": 2, "abundance": 1, "memo": ""}}, {"type": "Feature", "geometry": {"type": "Point", "coordinates": [127.729522, 37.10939]}, "properties": {"id": "GT-98", "type": "배설물", "ws": "운계천합류전", "date": "2026-03-21", "width": 7, "depth": "1", "quality": "3", "dist_water": 2.0, "dist_ground": 0.2, "disturbance": 2, "abundance": 1, "memo": ""}}, {"type": "Feature", "geometry": {"type": "Point", "coordinates": [127.729523, 37.109397]}, "properties": {"id": "GT-99", "type": "배설물", "ws": "운계천합류전", "date": "2026-03-21", "width": 7, "depth": "1", "quality": "3", "dist_water": 2.0, "dist_ground": 0.2, "disturbance": 2, "abundance": 1, "memo": ""}}, {"type": "Feature", "geometry": {"type": "Point", "coordinates": [127.729516, 37.109406]}, "properties": {"id": "GT-100", "type": "배설물", "ws": "운계천합류전", "date": "2026-03-21", "width": 7, "depth": "1", "quality": "3", "dist_water": 2.0, "dist_ground": 0.2, "disturbance": 2, "abundance": 1, "memo": ""}}, {"type": "Feature", "geometry": {"type": "Point", "coordinates": [127.729505, 37.109409]}, "properties": {"id": "GT-101", "type": "배설물", "ws": "운계천합류전", "date": "2026-03-21", "width": 7, "depth": "1", "quality": "3", "dist_water": 2.0, "dist_ground": 0.2, "disturbance": 2, "abundance": 1, "memo": ""}}, {"type": "Feature", "geometry": {"type": "Point", "coordinates": [127.729494, 37.10941]}, "properties": {"id": "GT-102", "type": "배설물", "ws": "운계천합류전", "date": "2026-03-21", "width": 7, "depth": "1", "quality": "3", "dist_water": 2.0, "dist_ground": 0.2, "disturbance": 2, "abundance": 1, "memo": ""}}, {"type": "Feature", "geometry": {"type": "Point", "coordinates": [127.725681, 37.113695]}, "properties": {"id": "GT-104", "type": "배설물", "ws": "운계천합류전", "date": "2026-03-21", "width": 8, "depth": "1", "quality": "3", "dist_water": 0.2, "dist_ground": 0.2, "disturbance": 2, "abundance": 1, "memo": ""}}, {"type": "Feature", "geometry": {"type": "Point", "coordinates": [127.725683, 37.113696]}, "properties": {"id": "GT-105", "type": "배설물", "ws": "운계천합류전", "date": "2026-03-21", "width": 8, "depth": "1", "quality": "3", "dist_water": 0.2, "dist_ground": 0.2, "disturbance": 2, "abundance": 1, "memo": ""}}, {"type": "Feature", "geometry": {"type": "Point", "coordinates": [127.726138, 37.118712]}, "properties": {"id": "GT-106", "type": "배설물", "ws": "운계천합류전", "date": "2026-03-21", "width": 8, "depth": "1", "quality": "3", "dist_water": 0.1, "dist_ground": 0.1, "disturbance": 2, "abundance": 1, "memo": ""}}, {"type": "Feature", "geometry": {"type": "Point", "coordinates": [127.726102, 37.119066]}, "properties": {"id": "GT-107", "type": "배설물", "ws": "운계천합류전", "date": "2026-03-21", "width": 6, "depth": "1", "quality": "4", "dist_water": 1.0, "dist_ground": 0.2, "disturbance": 1, "abundance": 1, "memo": ""}}, {"type": "Feature", "geometry": {"type": "Point", "coordinates": [127.728121, 37.124189]}, "properties": {"id": "GT-110", "type": "배설물", "ws": "운계천합류전", "date": "2026-03-21", "width": 52, "depth": "1", "quality": "4", "dist_water": 1.0, "dist_ground": 0.2, "disturbance": 1, "abundance": 1, "memo": ""}}, {"type": "Feature", "geometry": {"type": "Point", "coordinates": [127.72811, 37.124197]}, "properties": {"id": "GT-111", "type": "배설물", "ws": "운계천합류전", "date": "2026-03-21", "width": 52, "depth": "1", "quality": "4", "dist_water": 1.0, "dist_ground": 0.2, "disturbance": 1, "abundance": 1, "memo": ""}}, {"type": "Feature", "geometry": {"type": "Point", "coordinates": [127.73318, 37.049318]}, "properties": {"id": "DS-03", "type": "배설물", "ws": "운계천합류전", "date": "2026-03-20", "width": 14, "depth": "1", "quality": "3", "dist_water": 3.0, "dist_ground": 0.2, "disturbance": 2, "abundance": 1, "memo": ""}}, {"type": "Feature", "geometry": {"type": "Point", "coordinates": [127.733194, 37.04933]}, "properties": {"id": "DS-04", "type": "배설물", "ws": "운계천합류전", "date": "2026-03-20", "width": 14, "depth": "1", "quality": "3", "dist_water": 3.0, "dist_ground": 0.2, "disturbance": 2, "abundance": 1, "memo": ""}}, {"type": "Feature", "geometry": {"type": "Point", "coordinates": [127.733181, 37.049343]}, "properties": {"id": "DS-05", "type": "배설물", "ws": "운계천합류전", "date": "2026-03-20", "width": 14, "depth": "1", "quality": "3", "dist_water": 3.0, "dist_ground": 0.2, "disturbance": 2, "abundance": 1, "memo": ""}}, {"type": "Feature", "geometry": {"type": "Point", "coordinates": [127.733112, 37.049368]}, "properties": {"id": "DS-06", "type": "배설물", "ws": "운계천합류전", "date": "2026-03-20", "width": 14, "depth": "1", "quality": "3", "dist_water": 3.0, "dist_ground": 0.2, "disturbance": 2, "abundance": 1, "memo": ""}}, {"type": "Feature", "geometry": {"type": "Point", "coordinates": [127.733099, 37.049361]}, "properties": {"id": "DS-09", "type": "배설물", "ws": "운계천합류전", "date": "2026-03-20", "width": 14, "depth": "1", "quality": "3", "dist_water": 3.0, "dist_ground": 0.2, "disturbance": 2, "abundance": 1, "memo": ""}}, {"type": "Feature", "geometry": {"type": "Point", "coordinates": [127.733101, 37.049346]}, "properties": {"id": "DS-10", "type": "배설물", "ws": "운계천합류전", "date": "2026-03-20", "width": 14, "depth": "1", "quality": "3", "dist_water": 3.0, "dist_ground": 0.2, "disturbance": 2, "abundance": 1, "memo": ""}}, {"type": "Feature", "geometry": {"type": "Point", "coordinates": [127.733103, 37.049358]}, "properties": {"id": "DS-07", "type": "배설물", "ws": "운계천합류전", "date": "2026-03-20", "width": 14, "depth": "1", "quality": "3", "dist_water": 3.0, "dist_ground": 0.2, "disturbance": 2, "abundance": 1, "memo": ""}}, {"type": "Feature", "geometry": {"type": "Point", "coordinates": [127.733104, 37.049362]}, "properties": {"id": "DS-08", "type": "배설물", "ws": "운계천합류전", "date": "2026-03-20", "width": 14, "depth": "1", "quality": "3", "dist_water": 3.0, "dist_ground": 0.2, "disturbance": 2, "abundance": 1, "memo": ""}}, {"type": "Feature", "geometry": {"type": "Point", "coordinates": [127.733099, 37.049342]}, "properties": {"id": "DS-11", "type": "배설물", "ws": "운계천합류전", "date": "2026-03-20", "width": 14, "depth": "1", "quality": "3", "dist_water": 3.0, "dist_ground": 0.2, "disturbance": 2, "abundance": 1, "memo": ""}}, {"type": "Feature", "geometry": {"type": "Point", "coordinates": [127.733096, 37.049346]}, "properties": {"id": "DS-12", "type": "배설물", "ws": "운계천합류전", "date": "2026-03-20", "width": 14, "depth": "1", "quality": "3", "dist_water": 3.0, "dist_ground": 0.2, "disturbance": 2, "abundance": 1, "memo": ""}}, {"type": "Feature", "geometry": {"type": "Point", "coordinates": [127.725388, 37.0508]}, "properties": {"id": "DS-22", "type": "배설물", "ws": "운계천합류전", "date": "2026-03-20", "width": 23, "depth": "1", "quality": "3", "dist_water": 1.0, "dist_ground": 0.2, "disturbance": 2, "abundance": 1, "memo": ""}}, {"type": "Feature", "geometry": {"type": "Point", "coordinates": [127.725445, 37.050789]}, "properties": {"id": "DS-23", "type": "배설물", "ws": "운계천합류전", "date": "2026-03-20", "width": 23, "depth": "1", "quality": "3", "dist_water": 1.0, "dist_ground": 0.2, "disturbance": 2, "abundance": 1, "memo": ""}}, {"type": "Feature", "geometry": {"type": "Point", "coordinates": [127.725442, 37.05077]}, "properties": {"id": "DS-24", "type": "배설물", "ws": "운계천합류전", "date": "2026-03-20", "width": 23, "depth": "1", "quality": "3", "dist_water": 1.0, "dist_ground": 0.2, "disturbance": 2, "abundance": 1, "memo": ""}}, {"type": "Feature", "geometry": {"type": "Point", "coordinates": [127.725442, 37.050753]}, "properties": {"id": "DS-25", "type": "배설물", "ws": "운계천합류전", "date": "2026-03-20", "width": 23, "depth": "1", "quality": "3", "dist_water": 1.0, "dist_ground": 0.2, "disturbance": 2, "abundance": 1, "memo": ""}}, {"type": "Feature", "geometry": {"type": "Point", "coordinates": [127.72497, 37.052827]}, "properties": {"id": "DS-26", "type": "배설물", "ws": "운계천합류전", "date": "2026-03-20", "width": 18, "depth": "1", "quality": "3", "dist_water": 0.3, "dist_ground": 0.3, "disturbance": 2, "abundance": 1, "memo": "대리석조각"}}, {"type": "Feature", "geometry": {"type": "Point", "coordinates": [127.721145, 37.064214]}, "properties": {"id": "DS-31", "type": "배설물", "ws": "운계천합류전", "date": "2026-03-20", "width": 12, "depth": "1", "quality": "3", "dist_water": 1.0, "dist_ground": 0.2, "disturbance": 2, "abundance": 1, "memo": ""}}, {"type": "Feature", "geometry": {"type": "Point", "coordinates": [127.713214, 37.050051]}, "properties": {"id": "DS-32", "type": "배설물", "ws": "운계천합류전", "date": "2026-03-20", "width": 24, "depth": "1", "quality": "3", "dist_water": 3.0, "dist_ground": 0.3, "disturbance": 2, "abundance": 1, "memo": ""}}, {"type": "Feature", "geometry": {"type": "Point", "coordinates": [127.713239, 37.050046]}, "properties": {"id": "DS-33", "type": "배설물", "ws": "운계천합류전", "date": "2026-03-20", "width": 24, "depth": "1", "quality": "3", "dist_water": 3.0, "dist_ground": 0.3, "disturbance": 2, "abundance": 1, "memo": ""}}, {"type": "Feature", "geometry": {"type": "Point", "coordinates": [127.713255, 37.050068]}, "properties": {"id": "DS-34", "type": "배설물", "ws": "운계천합류전", "date": "2026-03-20", "width": 24, "depth": "1", "quality": "3", "dist_water": 3.0, "dist_ground": 0.3, "disturbance": 2, "abundance": 1, "memo": ""}}, {"type": "Feature", "geometry": {"type": "Point", "coordinates": [127.713273, 37.050078]}, "properties": {"id": "DS-35", "type": "배설물", "ws": "운계천합류전", "date": "2026-03-20", "width": 24, "depth": "1", "quality": "3", "dist_water": 3.0, "dist_ground": 0.3, "disturbance": 2, "abundance": 1, "memo": ""}}, {"type": "Feature", "geometry": {"type": "Point", "coordinates": [127.713286, 37.050086]}, "properties": {"id": "DS-36", "type": "배설물", "ws": "운계천합류전", "date": "2026-03-20", "width": 24, "depth": "1", "quality": "3", "dist_water": 3.0, "dist_ground": 0.3, "disturbance": 2, "abundance": 1, "memo": ""}}, {"type": "Feature", "geometry": {"type": "Point", "coordinates": [127.713295, 37.050083]}, "properties": {"id": "DS-37", "type": "배설물", "ws": "운계천합류전", "date": "2026-03-20", "width": 24, "depth": "1", "quality": "3", "dist_water": 3.0, "dist_ground": 0.3, "disturbance": 2, "abundance": 1, "memo": ""}}, {"type": "Feature", "geometry": {"type": "Point", "coordinates": [127.713358, 37.050109]}, "properties": {"id": "DS-38", "type": "배설물", "ws": "운계천합류전", "date": "2026-03-20", "width": 24, "depth": "1", "quality": "3", "dist_water": 3.0, "dist_ground": 0.3, "disturbance": 2, "abundance": 1, "memo": ""}}, {"type": "Feature", "geometry": {"type": "Point", "coordinates": [127.713369, 37.050103]}, "properties": {"id": "DS-39", "type": "배설물", "ws": "운계천합류전", "date": "2026-03-20", "width": 24, "depth": "1", "quality": "3", "dist_water": 3.0, "dist_ground": 0.3, "disturbance": 2, "abundance": 1, "memo": ""}}, {"type": "Feature", "geometry": {"type": "Point", "coordinates": [127.713378, 37.050099]}, "properties": {"id": "DS-40", "type": "배설물", "ws": "운계천합류전", "date": "2026-03-20", "width": 24, "depth": "1", "quality": "3", "dist_water": 3.0, "dist_ground": 0.3, "disturbance": 2, "abundance": 1, "memo": ""}}, {"type": "Feature", "geometry": {"type": "Point", "coordinates": [127.713335, 37.050121]}, "properties": {"id": "DS-41", "type": "배설물", "ws": "운계천합류전", "date": "2026-03-20", "width": 24, "depth": "1", "quality": "3", "dist_water": 3.0, "dist_ground": 0.3, "disturbance": 2, "abundance": 1, "memo": ""}}, {"type": "Feature", "geometry": {"type": "Point", "coordinates": [127.713332, 37.050127]}, "properties": {"id": "DS-42", "type": "배설물", "ws": "운계천합류전", "date": "2026-03-20", "width": 24, "depth": "1", "quality": "3", "dist_water": 3.0, "dist_ground": 0.3, "disturbance": 2, "abundance": 1, "memo": ""}}, {"type": "Feature", "geometry": {"type": "Point", "coordinates": [127.710483, 37.052451]}, "properties": {"id": "DS-43", "type": "배설물", "ws": "운계천합류전", "date": "2026-03-20", "width": 19, "depth": "2", "quality": "3", "dist_water": 1.0, "dist_ground": 0.2, "disturbance": 2, "abundance": 1, "memo": ""}}, {"type": "Feature", "geometry": {"type": "Point", "coordinates": [127.710474, 37.052461]}, "properties": {"id": "DS-44", "type": "배설물", "ws": "운계천합류전", "date": "2026-03-20", "width": 19, "depth": "2", "quality": "3", "dist_water": 1.0, "dist_ground": 0.2, "disturbance": 2, "abundance": 1, "memo": ""}}, {"type": "Feature", "geometry": {"type": "Point", "coordinates": [127.710479, 37.05246]}, "properties": {"id": "DS-45", "type": "배설물", "ws": "운계천합류전", "date": "2026-03-20", "width": 19, "depth": "2", "quality": "3", "dist_water": 1.0, "dist_ground": 0.2, "disturbance": 2, "abundance": 1, "memo": ""}}, {"type": "Feature", "geometry": {"type": "Point", "coordinates": [127.709009, 37.061903]}, "properties": {"id": "DS-49", "type": "배설물", "ws": "운계천합류전", "date": "2026-03-20", "width": 13, "depth": "1", "quality": "3", "dist_water": 1.0, "dist_ground": 0.3, "disturbance": 2, "abundance": 3, "memo": ""}}, {"type": "Feature", "geometry": {"type": "Point", "coordinates": [127.70901, 37.061918]}, "properties": {"id": "DS-50", "type": "배설물", "ws": "운계천합류전", "date": "2026-03-20", "width": 13, "depth": "1", "quality": "3", "dist_water": 1.0, "dist_ground": 0.3, "disturbance": 2, "abundance": 3, "memo": ""}}, {"type": "Feature", "geometry": {"type": "Point", "coordinates": [127.708948, 37.061927]}, "properties": {"id": "DS-51", "type": "배설물", "ws": "운계천합류전", "date": "2026-03-20", "width": 13, "depth": "1", "quality": "3", "dist_water": 1.0, "dist_ground": 0.3, "disturbance": 2, "abundance": 3, "memo": ""}}, {"type": "Feature", "geometry": {"type": "Point", "coordinates": [127.70896, 37.061932]}, "properties": {"id": "DS-52", "type": "배설물", "ws": "운계천합류전", "date": "2026-03-20", "width": 13, "depth": "1", "quality": "3", "dist_water": 1.0, "dist_ground": 0.3, "disturbance": 2, "abundance": 3, "memo": ""}}, {"type": "Feature", "geometry": {"type": "Point", "coordinates": [127.707749, 37.063539]}, "properties": {"id": "DS-53", "type": "배설물", "ws": "운계천합류전", "date": "2026-03-20", "width": 6, "depth": "1", "quality": "3", "dist_water": 1.5, "dist_ground": 0.2, "disturbance": 2, "abundance": 1, "memo": ""}}, {"type": "Feature", "geometry": {"type": "Point", "coordinates": [127.707747, 37.063543]}, "properties": {"id": "DS-54", "type": "배설물", "ws": "운계천합류전", "date": "2026-03-20", "width": 6, "depth": "1", "quality": "3", "dist_water": 1.5, "dist_ground": 0.2, "disturbance": 2, "abundance": 1, "memo": "농업용 호스"}}, {"type": "Feature", "geometry": {"type": "Point", "coordinates": [127.707259, 37.065554]}, "properties": {"id": "DS-55", "type": "배설물", "ws": "운계천합류전", "date": "2026-03-20", "width": 8, "depth": "1", "quality": "3", "dist_water": 0.1, "dist_ground": 0.1, "disturbance": 2, "abundance": 1, "memo": ""}}, {"type": "Feature", "geometry": {"type": "Point", "coordinates": [127.70729, 37.065544]}, "properties": {"id": "DS-56", "type": "배설물", "ws": "운계천합류전", "date": "2026-03-20", "width": 8, "depth": "1", "quality": "3", "dist_water": 0.1, "dist_ground": 0.1, "disturbance": 2, "abundance": 1, "memo": ""}}, {"type": "Feature", "geometry": {"type": "Point", "coordinates": [127.6994, 37.067612]}, "properties": {"id": "DS-63", "type": "배설물", "ws": "운계천합류전", "date": "2026-03-20", "width": 7, "depth": "1", "quality": "3", "dist_water": 0.5, "dist_ground": 0.5, "disturbance": 2, "abundance": 1, "memo": ""}}, {"type": "Feature", "geometry": {"type": "Point", "coordinates": [127.692476, 37.041904]}, "properties": {"id": "DS-66", "type": "배설물", "ws": "운계천합류전", "date": "2026-03-20", "width": 8, "depth": "1", "quality": "3", "dist_water": 0.4, "dist_ground": 0.5, "disturbance": 2, "abundance": 2, "memo": ""}}, {"type": "Feature", "geometry": {"type": "Point", "coordinates": [127.692465, 37.041877]}, "properties": {"id": "DS-67", "type": "배설물", "ws": "운계천합류전", "date": "2026-03-20", "width": 8, "depth": "1", "quality": "3", "dist_water": 0.4, "dist_ground": 0.5, "disturbance": 2, "abundance": 2, "memo": ""}}, {"type": "Feature", "geometry": {"type": "Point", "coordinates": [127.692475, 37.041872]}, "properties": {"id": "DS-68", "type": "배설물", "ws": "운계천합류전", "date": "2026-03-20", "width": 8, "depth": "1", "quality": "3", "dist_water": 0.4, "dist_ground": 0.5, "disturbance": 2, "abundance": 2, "memo": ""}}, {"type": "Feature", "geometry": {"type": "Point", "coordinates": [127.825056, 37.082812]}, "properties": {"id": "DH-02", "type": "배설물", "ws": "운계천합류전", "date": "2026-03-20", "width": 60, "depth": "2", "quality": "3", "dist_water": 0.1, "dist_ground": 0.1, "disturbance": 2, "abundance": 2, "memo": ""}}, {"type": "Feature", "geometry": {"type": "Point", "coordinates": [127.819574, 37.082709]}, "properties": {"id": "DH-03", "type": "배설물", "ws": "운계천합류전", "date": "2026-03-20", "width": 60, "depth": "2", "quality": "3", "dist_water": 0.1, "dist_ground": 0.5, "disturbance": 2, "abundance": 2, "memo": ""}}, {"type": "Feature", "geometry": {"type": "Point", "coordinates": [127.819569, 37.08273]}, "properties": {"id": "DH-04", "type": "배설물", "ws": "운계천합류전", "date": "2026-03-20", "width": 60, "depth": "2", "quality": "3", "dist_water": 0.1, "dist_ground": 0.5, "disturbance": 2, "abundance": 2, "memo": ""}}, {"type": "Feature", "geometry": {"type": "Point", "coordinates": [127.814604, 37.084345]}, "properties": {"id": "DH-07", "type": "배설물", "ws": "운계천합류전", "date": "2026-03-20", "width": 80, "depth": "2", "quality": "3", "dist_water": 0.1, "dist_ground": 0.1, "disturbance": 2, "abundance": 3, "memo": ""}}, {"type": "Feature", "geometry": {"type": "Point", "coordinates": [127.813316, 37.085386]}, "properties": {"id": "DH-08", "type": "배설물", "ws": "운계천합류전", "date": "2026-03-20", "width": 70, "depth": "2", "quality": "3", "dist_water": 0.2, "dist_ground": 0.5, "disturbance": 2, "abundance": 3, "memo": ""}}, {"type": "Feature", "geometry": {"type": "Point", "coordinates": [127.805203, 37.091168]}, "properties": {"id": "DH-11", "type": "배설물", "ws": "운계천합류전", "date": "2026-03-20", "width": 130, "depth": "2", "quality": "3", "dist_water": 0.1, "dist_ground": 0.3, "disturbance": 4, "abundance": 3, "memo": "통발"}}, {"type": "Feature", "geometry": {"type": "Point", "coordinates": [127.805205, 37.091178]}, "properties": {"id": "DH-12", "type": "배설물", "ws": "운계천합류전", "date": "2026-03-20", "width": 130, "depth": "2", "quality": "3", "dist_water": 0.1, "dist_ground": 0.3, "disturbance": 4, "abundance": 3, "memo": "통발"}}, {"type": "Feature", "geometry": {"type": "Point", "coordinates": [127.80521, 37.091188]}, "properties": {"id": "DH-13", "type": "배설물", "ws": "운계천합류전", "date": "2026-03-20", "width": 130, "depth": "2", "quality": "3", "dist_water": 0.1, "dist_ground": 0.3, "disturbance": 4, "abundance": 3, "memo": "통발"}}, {"type": "Feature", "geometry": {"type": "Point", "coordinates": [127.805158, 37.090827]}, "properties": {"id": "DH-14", "type": "배설물", "ws": "운계천합류전", "date": "2026-03-20", "width": 70, "depth": "2", "quality": "3", "dist_water": 0.1, "dist_ground": 0.5, "disturbance": 2, "abundance": 2, "memo": ""}}, {"type": "Feature", "geometry": {"type": "Point", "coordinates": [127.805168, 37.090789]}, "properties": {"id": "DH-15", "type": "배설물", "ws": "운계천합류전", "date": "2026-03-20", "width": 70, "depth": "2", "quality": "3", "dist_water": 0.1, "dist_ground": 0.5, "disturbance": 2, "abundance": 2, "memo": ""}}, {"type": "Feature", "geometry": {"type": "Point", "coordinates": [127.805167, 37.090784]}, "properties": {"id": "DH-16", "type": "배설물", "ws": "운계천합류전", "date": "2026-03-20", "width": 70, "depth": "2", "quality": "3", "dist_water": 0.1, "dist_ground": 0.5, "disturbance": 2, "abundance": 2, "memo": ""}}, {"type": "Feature", "geometry": {"type": "Point", "coordinates": [127.801111, 37.091048]}, "properties": {"id": "DH-17", "type": "배설물", "ws": "운계천합류전", "date": "2026-03-20", "width": 50, "depth": "2", "quality": "3", "dist_water": 0.1, "dist_ground": 0.3, "disturbance": 2, "abundance": 3, "memo": ""}}, {"type": "Feature", "geometry": {"type": "Point", "coordinates": [127.801112, 37.091054]}, "properties": {"id": "DH-18", "type": "배설물", "ws": "운계천합류전", "date": "2026-03-20", "width": 50, "depth": "2", "quality": "3", "dist_water": 0.1, "dist_ground": 0.3, "disturbance": 2, "abundance": 3, "memo": ""}}, {"type": "Feature", "geometry": {"type": "Point", "coordinates": [127.801109, 37.091054]}, "properties": {"id": "DH-19", "type": "배설물", "ws": "운계천합류전", "date": "2026-03-20", "width": 50, "depth": "2", "quality": "3", "dist_water": 0.1, "dist_ground": 0.3, "disturbance": 2, "abundance": 3, "memo": ""}}, {"type": "Feature", "geometry": {"type": "Point", "coordinates": [127.80111, 37.091055]}, "properties": {"id": "DH-20", "type": "배설물", "ws": "운계천합류전", "date": "2026-03-20", "width": 50, "depth": "2", "quality": "3", "dist_water": 0.1, "dist_ground": 0.3, "disturbance": 2, "abundance": 3, "memo": ""}}, {"type": "Feature", "geometry": {"type": "Point", "coordinates": [127.801111, 37.091054]}, "properties": {"id": "DH-21", "type": "배설물", "ws": "운계천합류전", "date": "2026-03-20", "width": 50, "depth": "2", "quality": "3", "dist_water": 0.1, "dist_ground": 0.3, "disturbance": 2, "abundance": 3, "memo": ""}}, {"type": "Feature", "geometry": {"type": "Point", "coordinates": [127.80111, 37.091055]}, "properties": {"id": "DH-22", "type": "배설물", "ws": "운계천합류전", "date": "2026-03-20", "width": 50, "depth": "2", "quality": "3", "dist_water": 0.1, "dist_ground": 0.3, "disturbance": 2, "abundance": 3, "memo": ""}}, {"type": "Feature", "geometry": {"type": "Point", "coordinates": [127.793237, 37.096327]}, "properties": {"id": "DH-27", "type": "배설물", "ws": "운계천합류전", "date": "2026-03-20", "width": 20, "depth": "6", "quality": "6", "dist_water": 0.0, "dist_ground": 0.5, "disturbance": 2, "abundance": 1, "memo": "건천"}}, {"type": "Feature", "geometry": {"type": "Point", "coordinates": [127.790458, 37.097986]}, "properties": {"id": "DH-28", "type": "배설물", "ws": "운계천합류전", "date": "2026-03-20", "width": 62, "depth": "2", "quality": "3", "dist_water": 0.5, "dist_ground": 0.2, "disturbance": 2, "abundance": 2, "memo": ""}}, {"type": "Feature", "geometry": {"type": "Point", "coordinates": [127.790654, 37.098272]}, "properties": {"id": "DH-29", "type": "배설물", "ws": "운계천합류전", "date": "2026-03-20", "width": 62, "depth": "2", "quality": "3", "dist_water": 0.5, "dist_ground": 0.2, "disturbance": 2, "abundance": 2, "memo": ""}}, {"type": "Feature", "geometry": {"type": "Point", "coordinates": [127.790626, 37.098288]}, "properties": {"id": "DH-30", "type": "배설물", "ws": "운계천합류전", "date": "2026-03-20", "width": 62, "depth": "2", "quality": "3", "dist_water": 0.5, "dist_ground": 0.2, "disturbance": 2, "abundance": 2, "memo": ""}}, {"type": "Feature", "geometry": {"type": "Point", "coordinates": [127.790646, 37.098285]}, "properties": {"id": "DH-31", "type": "배설물", "ws": "운계천합류전", "date": "2026-03-20", "width": 62, "depth": "2", "quality": "3", "dist_water": 0.5, "dist_ground": 0.2, "disturbance": 2, "abundance": 2, "memo": ""}}, {"type": "Feature", "geometry": {"type": "Point", "coordinates": [127.788984, 37.099314]}, "properties": {"id": "DH-32", "type": "배설물", "ws": "운계천합류전", "date": "2026-03-20", "width": 60, "depth": "1", "quality": "3", "dist_water": 0.1, "dist_ground": 0.3, "disturbance": 2, "abundance": 2, "memo": ""}}, {"type": "Feature", "geometry": {"type": "Point", "coordinates": [127.771919, 37.101888]}, "properties": {"id": "DH-36", "type": "배설물", "ws": "운계천합류전", "date": "2026-03-20", "width": 48, "depth": "3", "quality": "4", "dist_water": 1.0, "dist_ground": 0.5, "disturbance": 3, "abundance": 2, "memo": "폐통발"}}, {"type": "Feature", "geometry": {"type": "Point", "coordinates": [127.771943, 37.101888]}, "properties": {"id": "DH-37", "type": "배설물", "ws": "운계천합류전", "date": "2026-03-20", "width": 48, "depth": "3", "quality": "4", "dist_water": 1.0, "dist_ground": 0.5, "disturbance": 3, "abundance": 2, "memo": "폐통발"}}, {"type": "Feature", "geometry": {"type": "Point", "coordinates": [127.77215, 37.10209]}, "properties": {"id": "DH-38", "type": "배설물", "ws": "운계천합류전", "date": "2026-03-20", "width": 48, "depth": "3", "quality": "4", "dist_water": 1.0, "dist_ground": 0.5, "disturbance": 3, "abundance": 2, "memo": "폐통발"}}, {"type": "Feature", "geometry": {"type": "Point", "coordinates": [127.754159, 37.108947]}, "properties": {"id": "DH-46", "type": "배설물", "ws": "운계천합류전", "date": "2026-03-20", "width": 47, "depth": "1", "quality": "3", "dist_water": 1.0, "dist_ground": 0.5, "disturbance": 2, "abundance": 2, "memo": ""}}, {"type": "Feature", "geometry": {"type": "Point", "coordinates": [127.754178, 37.108949]}, "properties": {"id": "DH-47", "type": "배설물", "ws": "운계천합류전", "date": "2026-03-20", "width": 47, "depth": "1", "quality": "3", "dist_water": 1.0, "dist_ground": 0.5, "disturbance": 2, "abundance": 2, "memo": ""}}, {"type": "Feature", "geometry": {"type": "Point", "coordinates": [127.754191, 37.108949]}, "properties": {"id": "DH-48", "type": "배설물", "ws": "운계천합류전", "date": "2026-03-20", "width": 47, "depth": "1", "quality": "3", "dist_water": 1.0, "dist_ground": 0.5, "disturbance": 2, "abundance": 2, "memo": ""}}, {"type": "Feature", "geometry": {"type": "Point", "coordinates": [127.840488, 37.08059]}, "properties": {"id": "ES-1", "type": "발자국", "ws": "운계천합류전", "date": "2026-03-21", "width": 66, "depth": "1", "quality": "3", "dist_water": 0.1, "dist_ground": 0.1, "disturbance": 3, "abundance": 3, "memo": "캠핑장"}}, {"type": "Feature", "geometry": {"type": "Point", "coordinates": [127.84415, 37.082427]}, "properties": {"id": "ES-3", "type": "발자국", "ws": "운계천합류전", "date": "2026-03-21", "width": 250, "depth": "4", "quality": "3", "dist_water": 0.1, "dist_ground": 0.1, "disturbance": 3, "abundance": 3, "memo": "캠핑장"}}, {"type": "Feature", "geometry": {"type": "Point", "coordinates": [127.843612, 37.08522]}, "properties": {"id": "ES-01", "type": "발자국", "ws": "운계천합류전", "date": "2026-03-22", "width": 27, "depth": "1", "quality": "3", "dist_water": 0.1, "dist_ground": 0.1, "disturbance": 2, "abundance": 1, "memo": ""}}, {"type": "Feature", "geometry": {"type": "Point", "coordinates": [127.843514, 37.08504]}, "properties": {"id": "ES-02", "type": "발자국", "ws": "운계천합류전", "date": "2026-03-22", "width": 20, "depth": "1", "quality": "3", "dist_water": 0.1, "dist_ground": 0.1, "disturbance": 2, "abundance": 1, "memo": ""}}, {"type": "Feature", "geometry": {"type": "Point", "coordinates": [127.843033, 37.08487]}, "properties": {"id": "ES-03", "type": "배설물", "ws": "운계천합류전", "date": "2026-03-22", "width": 164, "depth": "4", "quality": "3", "dist_water": 0.2, "dist_ground": 0.2, "disturbance": 2, "abundance": 2, "memo": ""}}, {"type": "Feature", "geometry": {"type": "Point", "coordinates": [127.84306, 37.084857]}, "properties": {"id": "ES-04", "type": "배설물", "ws": "운계천합류전", "date": "2026-03-22", "width": 164, "depth": "4", "quality": "3", "dist_water": 0.2, "dist_ground": 0.2, "disturbance": 2, "abundance": 2, "memo": ""}}, {"type": "Feature", "geometry": {"type": "Point", "coordinates": [127.843745, 37.085644]}, "properties": {"id": "ES-05", "type": "발자국", "ws": "운계천합류전", "date": "2026-03-22", "width": 60, "depth": "1", "quality": "3", "dist_water": 0.1, "dist_ground": 0.1, "disturbance": 2, "abundance": 1, "memo": ""}}, {"type": "Feature", "geometry": {"type": "Point", "coordinates": [127.843822, 37.085947]}, "properties": {"id": "ES-06", "type": "배설물", "ws": "운계천합류전", "date": "2026-03-22", "width": 60, "depth": "1", "quality": "3", "dist_water": 0.3, "dist_ground": 0.3, "disturbance": 2, "abundance": 1, "memo": ""}}, {"type": "Feature", "geometry": {"type": "Point", "coordinates": [127.844025, 37.086483]}, "properties": {"id": "ES-07", "type": "배설물", "ws": "운계천합류전", "date": "2026-03-22", "width": 57, "depth": "1", "quality": "3", "dist_water": 0.3, "dist_ground": 0.3, "disturbance": 2, "abundance": 1, "memo": ""}}, {"type": "Feature", "geometry": {"type": "Point", "coordinates": [127.844016, 37.086456]}, "properties": {"id": "ES-08", "type": "배설물", "ws": "운계천합류전", "date": "2026-03-22", "width": 57, "depth": "1", "quality": "3", "dist_water": 0.3, "dist_ground": 0.3, "disturbance": 2, "abundance": 1, "memo": ""}}, {"type": "Feature", "geometry": {"type": "Point", "coordinates": [127.843957, 37.08711]}, "properties": {"id": "ES-09", "type": "배설물", "ws": "운계천합류전", "date": "2026-03-22", "width": 55, "depth": "1", "quality": "3", "dist_water": 0.3, "dist_ground": 0.3, "disturbance": 2, "abundance": 1, "memo": ""}}, {"type": "Feature", "geometry": {"type": "Point", "coordinates": [127.844021, 37.087143]}, "properties": {"id": "ES-10", "type": "배설물", "ws": "운계천합류전", "date": "2026-03-22", "width": 55, "depth": "1", "quality": "3", "dist_water": 0.3, "dist_ground": 0.3, "disturbance": 2, "abundance": 1, "memo": ""}}, {"type": "Feature", "geometry": {"type": "Point", "coordinates": [127.844017, 37.0871]}, "properties": {"id": "ES-11", "type": "발자국", "ws": "운계천합류전", "date": "2026-03-22", "width": 55, "depth": "1", "quality": "3", "dist_water": 0.3, "dist_ground": 0.3, "disturbance": 2, "abundance": 1, "memo": ""}}, {"type": "Feature", "geometry": {"type": "Point", "coordinates": [127.844095, 37.08797]}, "properties": {"id": "ES-12", "type": "배설물", "ws": "운계천합류전", "date": "2026-03-22", "width": 50, "depth": "1", "quality": "3", "dist_water": 0.3, "dist_ground": 0.3, "disturbance": 2, "abundance": 1, "memo": ""}}, {"type": "Feature", "geometry": {"type": "Point", "coordinates": [127.844212, 37.088218]}, "properties": {"id": "ES-13", "type": "배설물", "ws": "운계천합류전", "date": "2026-03-22", "width": 50, "depth": "1", "quality": "3", "dist_water": 0.3, "dist_ground": 0.3, "disturbance": 2, "abundance": 1, "memo": ""}}, {"type": "Feature", "geometry": {"type": "Point", "coordinates": [127.84431, 37.088772]}, "properties": {"id": "ES-14", "type": "배설물", "ws": "운계천합류전", "date": "2026-03-22", "width": 48, "depth": "1", "quality": "3", "dist_water": 0.1, "dist_ground": 0.1, "disturbance": 2, "abundance": 1, "memo": ""}}, {"type": "Feature", "geometry": {"type": "Point", "coordinates": [127.844415, 37.089974]}, "properties": {"id": "ES-15", "type": "발자국", "ws": "운계천합류전", "date": "2026-03-22", "width": 35, "depth": "1", "quality": "3", "dist_water": 0.1, "dist_ground": 0.1, "disturbance": 2, "abundance": 1, "memo": ""}}, {"type": "Feature", "geometry": {"type": "Point", "coordinates": [127.844294, 37.090062]}, "properties": {"id": "ES-16", "type": "배설물", "ws": "운계천합류전", "date": "2026-03-22", "width": 35, "depth": "1", "quality": "3", "dist_water": 0.1, "dist_ground": 0.1, "disturbance": 2, "abundance": 1, "memo": ""}}, {"type": "Feature", "geometry": {"type": "Point", "coordinates": [127.844203, 37.093193]}, "properties": {"id": "ES-17", "type": "배설물", "ws": "운계천합류전", "date": "2026-03-22", "width": 23, "depth": "1", "quality": "3", "dist_water": 0.3, "dist_ground": 0.3, "disturbance": 2, "abundance": 1, "memo": ""}}, {"type": "Feature", "geometry": {"type": "Point", "coordinates": [127.844881, 37.093366]}, "properties": {"id": "ES-18", "type": "배설물", "ws": "운계천합류전", "date": "2026-03-22", "width": 21, "depth": "1", "quality": "3", "dist_water": 0.3, "dist_ground": 0.3, "disturbance": 2, "abundance": 1, "memo": ""}}, {"type": "Feature", "geometry": {"type": "Point", "coordinates": [127.845693, 37.093823]}, "properties": {"id": "ES-19", "type": "배설물", "ws": "운계천합류전", "date": "2026-03-22", "width": 24, "depth": "1", "quality": "4", "dist_water": 1.0, "dist_ground": 0.3, "disturbance": 2, "abundance": 1, "memo": ""}}, {"type": "Feature", "geometry": {"type": "Point", "coordinates": [127.845701, 37.093825]}, "properties": {"id": "ES-20", "type": "배설물", "ws": "운계천합류전", "date": "2026-03-22", "width": 24, "depth": "1", "quality": "4", "dist_water": 1.0, "dist_ground": 0.3, "disturbance": 2, "abundance": 1, "memo": ""}}, {"type": "Feature", "geometry": {"type": "Point", "coordinates": [127.8457, 37.093816]}, "properties": {"id": "ES-21", "type": "배설물", "ws": "운계천합류전", "date": "2026-03-22", "width": 24, "depth": "1", "quality": "4", "dist_water": 1.0, "dist_ground": 0.3, "disturbance": 2, "abundance": 1, "memo": ""}}, {"type": "Feature", "geometry": {"type": "Point", "coordinates": [127.845559, 37.096474]}, "properties": {"id": "ES-22", "type": "배설물", "ws": "운계천합류전", "date": "2026-03-22", "width": 17, "depth": "2", "quality": "4", "dist_water": 0.1, "dist_ground": 0.1, "disturbance": 2, "abundance": 1, "memo": "농업용수 유입"}}, {"type": "Feature", "geometry": {"type": "Point", "coordinates": [127.845799, 37.097558]}, "properties": {"id": "ES-23", "type": "배설물", "ws": "운계천합류전", "date": "2026-03-22", "width": 21, "depth": "1", "quality": "4", "dist_water": 0.3, "dist_ground": 0.3, "disturbance": 2, "abundance": 1, "memo": ""}}, {"type": "Feature", "geometry": {"type": "Point", "coordinates": [127.846522, 37.098004]}, "properties": {"id": "ES-24", "type": "배설물", "ws": "운계천합류전", "date": "2026-03-22", "width": 20, "depth": "1", "quality": "4", "dist_water": 0.1, "dist_ground": 0.1, "disturbance": 2, "abundance": 1, "memo": ""}}, {"type": "Feature", "geometry": {"type": "Point", "coordinates": [127.846846, 37.100537]}, "properties": {"id": "ES-25", "type": "발자국", "ws": "운계천합류전", "date": "2026-03-22", "width": 21, "depth": "1", "quality": "4", "dist_water": 0.1, "dist_ground": 0.1, "disturbance": 2, "abundance": 1, "memo": ""}}, {"type": "Feature", "geometry": {"type": "Point", "coordinates": [127.846927, 37.100559]}, "properties": {"id": "ES-26", "type": "배설물", "ws": "운계천합류전", "date": "2026-03-22", "width": 21, "depth": "1", "quality": "4", "dist_water": 0.1, "dist_ground": 0.1, "disturbance": 2, "abundance": 1, "memo": ""}}, {"type": "Feature", "geometry": {"type": "Point", "coordinates": [127.848276, 37.102748]}, "properties": {"id": "ES-27", "type": "배설물", "ws": "운계천합류전", "date": "2026-03-22", "width": 25, "depth": "1", "quality": "4", "dist_water": 0.1, "dist_ground": 0.1, "disturbance": 2, "abundance": 1, "memo": ""}}, {"type": "Feature", "geometry": {"type": "Point", "coordinates": [127.848202, 37.102875]}, "properties": {"id": "ES-29", "type": "배설물", "ws": "운계천합류전", "date": "2026-03-22", "width": 20, "depth": "1", "quality": "4", "dist_water": 0.4, "dist_ground": 0.1, "disturbance": 2, "abundance": 1, "memo": "관"}}, {"type": "Feature", "geometry": {"type": "Point", "coordinates": [127.84839, 37.102673]}, "properties": {"id": "ES-28", "type": "발자국", "ws": "운계천합류전", "date": "2026-03-22", "width": 25, "depth": "1", "quality": "4", "dist_water": 0.1, "dist_ground": 0.1, "disturbance": 2, "abundance": 1, "memo": ""}}, {"type": "Feature", "geometry": {"type": "Point", "coordinates": [127.847432, 37.105076]}, "properties": {"id": "ES-30", "type": "배설물", "ws": "운계천합류전", "date": "2026-03-22", "width": 18, "depth": "1", "quality": "4", "dist_water": 0.2, "dist_ground": 0.2, "disturbance": 2, "abundance": 1, "memo": ""}}, {"type": "Feature", "geometry": {"type": "Point", "coordinates": [127.847139, 37.106438]}, "properties": {"id": "ES-31", "type": "배설물", "ws": "운계천합류전", "date": "2026-03-22", "width": 3, "depth": "1", "quality": "4", "dist_water": 10.0, "dist_ground": 0.2, "disturbance": 2, "abundance": 1, "memo": ""}}, {"type": "Feature", "geometry": {"type": "Point", "coordinates": [127.847151, 37.10643]}, "properties": {"id": "ES-32", "type": "배설물", "ws": "운계천합류전", "date": "2026-03-22", "width": 3, "depth": "1", "quality": "4", "dist_water": 10.0, "dist_ground": 0.2, "disturbance": 2, "abundance": 1, "memo": ""}}, {"type": "Feature", "geometry": {"type": "Point", "coordinates": [127.84717, 37.106438]}, "properties": {"id": "ES-33", "type": "배설물", "ws": "운계천합류전", "date": "2026-03-22", "width": 3, "depth": "1", "quality": "4", "dist_water": 10.0, "dist_ground": 0.2, "disturbance": 2, "abundance": 1, "memo": ""}}, {"type": "Feature", "geometry": {"type": "Point", "coordinates": [127.847138, 37.106425]}, "properties": {"id": "ES-34", "type": "배설물", "ws": "운계천합류전", "date": "2026-03-22", "width": 3, "depth": "1", "quality": "4", "dist_water": 10.0, "dist_ground": 0.2, "disturbance": 2, "abundance": 1, "memo": ""}}, {"type": "Feature", "geometry": {"type": "Point", "coordinates": [127.847126, 37.106432]}, "properties": {"id": "ES-35", "type": "배설물", "ws": "운계천합류전", "date": "2026-03-22", "width": 3, "depth": "1", "quality": "4", "dist_water": 10.0, "dist_ground": 0.2, "disturbance": 2, "abundance": 1, "memo": ""}}, {"type": "Feature", "geometry": {"type": "Point", "coordinates": [127.847161, 37.106447]}, "properties": {"id": "ES-36", "type": "배설물", "ws": "운계천합류전", "date": "2026-03-22", "width": 3, "depth": "1", "quality": "4", "dist_water": 10.0, "dist_ground": 0.2, "disturbance": 2, "abundance": 1, "memo": ""}}, {"type": "Feature", "geometry": {"type": "Point", "coordinates": [127.847376, 37.108095]}, "properties": {"id": "ES-37", "type": "배설물", "ws": "운계천합류전", "date": "2026-03-22", "width": 20, "depth": "1", "quality": "4", "dist_water": 0.3, "dist_ground": 0.3, "disturbance": 2, "abundance": 1, "memo": ""}}, {"type": "Feature", "geometry": {"type": "Point", "coordinates": [127.846903, 37.109215]}, "properties": {"id": "ES-38", "type": "배설물", "ws": "운계천합류전", "date": "2026-03-22", "width": 22, "depth": "1", "quality": "4", "dist_water": 1.0, "dist_ground": 0.2, "disturbance": 2, "abundance": 1, "memo": ""}}, {"type": "Feature", "geometry": {"type": "Point", "coordinates": [127.845861, 37.111939]}, "properties": {"id": "ES-41", "type": "발자국", "ws": "운계천합류전", "date": "2026-03-22", "width": 25, "depth": "1", "quality": "4", "dist_water": 1.0, "dist_ground": 0.1, "disturbance": 2, "abundance": 1, "memo": ""}}, {"type": "Feature", "geometry": {"type": "Point", "coordinates": [127.845565, 37.112357]}, "properties": {"id": "ES-42", "type": "배설물", "ws": "운계천합류전", "date": "2026-03-22", "width": 13, "depth": "1", "quality": "4", "dist_water": 0.1, "dist_ground": 0.1, "disturbance": 2, "abundance": 1, "memo": ""}}, {"type": "Feature", "geometry": {"type": "Point", "coordinates": [127.845583, 37.11241]}, "properties": {"id": "ES-43", "type": "배설물", "ws": "운계천합류전", "date": "2026-03-22", "width": 13, "depth": "1", "quality": "4", "dist_water": 0.1, "dist_ground": 0.1, "disturbance": 2, "abundance": 1, "memo": ""}}, {"type": "Feature", "geometry": {"type": "Point", "coordinates": [127.84557, 37.11251]}, "properties": {"id": "ES-44", "type": "배설물", "ws": "운계천합류전", "date": "2026-03-22", "width": 13, "depth": "1", "quality": "4", "dist_water": 0.1, "dist_ground": 0.1, "disturbance": 2, "abundance": 1, "memo": ""}}, {"type": "Feature", "geometry": {"type": "Point", "coordinates": [127.845533, 37.112552]}, "properties": {"id": "ES-45", "type": "배설물", "ws": "운계천합류전", "date": "2026-03-22", "width": 13, "depth": "1", "quality": "4", "dist_water": 0.1, "dist_ground": 0.1, "disturbance": 2, "abundance": 1, "memo": ""}}, {"type": "Feature", "geometry": {"type": "Point", "coordinates": [127.845423, 37.113823]}, "properties": {"id": "ES-46", "type": "배설물", "ws": "운계천합류전", "date": "2026-03-22", "width": 28, "depth": "1", "quality": "4", "dist_water": 1.0, "dist_ground": 0.4, "disturbance": 2, "abundance": 1, "memo": ""}}, {"type": "Feature", "geometry": {"type": "Point", "coordinates": [127.845073, 37.116331]}, "properties": {"id": "ES-48", "type": "발자국", "ws": "운계천합류전", "date": "2026-03-22", "width": 17, "depth": "1", "quality": "3", "dist_water": 0.1, "dist_ground": 0.1, "disturbance": 2, "abundance": 1, "memo": ""}}, {"type": "Feature", "geometry": {"type": "Point", "coordinates": [127.845487, 37.120384]}, "properties": {"id": "ES-50", "type": "배설물", "ws": "운계천합류전", "date": "2026-03-22", "width": 15, "depth": "1", "quality": "3", "dist_water": 1.0, "dist_ground": 0.3, "disturbance": 2, "abundance": 1, "memo": ""}}, {"type": "Feature", "geometry": {"type": "Point", "coordinates": [127.845517, 37.120368]}, "properties": {"id": "ES-51", "type": "배설물", "ws": "운계천합류전", "date": "2026-03-22", "width": 15, "depth": "1", "quality": "3", "dist_water": 1.0, "dist_ground": 0.3, "disturbance": 2, "abundance": 1, "memo": ""}}, {"type": "Feature", "geometry": {"type": "Point", "coordinates": [127.846039, 37.121292]}, "properties": {"id": "ES-52", "type": "배설물", "ws": "운계천합류전", "date": "2026-03-22", "width": 12, "depth": "1", "quality": "3", "dist_water": 0.4, "dist_ground": 0.4, "disturbance": 2, "abundance": 1, "memo": ""}}, {"type": "Feature", "geometry": {"type": "Point", "coordinates": [127.850149, 37.101188]}, "properties": {"id": "ES-53", "type": "배설물", "ws": "운계천합류전", "date": "2026-03-22", "width": 13, "depth": "1", "quality": "3", "dist_water": 0.3, "dist_ground": 0.3, "disturbance": 2, "abundance": 1, "memo": ""}}, {"type": "Feature", "geometry": {"type": "Point", "coordinates": [127.850138, 37.101187]}, "properties": {"id": "ES-54", "type": "배설물", "ws": "운계천합류전", "date": "2026-03-22", "width": 13, "depth": "1", "quality": "3", "dist_water": 0.3, "dist_ground": 0.3, "disturbance": 2, "abundance": 1, "memo": ""}}, {"type": "Feature", "geometry": {"type": "Point", "coordinates": [127.850137, 37.10118]}, "properties": {"id": "ES-55", "type": "배설물", "ws": "운계천합류전", "date": "2026-03-22", "width": 13, "depth": "1", "quality": "3", "dist_water": 0.3, "dist_ground": 0.3, "disturbance": 2, "abundance": 1, "memo": ""}}, {"type": "Feature", "geometry": {"type": "Point", "coordinates": [127.850128, 37.101187]}, "properties": {"id": "ES-56", "type": "배설물", "ws": "운계천합류전", "date": "2026-03-22", "width": 13, "depth": "1", "quality": "3", "dist_water": 0.3, "dist_ground": 0.3, "disturbance": 2, "abundance": 1, "memo": ""}}, {"type": "Feature", "geometry": {"type": "Point", "coordinates": [127.850128, 37.101183]}, "properties": {"id": "ES-57", "type": "배설물", "ws": "운계천합류전", "date": "2026-03-22", "width": 13, "depth": "1", "quality": "3", "dist_water": 0.3, "dist_ground": 0.3, "disturbance": 2, "abundance": 1, "memo": ""}}, {"type": "Feature", "geometry": {"type": "Point", "coordinates": [127.850281, 37.101113]}, "properties": {"id": "ES-58", "type": "발자국", "ws": "운계천합류전", "date": "2026-03-22", "width": 8, "depth": "1", "quality": "3", "dist_water": 0.1, "dist_ground": 0.1, "disturbance": 1, "abundance": 1, "memo": ""}}, {"type": "Feature", "geometry": {"type": "Point", "coordinates": [127.852715, 37.101357]}, "properties": {"id": "ES-59", "type": "발자국", "ws": "운계천합류전", "date": "2026-03-22", "width": 12, "depth": "1", "quality": "3", "dist_water": 0.1, "dist_ground": 0.1, "disturbance": 1, "abundance": 1, "memo": ""}}, {"type": "Feature", "geometry": {"type": "Point", "coordinates": [127.886615, 36.912836]}, "properties": {"id": "DH-02", "type": "배설물", "ws": "석문동천합류전", "date": "2026-03-28", "width": 7, "depth": "1", "quality": "3", "dist_water": 0.4, "dist_ground": 0.3, "disturbance": 3, "abundance": 2, "memo": ""}}, {"type": "Feature", "geometry": {"type": "Point", "coordinates": [127.893681, 36.904525]}, "properties": {"id": "DH-05", "type": "배설물", "ws": "석문동천합류전", "date": "2026-03-28", "width": 35, "depth": "1", "quality": "2", "dist_water": 0.4, "dist_ground": 0.3, "disturbance": 5, "abundance": 1, "memo": ""}}, {"type": "Feature", "geometry": {"type": "Point", "coordinates": [127.896886, 36.901679]}, "properties": {"id": "DH-06", "type": "배설물", "ws": "석문동천합류전", "date": "2026-03-28", "width": 9, "depth": "1", "quality": "3", "dist_water": 1.0, "dist_ground": 0.4, "disturbance": 2, "abundance": 2, "memo": ""}}, {"type": "Feature", "geometry": {"type": "Point", "coordinates": [127.850659, 36.918405]}, "properties": {"id": "DH-09", "type": "배설물", "ws": "석문동천합류전", "date": "2026-03-28", "width": 8, "depth": "1", "quality": "3", "dist_water": 0.3, "dist_ground": 0.4, "disturbance": 2, "abundance": 3, "memo": ""}}, {"type": "Feature", "geometry": {"type": "Point", "coordinates": [127.850674, 36.918481]}, "properties": {"id": "DH-10", "type": "배설물", "ws": "석문동천합류전", "date": "2026-03-28", "width": 8, "depth": "1", "quality": "3", "dist_water": 0.3, "dist_ground": 0.4, "disturbance": 2, "abundance": 3, "memo": ""}}, {"type": "Feature", "geometry": {"type": "Point", "coordinates": [127.850625, 36.918483]}, "properties": {"id": "DH-11", "type": "배설물", "ws": "석문동천합류전", "date": "2026-03-28", "width": 8, "depth": "1", "quality": "3", "dist_water": 0.3, "dist_ground": 0.4, "disturbance": 2, "abundance": 3, "memo": ""}}, {"type": "Feature", "geometry": {"type": "Point", "coordinates": [127.850588, 36.91849]}, "properties": {"id": "DH-12", "type": "배설물", "ws": "석문동천합류전", "date": "2026-03-28", "width": 8, "depth": "1", "quality": "3", "dist_water": 0.3, "dist_ground": 0.4, "disturbance": 2, "abundance": 3, "memo": ""}}, {"type": "Feature", "geometry": {"type": "Point", "coordinates": [127.850605, 36.91849]}, "properties": {"id": "DH-13", "type": "배설물", "ws": "석문동천합류전", "date": "2026-03-28", "width": 8, "depth": "1", "quality": "3", "dist_water": 0.3, "dist_ground": 0.4, "disturbance": 2, "abundance": 3, "memo": ""}}, {"type": "Feature", "geometry": {"type": "Point", "coordinates": [127.85205, 36.917393]}, "properties": {"id": "DH-15", "type": "배설물", "ws": "석문동천합류전", "date": "2026-03-28", "width": 6, "depth": "1", "quality": "3", "dist_water": 0.3, "dist_ground": 0.7, "disturbance": 2, "abundance": 1, "memo": ""}}, {"type": "Feature", "geometry": {"type": "Point", "coordinates": [127.852042, 36.91738]}, "properties": {"id": "DH-16", "type": "배설물", "ws": "석문동천합류전", "date": "2026-03-28", "width": 6, "depth": "1", "quality": "3", "dist_water": 0.3, "dist_ground": 0.7, "disturbance": 2, "abundance": 1, "memo": ""}}, {"type": "Feature", "geometry": {"type": "Point", "coordinates": [127.865182, 36.913074]}, "properties": {"id": "DH-29", "type": "배설물", "ws": "석문동천합류전", "date": "2026-03-28", "width": 9, "depth": "1", "quality": "3", "dist_water": 0.4, "dist_ground": 0.3, "disturbance": 3, "abundance": 2, "memo": ""}}, {"type": "Feature", "geometry": {"type": "Point", "coordinates": [127.869135, 36.91945]}, "properties": {"id": "DH-30", "type": "배설물", "ws": "석문동천합류전", "date": "2026-03-28", "width": 7, "depth": "1", "quality": "3", "dist_water": 0.3, "dist_ground": 0.5, "disturbance": 2, "abundance": 1, "memo": ""}}, {"type": "Feature", "geometry": {"type": "Point", "coordinates": [127.868576, 36.910805]}, "properties": {"id": "DH-42", "type": "배설물", "ws": "석문동천합류전", "date": "2026-03-28", "width": 21, "depth": "2", "quality": "3", "dist_water": 0.3, "dist_ground": 0.3, "disturbance": 1, "abundance": 3, "memo": ""}}, {"type": "Feature", "geometry": {"type": "Point", "coordinates": [127.873156, 36.910073]}, "properties": {"id": "DH-43", "type": "배설물", "ws": "석문동천합류전", "date": "2026-03-28", "width": 24, "depth": "1", "quality": "3", "dist_water": 0.3, "dist_ground": 0.3, "disturbance": 2, "abundance": 2, "memo": ""}}, {"type": "Feature", "geometry": {"type": "Point", "coordinates": [127.872322, 36.909977]}, "properties": {"id": "DH-44", "type": "배설물", "ws": "석문동천합류전", "date": "2026-03-28", "width": 24, "depth": "1", "quality": "3", "dist_water": 0.3, "dist_ground": 0.3, "disturbance": 1, "abundance": 2, "memo": ""}}, {"type": "Feature", "geometry": {"type": "Point", "coordinates": [127.873719, 36.909004]}, "properties": {"id": "DH-48", "type": "배설물", "ws": "석문동천합류전", "date": "2026-03-28", "width": 8, "depth": "1", "quality": "3", "dist_water": 0.2, "dist_ground": 0.4, "disturbance": 3, "abundance": 2, "memo": ""}}, {"type": "Feature", "geometry": {"type": "Point", "coordinates": [127.923444, 36.898567]}, "properties": {"id": "ES-28", "type": "배설물", "ws": "석문동천합류전", "date": "2026-03-28", "width": 145, "depth": "2", "quality": "4", "dist_water": 0.2, "dist_ground": 0.2, "disturbance": 5, "abundance": 2, "memo": ""}}, {"type": "Feature", "geometry": {"type": "Point", "coordinates": [127.922592, 36.898665]}, "properties": {"id": "ES-29", "type": "배설물", "ws": "석문동천합류전", "date": "2026-03-28", "width": 160, "depth": "2", "quality": "4", "dist_water": 0.3, "dist_ground": 0.3, "disturbance": 4, "abundance": 2, "memo": ""}}, {"type": "Feature", "geometry": {"type": "Point", "coordinates": [127.922539, 36.898673]}, "properties": {"id": "ES-30", "type": "배설물", "ws": "석문동천합류전", "date": "2026-03-28", "width": 160, "depth": "2", "quality": "4", "dist_water": 0.3, "dist_ground": 0.3, "disturbance": 4, "abundance": 2, "memo": ""}}, {"type": "Feature", "geometry": {"type": "Point", "coordinates": [127.921423, 36.899727]}, "properties": {"id": "ES-47", "type": "배설물", "ws": "석문동천합류전", "date": "2026-03-28", "width": 181, "depth": "2", "quality": "3", "dist_water": 0.3, "dist_ground": 0.3, "disturbance": 2, "abundance": 2, "memo": ""}}, {"type": "Feature", "geometry": {"type": "Point", "coordinates": [127.92141, 36.899717]}, "properties": {"id": "ES-48", "type": "배설물", "ws": "석문동천합류전", "date": "2026-03-28", "width": 181, "depth": "2", "quality": "3", "dist_water": 0.3, "dist_ground": 0.3, "disturbance": 2, "abundance": 2, "memo": ""}}, {"type": "Feature", "geometry": {"type": "Point", "coordinates": [127.921382, 36.899765]}, "properties": {"id": "ES-49", "type": "배설물", "ws": "석문동천합류전", "date": "2026-03-28", "width": 181, "depth": "2", "quality": "3", "dist_water": 0.3, "dist_ground": 0.3, "disturbance": 2, "abundance": 2, "memo": ""}}, {"type": "Feature", "geometry": {"type": "Point", "coordinates": [127.920339, 36.899231]}, "properties": {"id": "ES-31", "type": "배설물", "ws": "석문동천합류전", "date": "2026-03-28", "width": 11, "depth": "1", "quality": "3", "dist_water": 0.2, "dist_ground": 0.2, "disturbance": 2, "abundance": 2, "memo": ""}}, {"type": "Feature", "geometry": {"type": "Point", "coordinates": [127.920357, 36.899212]}, "properties": {"id": "ES-32", "type": "배설물", "ws": "석문동천합류전", "date": "2026-03-28", "width": 11, "depth": "1", "quality": "3", "dist_water": 0.2, "dist_ground": 0.2, "disturbance": 2, "abundance": 2, "memo": ""}}, {"type": "Feature", "geometry": {"type": "Point", "coordinates": [127.92038, 36.899231]}, "properties": {"id": "ES-33", "type": "배설물", "ws": "석문동천합류전", "date": "2026-03-28", "width": 11, "depth": "1", "quality": "3", "dist_water": 0.2, "dist_ground": 0.2, "disturbance": 2, "abundance": 2, "memo": ""}}, {"type": "Feature", "geometry": {"type": "Point", "coordinates": [127.92038, 36.8992]}, "properties": {"id": "ES-34", "type": "배설물", "ws": "석문동천합류전", "date": "2026-03-28", "width": 11, "depth": "1", "quality": "3", "dist_water": 0.2, "dist_ground": 0.2, "disturbance": 2, "abundance": 2, "memo": ""}}, {"type": "Feature", "geometry": {"type": "Point", "coordinates": [127.920399, 36.899282]}, "properties": {"id": "ES-35", "type": "배설물", "ws": "석문동천합류전", "date": "2026-03-28", "width": 11, "depth": "1", "quality": "3", "dist_water": 0.2, "dist_ground": 0.2, "disturbance": 2, "abundance": 2, "memo": ""}}, {"type": "Feature", "geometry": {"type": "Point", "coordinates": [127.920413, 36.899274]}, "properties": {"id": "ES-36", "type": "배설물", "ws": "석문동천합류전", "date": "2026-03-28", "width": 11, "depth": "1", "quality": "3", "dist_water": 0.2, "dist_ground": 0.2, "disturbance": 2, "abundance": 2, "memo": ""}}, {"type": "Feature", "geometry": {"type": "Point", "coordinates": [127.920455, 36.899321]}, "properties": {"id": "ES-37", "type": "배설물", "ws": "석문동천합류전", "date": "2026-03-28", "width": 11, "depth": "1", "quality": "3", "dist_water": 0.2, "dist_ground": 0.2, "disturbance": 2, "abundance": 2, "memo": ""}}, {"type": "Feature", "geometry": {"type": "Point", "coordinates": [127.920502, 36.89935]}, "properties": {"id": "ES-38", "type": "배설물", "ws": "석문동천합류전", "date": "2026-03-28", "width": 11, "depth": "1", "quality": "3", "dist_water": 0.2, "dist_ground": 0.2, "disturbance": 2, "abundance": 2, "memo": ""}}, {"type": "Feature", "geometry": {"type": "Point", "coordinates": [127.9205, 36.899333]}, "properties": {"id": "ES-39", "type": "배설물", "ws": "석문동천합류전", "date": "2026-03-28", "width": 11, "depth": "1", "quality": "3", "dist_water": 0.2, "dist_ground": 0.2, "disturbance": 2, "abundance": 2, "memo": ""}}, {"type": "Feature", "geometry": {"type": "Point", "coordinates": [127.920514, 36.899304]}, "properties": {"id": "ES-40", "type": "배설물", "ws": "석문동천합류전", "date": "2026-03-28", "width": 11, "depth": "1", "quality": "3", "dist_water": 0.2, "dist_ground": 0.2, "disturbance": 2, "abundance": 2, "memo": ""}}, {"type": "Feature", "geometry": {"type": "Point", "coordinates": [127.920519, 36.899291]}, "properties": {"id": "ES-41", "type": "배설물", "ws": "석문동천합류전", "date": "2026-03-28", "width": 11, "depth": "1", "quality": "3", "dist_water": 0.2, "dist_ground": 0.2, "disturbance": 2, "abundance": 2, "memo": ""}}, {"type": "Feature", "geometry": {"type": "Point", "coordinates": [127.92115, 36.899105]}, "properties": {"id": "ES-42", "type": "배설물", "ws": "석문동천합류전", "date": "2026-03-28", "width": 181, "depth": "2", "quality": "3", "dist_water": 0.3, "dist_ground": 0.3, "disturbance": 2, "abundance": 2, "memo": ""}}, {"type": "Feature", "geometry": {"type": "Point", "coordinates": [127.921175, 36.899114]}, "properties": {"id": "ES-43", "type": "배설물", "ws": "석문동천합류전", "date": "2026-03-28", "width": 181, "depth": "2", "quality": "3", "dist_water": 0.3, "dist_ground": 0.3, "disturbance": 2, "abundance": 2, "memo": ""}}, {"type": "Feature", "geometry": {"type": "Point", "coordinates": [127.921186, 36.89908]}, "properties": {"id": "ES-44", "type": "배설물", "ws": "석문동천합류전", "date": "2026-03-28", "width": 181, "depth": "2", "quality": "3", "dist_water": 0.3, "dist_ground": 0.3, "disturbance": 2, "abundance": 2, "memo": ""}}, {"type": "Feature", "geometry": {"type": "Point", "coordinates": [127.921214, 36.899097]}, "properties": {"id": "ES-45", "type": "배설물", "ws": "석문동천합류전", "date": "2026-03-28", "width": 181, "depth": "2", "quality": "3", "dist_water": 0.3, "dist_ground": 0.3, "disturbance": 2, "abundance": 2, "memo": ""}}, {"type": "Feature", "geometry": {"type": "Point", "coordinates": [127.921247, 36.899061]}, "properties": {"id": "ES-46", "type": "배설물", "ws": "석문동천합류전", "date": "2026-03-28", "width": 181, "depth": "2", "quality": "3", "dist_water": 0.3, "dist_ground": 0.3, "disturbance": 2, "abundance": 2, "memo": ""}}, {"type": "Feature", "geometry": {"type": "Point", "coordinates": [127.915904, 36.903297]}, "properties": {"id": "ES-50", "type": "배설물", "ws": "석문동천합류전", "date": "2026-03-28", "width": 97, "depth": "2", "quality": "3", "dist_water": 0.3, "dist_ground": 0.3, "disturbance": 2, "abundance": 2, "memo": ""}}, {"type": "Feature", "geometry": {"type": "Point", "coordinates": [127.91385, 36.904405]}, "properties": {"id": "ES-51", "type": "배설물", "ws": "석문동천합류전", "date": "2026-03-28", "width": 90, "depth": "2", "quality": "3", "dist_water": 0.3, "dist_ground": 0.3, "disturbance": 2, "abundance": 2, "memo": ""}}, {"type": "Feature", "geometry": {"type": "Point", "coordinates": [127.913903, 36.904367]}, "properties": {"id": "ES-52", "type": "배설물", "ws": "석문동천합류전", "date": "2026-03-28", "width": 90, "depth": "2", "quality": "3", "dist_water": 0.3, "dist_ground": 0.3, "disturbance": 2, "abundance": 2, "memo": ""}}, {"type": "Feature", "geometry": {"type": "Point", "coordinates": [127.911551, 36.905186]}, "properties": {"id": "ES-53", "type": "배설물", "ws": "석문동천합류전", "date": "2026-03-28", "width": 117, "depth": "2", "quality": "3", "dist_water": 0.3, "dist_ground": 0.3, "disturbance": 2, "abundance": 2, "memo": ""}}, {"type": "Feature", "geometry": {"type": "Point", "coordinates": [127.911422, 36.904783]}, "properties": {"id": "ES-54", "type": "배설물", "ws": "석문동천합류전", "date": "2026-03-28", "width": 37, "depth": "2", "quality": "3", "dist_water": 0.2, "dist_ground": 0.3, "disturbance": 2, "abundance": 2, "memo": ""}}, {"type": "Feature", "geometry": {"type": "Point", "coordinates": [127.911401, 36.904762]}, "properties": {"id": "ES-55", "type": "배설물", "ws": "석문동천합류전", "date": "2026-03-28", "width": 37, "depth": "2", "quality": "3", "dist_water": 0.2, "dist_ground": 0.3, "disturbance": 2, "abundance": 2, "memo": ""}}, {"type": "Feature", "geometry": {"type": "Point", "coordinates": [127.911391, 36.90474]}, "properties": {"id": "ES-56", "type": "배설물", "ws": "석문동천합류전", "date": "2026-03-28", "width": 37, "depth": "2", "quality": "3", "dist_water": 0.2, "dist_ground": 0.3, "disturbance": 2, "abundance": 2, "memo": ""}}, {"type": "Feature", "geometry": {"type": "Point", "coordinates": [127.911178, 36.904817]}, "properties": {"id": "ES-57", "type": "배설물", "ws": "석문동천합류전", "date": "2026-03-28", "width": 37, "depth": "2", "quality": "3", "dist_water": 0.2, "dist_ground": 0.3, "disturbance": 2, "abundance": 2, "memo": ""}}, {"type": "Feature", "geometry": {"type": "Point", "coordinates": [127.911018, 36.904785]}, "properties": {"id": "ES-58", "type": "배설물", "ws": "석문동천합류전", "date": "2026-03-28", "width": 37, "depth": "2", "quality": "3", "dist_water": 0.2, "dist_ground": 0.3, "disturbance": 2, "abundance": 2, "memo": ""}}, {"type": "Feature", "geometry": {"type": "Point", "coordinates": [127.911012, 36.904759]}, "properties": {"id": "ES-59", "type": "배설물", "ws": "석문동천합류전", "date": "2026-03-28", "width": 37, "depth": "2", "quality": "3", "dist_water": 0.2, "dist_ground": 0.3, "disturbance": 2, "abundance": 2, "memo": ""}}, {"type": "Feature", "geometry": {"type": "Point", "coordinates": [127.90508, 36.902334]}, "properties": {"id": "ES-61", "type": "배설물", "ws": "석문동천합류전", "date": "2026-03-28", "width": 167, "depth": "2", "quality": "3", "dist_water": 0.5, "dist_ground": 0.1, "disturbance": 2, "abundance": 2, "memo": ""}}, {"type": "Feature", "geometry": {"type": "Point", "coordinates": [127.905074, 36.902313]}, "properties": {"id": "ES-60", "type": "배설물", "ws": "석문동천합류전", "date": "2026-03-28", "width": 167, "depth": "2", "quality": "3", "dist_water": 0.5, "dist_ground": 0.1, "disturbance": 2, "abundance": 2, "memo": ""}}, {"type": "Feature", "geometry": {"type": "Point", "coordinates": [127.9051, 36.902463]}, "properties": {"id": "ES-65", "type": "배설물", "ws": "석문동천합류전", "date": "2026-03-28", "width": 167, "depth": "2", "quality": "3", "dist_water": 0.5, "dist_ground": 0.1, "disturbance": 2, "abundance": 2, "memo": ""}}, {"type": "Feature", "geometry": {"type": "Point", "coordinates": [127.905139, 36.902461]}, "properties": {"id": "ES-66", "type": "배설물", "ws": "석문동천합류전", "date": "2026-03-28", "width": 167, "depth": "2", "quality": "3", "dist_water": 0.5, "dist_ground": 0.1, "disturbance": 2, "abundance": 2, "memo": ""}}, {"type": "Feature", "geometry": {"type": "Point", "coordinates": [127.905069, 36.902294]}, "properties": {"id": "ES-62", "type": "배설물", "ws": "석문동천합류전", "date": "2026-03-28", "width": 167, "depth": "2", "quality": "3", "dist_water": 0.5, "dist_ground": 0.1, "disturbance": 2, "abundance": 2, "memo": ""}}, {"type": "Feature", "geometry": {"type": "Point", "coordinates": [127.905059, 36.902302]}, "properties": {"id": "ES-63", "type": "배설물", "ws": "석문동천합류전", "date": "2026-03-28", "width": 167, "depth": "2", "quality": "3", "dist_water": 0.5, "dist_ground": 0.1, "disturbance": 2, "abundance": 2, "memo": ""}}, {"type": "Feature", "geometry": {"type": "Point", "coordinates": [127.904568, 36.902097]}, "properties": {"id": "ES-64", "type": "배설물", "ws": "석문동천합류전", "date": "2026-03-28", "width": 167, "depth": "2", "quality": "3", "dist_water": 0.5, "dist_ground": 0.1, "disturbance": 2, "abundance": 2, "memo": ""}}, {"type": "Feature", "geometry": {"type": "Point", "coordinates": [127.898695, 36.895311]}, "properties": {"id": "ES-70", "type": "배설물", "ws": "석문동천합류전", "date": "2026-03-28", "width": 147, "depth": "2", "quality": "3", "dist_water": 0.3, "dist_ground": 0.3, "disturbance": 3, "abundance": 2, "memo": ""}}, {"type": "Feature", "geometry": {"type": "Point", "coordinates": [127.898858, 36.895297]}, "properties": {"id": "ES-71", "type": "배설물", "ws": "석문동천합류전", "date": "2026-03-28", "width": 147, "depth": "2", "quality": "3", "dist_water": 0.3, "dist_ground": 0.3, "disturbance": 3, "abundance": 2, "memo": ""}}, {"type": "Feature", "geometry": {"type": "Point", "coordinates": [127.898551, 36.895159]}, "properties": {"id": "ES-72", "type": "배설물", "ws": "석문동천합류전", "date": "2026-03-28", "width": 147, "depth": "2", "quality": "3", "dist_water": 0.3, "dist_ground": 0.3, "disturbance": 3, "abundance": 2, "memo": ""}}, {"type": "Feature", "geometry": {"type": "Point", "coordinates": [127.896564, 36.89408]}, "properties": {"id": "ES-73", "type": "배설물", "ws": "석문동천합류전", "date": "2026-03-28", "width": 12, "depth": "2", "quality": "3", "dist_water": 0.3, "dist_ground": 0.3, "disturbance": 3, "abundance": 2, "memo": ""}}, {"type": "Feature", "geometry": {"type": "Point", "coordinates": [127.896536, 36.894051]}, "properties": {"id": "ES-74", "type": "배설물", "ws": "석문동천합류전", "date": "2026-03-28", "width": 12, "depth": "2", "quality": "3", "dist_water": 0.3, "dist_ground": 0.3, "disturbance": 3, "abundance": 2, "memo": ""}}, {"type": "Feature", "geometry": {"type": "Point", "coordinates": [127.894165, 36.892222]}, "properties": {"id": "ES-75", "type": "배설물", "ws": "석문동천합류전", "date": "2026-03-28", "width": 112, "depth": "4", "quality": "3", "dist_water": 0.1, "dist_ground": 0.3, "disturbance": 3, "abundance": 3, "memo": ""}}, {"type": "Feature", "geometry": {"type": "Point", "coordinates": [127.891694, 36.891543]}, "properties": {"id": "ES-84", "type": "배설물", "ws": "석문동천합류전", "date": "2026-03-28", "width": 105, "depth": "4", "quality": "3", "dist_water": 0.1, "dist_ground": 0.3, "disturbance": 4, "abundance": 3, "memo": ""}}, {"type": "Feature", "geometry": {"type": "Point", "coordinates": [127.891662, 36.891545]}, "properties": {"id": "ES-85", "type": "배설물", "ws": "석문동천합류전", "date": "2026-03-28", "width": 105, "depth": "4", "quality": "3", "dist_water": 0.1, "dist_ground": 0.3, "disturbance": 4, "abundance": 3, "memo": ""}}, {"type": "Feature", "geometry": {"type": "Point", "coordinates": [127.894612, 36.892331]}, "properties": {"id": "ES-77", "type": "배설물", "ws": "석문동천합류전", "date": "2026-03-28", "width": 112, "depth": "4", "quality": "3", "dist_water": 0.1, "dist_ground": 0.3, "disturbance": 3, "abundance": 3, "memo": ""}}, {"type": "Feature", "geometry": {"type": "Point", "coordinates": [127.894243, 36.892222]}, "properties": {"id": "ES-76", "type": "배설물", "ws": "석문동천합류전", "date": "2026-03-28", "width": 112, "depth": "4", "quality": "3", "dist_water": 0.1, "dist_ground": 0.3, "disturbance": 3, "abundance": 3, "memo": ""}}, {"type": "Feature", "geometry": {"type": "Point", "coordinates": [127.894087, 36.892197]}, "properties": {"id": "ES-78", "type": "배설물", "ws": "석문동천합류전", "date": "2026-03-28", "width": 112, "depth": "4", "quality": "3", "dist_water": 0.1, "dist_ground": 0.3, "disturbance": 3, "abundance": 3, "memo": ""}}, {"type": "Feature", "geometry": {"type": "Point", "coordinates": [127.894005, 36.892187]}, "properties": {"id": "ES-79", "type": "배설물", "ws": "석문동천합류전", "date": "2026-03-28", "width": 112, "depth": "4", "quality": "3", "dist_water": 0.1, "dist_ground": 0.3, "disturbance": 3, "abundance": 3, "memo": ""}}, {"type": "Feature", "geometry": {"type": "Point", "coordinates": [127.893615, 36.891954]}, "properties": {"id": "ES-81", "type": "배설물", "ws": "석문동천합류전", "date": "2026-03-28", "width": 112, "depth": "4", "quality": "3", "dist_water": 0.1, "dist_ground": 0.3, "disturbance": 3, "abundance": 3, "memo": ""}}, {"type": "Feature", "geometry": {"type": "Point", "coordinates": [127.893731, 36.892078]}, "properties": {"id": "ES-80", "type": "배설물", "ws": "석문동천합류전", "date": "2026-03-28", "width": 112, "depth": "4", "quality": "3", "dist_water": 0.1, "dist_ground": 0.3, "disturbance": 3, "abundance": 3, "memo": ""}}, {"type": "Feature", "geometry": {"type": "Point", "coordinates": [127.892553, 36.891645]}, "properties": {"id": "ES-82", "type": "배설물", "ws": "석문동천합류전", "date": "2026-03-28", "width": 105, "depth": "4", "quality": "3", "dist_water": 0.1, "dist_ground": 0.3, "disturbance": 4, "abundance": 3, "memo": ""}}, {"type": "Feature", "geometry": {"type": "Point", "coordinates": [127.892477, 36.891654]}, "properties": {"id": "ES-83", "type": "배설물", "ws": "석문동천합류전", "date": "2026-03-28", "width": 105, "depth": "4", "quality": "3", "dist_water": 0.1, "dist_ground": 0.3, "disturbance": 4, "abundance": 3, "memo": ""}}, {"type": "Feature", "geometry": {"type": "Point", "coordinates": [127.85461, 36.916746]}, "properties": {"id": "DH-17", "type": "배설물", "ws": "석문동천합류전", "date": "2026-03-28", "width": 8, "depth": "1", "quality": "3", "dist_water": 0.8, "dist_ground": 0.3, "disturbance": 2, "abundance": 2, "memo": ""}}, {"type": "Feature", "geometry": {"type": "Point", "coordinates": [127.854623, 36.916743]}, "properties": {"id": "DH-18", "type": "배설물", "ws": "석문동천합류전", "date": "2026-03-28", "width": 8, "depth": "1", "quality": "3", "dist_water": 0.8, "dist_ground": 0.3, "disturbance": 2, "abundance": 2, "memo": ""}}, {"type": "Feature", "geometry": {"type": "Point", "coordinates": [127.854638, 36.91674]}, "properties": {"id": "DH-19", "type": "배설물", "ws": "석문동천합류전", "date": "2026-03-28", "width": 8, "depth": "1", "quality": "3", "dist_water": 0.8, "dist_ground": 0.3, "disturbance": 2, "abundance": 2, "memo": ""}}, {"type": "Feature", "geometry": {"type": "Point", "coordinates": [127.854653, 36.916736]}, "properties": {"id": "DH-20", "type": "배설물", "ws": "석문동천합류전", "date": "2026-03-28", "width": 8, "depth": "1", "quality": "3", "dist_water": 0.8, "dist_ground": 0.3, "disturbance": 2, "abundance": 2, "memo": ""}}, {"type": "Feature", "geometry": {"type": "Point", "coordinates": [127.855638, 36.915777]}, "properties": {"id": "DH-21", "type": "배설물", "ws": "석문동천합류전", "date": "2026-03-28", "width": 8, "depth": "1", "quality": "3", "dist_water": 0.3, "dist_ground": 0.3, "disturbance": 2, "abundance": 2, "memo": ""}}, {"type": "Feature", "geometry": {"type": "Point", "coordinates": [127.855632, 36.915777]}, "properties": {"id": "DH-22", "type": "배설물", "ws": "석문동천합류전", "date": "2026-03-28", "width": 8, "depth": "1", "quality": "3", "dist_water": 0.3, "dist_ground": 0.3, "disturbance": 2, "abundance": 2, "memo": ""}}, {"type": "Feature", "geometry": {"type": "Point", "coordinates": [127.855625, 36.915775]}, "properties": {"id": "DH-23", "type": "배설물", "ws": "석문동천합류전", "date": "2026-03-28", "width": 8, "depth": "1", "quality": "3", "dist_water": 0.3, "dist_ground": 0.3, "disturbance": 2, "abundance": 2, "memo": ""}}, {"type": "Feature", "geometry": {"type": "Point", "coordinates": [127.855619, 36.915774]}, "properties": {"id": "DH-24", "type": "배설물", "ws": "석문동천합류전", "date": "2026-03-28", "width": 8, "depth": "1", "quality": "3", "dist_water": 0.3, "dist_ground": 0.3, "disturbance": 2, "abundance": 2, "memo": ""}}, {"type": "Feature", "geometry": {"type": "Point", "coordinates": [127.855614, 36.915771]}, "properties": {"id": "DH-25", "type": "배설물", "ws": "석문동천합류전", "date": "2026-03-28", "width": 8, "depth": "1", "quality": "3", "dist_water": 0.3, "dist_ground": 0.3, "disturbance": 2, "abundance": 2, "memo": ""}}, {"type": "Feature", "geometry": {"type": "Point", "coordinates": [127.8556, 36.915784]}, "properties": {"id": "DH-26", "type": "배설물", "ws": "석문동천합류전", "date": "2026-03-28", "width": 8, "depth": "1", "quality": "3", "dist_water": 0.3, "dist_ground": 0.3, "disturbance": 2, "abundance": 2, "memo": ""}}, {"type": "Feature", "geometry": {"type": "Point", "coordinates": [127.855608, 36.915789]}, "properties": {"id": "DH-27", "type": "배설물", "ws": "석문동천합류전", "date": "2026-03-28", "width": 8, "depth": "1", "quality": "3", "dist_water": 0.3, "dist_ground": 0.3, "disturbance": 2, "abundance": 2, "memo": ""}}, {"type": "Feature", "geometry": {"type": "Point", "coordinates": [127.855618, 36.915792]}, "properties": {"id": "DH-28", "type": "배설물", "ws": "석문동천합류전", "date": "2026-03-28", "width": 8, "depth": "1", "quality": "3", "dist_water": 0.3, "dist_ground": 0.3, "disturbance": 2, "abundance": 2, "memo": ""}}, {"type": "Feature", "geometry": {"type": "Point", "coordinates": [127.868704, 36.918025]}, "properties": {"id": "DH-31", "type": "배설물", "ws": "석문동천합류전", "date": "2026-03-28", "width": 7, "depth": "1", "quality": "3", "dist_water": 0.3, "dist_ground": 0.3, "disturbance": 2, "abundance": 2, "memo": ""}}, {"type": "Feature", "geometry": {"type": "Point", "coordinates": [127.868709, 36.918018]}, "properties": {"id": "DH-32", "type": "배설물", "ws": "석문동천합류전", "date": "2026-03-28", "width": 7, "depth": "1", "quality": "3", "dist_water": 0.3, "dist_ground": 0.3, "disturbance": 2, "abundance": 2, "memo": ""}}, {"type": "Feature", "geometry": {"type": "Point", "coordinates": [127.86867, 36.918014]}, "properties": {"id": "DH-33", "type": "배설물", "ws": "석문동천합류전", "date": "2026-03-28", "width": 7, "depth": "1", "quality": "3", "dist_water": 0.3, "dist_ground": 0.3, "disturbance": 2, "abundance": 2, "memo": ""}}, {"type": "Feature", "geometry": {"type": "Point", "coordinates": [127.868673, 36.918008]}, "properties": {"id": "DH-34", "type": "배설물", "ws": "석문동천합류전", "date": "2026-03-28", "width": 7, "depth": "1", "quality": "3", "dist_water": 0.3, "dist_ground": 0.3, "disturbance": 2, "abundance": 2, "memo": ""}}, {"type": "Feature", "geometry": {"type": "Point", "coordinates": [127.866529, 36.912601]}, "properties": {"id": "DH-36", "type": "배설물", "ws": "석문동천합류전", "date": "2026-03-28", "width": 7, "depth": "1", "quality": "3", "dist_water": 0.4, "dist_ground": 0.4, "disturbance": 2, "abundance": 2, "memo": ""}}, {"type": "Feature", "geometry": {"type": "Point", "coordinates": [127.866513, 36.912602]}, "properties": {"id": "DH-37", "type": "배설물", "ws": "석문동천합류전", "date": "2026-03-28", "width": 7, "depth": "1", "quality": "3", "dist_water": 0.4, "dist_ground": 0.4, "disturbance": 2, "abundance": 2, "memo": ""}}, {"type": "Feature", "geometry": {"type": "Point", "coordinates": [127.866501, 36.912605]}, "properties": {"id": "DH-38", "type": "배설물", "ws": "석문동천합류전", "date": "2026-03-28", "width": 7, "depth": "1", "quality": "3", "dist_water": 0.4, "dist_ground": 0.4, "disturbance": 2, "abundance": 2, "memo": ""}}, {"type": "Feature", "geometry": {"type": "Point", "coordinates": [127.866537, 36.912574]}, "properties": {"id": "DH-39", "type": "배설물", "ws": "석문동천합류전", "date": "2026-03-28", "width": 7, "depth": "1", "quality": "3", "dist_water": 0.4, "dist_ground": 0.4, "disturbance": 2, "abundance": 2, "memo": ""}}, {"type": "Feature", "geometry": {"type": "Point", "coordinates": [127.86652, 36.912575]}, "properties": {"id": "DH-40", "type": "배설물", "ws": "석문동천합류전", "date": "2026-03-28", "width": 7, "depth": "1", "quality": "3", "dist_water": 0.4, "dist_ground": 0.4, "disturbance": 2, "abundance": 2, "memo": ""}}, {"type": "Feature", "geometry": {"type": "Point", "coordinates": [127.86652, 36.912551]}, "properties": {"id": "DH-41", "type": "배설물", "ws": "석문동천합류전", "date": "2026-03-28", "width": 7, "depth": "1", "quality": "3", "dist_water": 0.4, "dist_ground": 0.4, "disturbance": 2, "abundance": 2, "memo": ""}}, {"type": "Feature", "geometry": {"type": "Point", "coordinates": [127.877811, 36.907506]}, "properties": {"id": "DH-49", "type": "배설물", "ws": "석문동천합류전", "date": "2026-03-28", "width": 16, "depth": "1", "quality": "3", "dist_water": 0.4, "dist_ground": 0.2, "disturbance": 2, "abundance": 1, "memo": ""}}, {"type": "Feature", "geometry": {"type": "Point", "coordinates": [127.877814, 36.907475]}, "properties": {"id": "DH-50", "type": "배설물", "ws": "석문동천합류전", "date": "2026-03-28", "width": 16, "depth": "1", "quality": "3", "dist_water": 0.4, "dist_ground": 0.2, "disturbance": 2, "abundance": 1, "memo": ""}}, {"type": "Feature", "geometry": {"type": "Point", "coordinates": [127.877661, 36.90756]}, "properties": {"id": "DH-51", "type": "배설물", "ws": "석문동천합류전", "date": "2026-03-28", "width": 16, "depth": "1", "quality": "3", "dist_water": 0.4, "dist_ground": 0.2, "disturbance": 2, "abundance": 1, "memo": ""}}, {"type": "Feature", "geometry": {"type": "Point", "coordinates": [127.877672, 36.907528]}, "properties": {"id": "DH-52", "type": "배설물", "ws": "석문동천합류전", "date": "2026-03-28", "width": 16, "depth": "1", "quality": "3", "dist_water": 0.4, "dist_ground": 0.2, "disturbance": 2, "abundance": 1, "memo": ""}}, {"type": "Feature", "geometry": {"type": "Point", "coordinates": [127.887589, 36.904812]}, "properties": {"id": "DH-55", "type": "배설물", "ws": "석문동천합류전", "date": "2026-03-28", "width": 17, "depth": "1", "quality": "3", "dist_water": 0.2, "dist_ground": 0.3, "disturbance": 1, "abundance": 3, "memo": ""}}, {"type": "Feature", "geometry": {"type": "Point", "coordinates": [127.887548, 36.904736]}, "properties": {"id": "DH-56", "type": "배설물", "ws": "석문동천합류전", "date": "2026-03-28", "width": 17, "depth": "1", "quality": "3", "dist_water": 0.2, "dist_ground": 0.3, "disturbance": 1, "abundance": 3, "memo": ""}}, {"type": "Feature", "geometry": {"type": "Point", "coordinates": [127.888441, 36.904221]}, "properties": {"id": "DH-57", "type": "배설물", "ws": "석문동천합류전", "date": "2026-03-28", "width": 17, "depth": "1", "quality": "3", "dist_water": 0.4, "dist_ground": 0.3, "disturbance": 2, "abundance": 3, "memo": ""}}, {"type": "Feature", "geometry": {"type": "Point", "coordinates": [127.888375, 36.904222]}, "properties": {"id": "DH-58", "type": "배설물", "ws": "석문동천합류전", "date": "2026-03-28", "width": 17, "depth": "1", "quality": "3", "dist_water": 0.4, "dist_ground": 0.3, "disturbance": 2, "abundance": 3, "memo": ""}}, {"type": "Feature", "geometry": {"type": "Point", "coordinates": [127.888357, 36.904232]}, "properties": {"id": "DH-59", "type": "배설물", "ws": "석문동천합류전", "date": "2026-03-28", "width": 17, "depth": "1", "quality": "3", "dist_water": 0.4, "dist_ground": 0.3, "disturbance": 2, "abundance": 3, "memo": ""}}, {"type": "Feature", "geometry": {"type": "Point", "coordinates": [127.888384, 36.904253]}, "properties": {"id": "DH-60", "type": "배설물", "ws": "석문동천합류전", "date": "2026-03-28", "width": 17, "depth": "1", "quality": "3", "dist_water": 0.4, "dist_ground": 0.3, "disturbance": 2, "abundance": 3, "memo": ""}}, {"type": "Feature", "geometry": {"type": "Point", "coordinates": [127.890458, 36.902827]}, "properties": {"id": "DH-61", "type": "배설물", "ws": "석문동천합류전", "date": "2026-03-28", "width": 21, "depth": "1", "quality": "3", "dist_water": 0.4, "dist_ground": 0.3, "disturbance": 2, "abundance": 2, "memo": ""}}, {"type": "Feature", "geometry": {"type": "Point", "coordinates": [127.890507, 36.902797]}, "properties": {"id": "DH-62", "type": "배설물", "ws": "석문동천합류전", "date": "2026-03-28", "width": 21, "depth": "1", "quality": "3", "dist_water": 0.4, "dist_ground": 0.3, "disturbance": 2, "abundance": 2, "memo": ""}}, {"type": "Feature", "geometry": {"type": "Point", "coordinates": [127.890558, 36.902762]}, "properties": {"id": "DH-63", "type": "배설물", "ws": "석문동천합류전", "date": "2026-03-28", "width": 21, "depth": "1", "quality": "3", "dist_water": 0.4, "dist_ground": 0.3, "disturbance": 2, "abundance": 2, "memo": ""}}, {"type": "Feature", "geometry": {"type": "Point", "coordinates": [127.890603, 36.902738]}, "properties": {"id": "DH-64", "type": "배설물", "ws": "석문동천합류전", "date": "2026-03-28", "width": 21, "depth": "1", "quality": "3", "dist_water": 0.4, "dist_ground": 0.3, "disturbance": 2, "abundance": 2, "memo": ""}}, {"type": "Feature", "geometry": {"type": "Point", "coordinates": [127.890468, 36.902673]}, "properties": {"id": "DH-65", "type": "배설물", "ws": "석문동천합류전", "date": "2026-03-28", "width": 21, "depth": "1", "quality": "3", "dist_water": 0.4, "dist_ground": 0.3, "disturbance": 2, "abundance": 2, "memo": ""}}, {"type": "Feature", "geometry": {"type": "Point", "coordinates": [127.890426, 36.902722]}, "properties": {"id": "DH-66", "type": "배설물", "ws": "석문동천합류전", "date": "2026-03-28", "width": 21, "depth": "1", "quality": "3", "dist_water": 0.4, "dist_ground": 0.3, "disturbance": 2, "abundance": 2, "memo": ""}}, {"type": "Feature", "geometry": {"type": "Point", "coordinates": [127.890926, 36.899843]}, "properties": {"id": "DH-67", "type": "배설물", "ws": "석문동천합류전", "date": "2026-03-28", "width": 30, "depth": "2", "quality": "3", "dist_water": 0.4, "dist_ground": 0.3, "disturbance": 2, "abundance": 3, "memo": ""}}, {"type": "Feature", "geometry": {"type": "Point", "coordinates": [127.890887, 36.89969]}, "properties": {"id": "DH-68", "type": "배설물", "ws": "석문동천합류전", "date": "2026-03-28", "width": 30, "depth": "2", "quality": "3", "dist_water": 0.4, "dist_ground": 0.3, "disturbance": 2, "abundance": 3, "memo": ""}}, {"type": "Feature", "geometry": {"type": "Point", "coordinates": [127.891081, 36.89962]}, "properties": {"id": "DH-69", "type": "배설물", "ws": "석문동천합류전", "date": "2026-03-28", "width": 30, "depth": "2", "quality": "3", "dist_water": 0.4, "dist_ground": 0.3, "disturbance": 2, "abundance": 3, "memo": ""}}, {"type": "Feature", "geometry": {"type": "Point", "coordinates": [127.891221, 36.897844]}, "properties": {"id": "DH-71", "type": "배설물", "ws": "석문동천합류전", "date": "2026-03-28", "width": 26, "depth": "1", "quality": "3", "dist_water": 0.4, "dist_ground": 0.2, "disturbance": 2, "abundance": 3, "memo": ""}}, {"type": "Feature", "geometry": {"type": "Point", "coordinates": [127.891262, 36.897894]}, "properties": {"id": "DH-72", "type": "배설물", "ws": "석문동천합류전", "date": "2026-03-28", "width": 26, "depth": "1", "quality": "3", "dist_water": 0.4, "dist_ground": 0.2, "disturbance": 2, "abundance": 3, "memo": ""}}, {"type": "Feature", "geometry": {"type": "Point", "coordinates": [127.891273, 36.897969]}, "properties": {"id": "DH-73", "type": "배설물", "ws": "석문동천합류전", "date": "2026-03-28", "width": 26, "depth": "1", "quality": "3", "dist_water": 0.4, "dist_ground": 0.2, "disturbance": 2, "abundance": 3, "memo": ""}}, {"type": "Feature", "geometry": {"type": "Point", "coordinates": [127.851817, 36.968734]}, "properties": {"id": "JH-01", "type": "배설물", "ws": "요도천", "date": "2026-04-24", "width": 120, "depth": "1", "quality": "3", "dist_water": 0.1, "dist_ground": 0.2, "disturbance": 1, "abundance": 2, "memo": ""}}, {"type": "Feature", "geometry": {"type": "Point", "coordinates": [127.851828, 36.968756]}, "properties": {"id": "JH-02", "type": "배설물", "ws": "요도천", "date": "2026-04-24", "width": 120, "depth": "1", "quality": "3", "dist_water": 0.1, "dist_ground": 0.2, "disturbance": 1, "abundance": 2, "memo": ""}}, {"type": "Feature", "geometry": {"type": "Point", "coordinates": [127.851764, 36.968762]}, "properties": {"id": "JH-03", "type": "배설물", "ws": "요도천", "date": "2026-04-24", "width": 120, "depth": "1", "quality": "3", "dist_water": 0.1, "dist_ground": 0.2, "disturbance": 1, "abundance": 2, "memo": ""}}, {"type": "Feature", "geometry": {"type": "Point", "coordinates": [127.871279, 36.965946]}, "properties": {"id": "JH-05", "type": "배설물", "ws": "요도천", "date": "2026-04-24", "width": 125, "depth": "2", "quality": "3", "dist_water": 0.3, "dist_ground": 1.0, "disturbance": 2, "abundance": 2, "memo": ""}}, {"type": "Feature", "geometry": {"type": "Point", "coordinates": [127.871321, 36.96594]}, "properties": {"id": "JH-06", "type": "배설물", "ws": "요도천", "date": "2026-04-24", "width": 125, "depth": "2", "quality": "3", "dist_water": 0.3, "dist_ground": 1.0, "disturbance": 2, "abundance": 2, "memo": ""}}, {"type": "Feature", "geometry": {"type": "Point", "coordinates": [127.871351, 36.965938]}, "properties": {"id": "JH-07", "type": "배설물", "ws": "요도천", "date": "2026-04-24", "width": 125, "depth": "2", "quality": "3", "dist_water": 0.3, "dist_ground": 1.0, "disturbance": 2, "abundance": 2, "memo": ""}}, {"type": "Feature", "geometry": {"type": "Point", "coordinates": [127.871395, 36.965932]}, "properties": {"id": "JH-08", "type": "배설물", "ws": "요도천", "date": "2026-04-24", "width": 125, "depth": "2", "quality": "3", "dist_water": 0.3, "dist_ground": 1.0, "disturbance": 2, "abundance": 2, "memo": ""}}, {"type": "Feature", "geometry": {"type": "Point", "coordinates": [127.871565, 36.966222]}, "properties": {"id": "JH-09", "type": "배설물", "ws": "요도천", "date": "2026-04-24", "width": 125, "depth": "2", "quality": "3", "dist_water": 0.3, "dist_ground": 1.0, "disturbance": 2, "abundance": 2, "memo": ""}}, {"type": "Feature", "geometry": {"type": "Point", "coordinates": [127.871546, 36.966223]}, "properties": {"id": "JH-10", "type": "배설물", "ws": "요도천", "date": "2026-04-24", "width": 125, "depth": "2", "quality": "3", "dist_water": 0.3, "dist_ground": 1.0, "disturbance": 2, "abundance": 2, "memo": ""}}, {"type": "Feature", "geometry": {"type": "Point", "coordinates": [127.871524, 36.966224]}, "properties": {"id": "JH-11", "type": "배설물", "ws": "요도천", "date": "2026-04-24", "width": 125, "depth": "2", "quality": "3", "dist_water": 0.3, "dist_ground": 1.0, "disturbance": 2, "abundance": 2, "memo": ""}}, {"type": "Feature", "geometry": {"type": "Point", "coordinates": [127.871497, 36.966224]}, "properties": {"id": "JH-12", "type": "배설물", "ws": "요도천", "date": "2026-04-24", "width": 125, "depth": "2", "quality": "3", "dist_water": 0.3, "dist_ground": 1.0, "disturbance": 2, "abundance": 2, "memo": ""}}, {"type": "Feature", "geometry": {"type": "Point", "coordinates": [127.871476, 36.966233]}, "properties": {"id": "JH-13", "type": "배설물", "ws": "요도천", "date": "2026-04-24", "width": 125, "depth": "2", "quality": "3", "dist_water": 0.3, "dist_ground": 1.0, "disturbance": 2, "abundance": 2, "memo": ""}}, {"type": "Feature", "geometry": {"type": "Point", "coordinates": [127.871446, 36.966239]}, "properties": {"id": "JH-14", "type": "배설물", "ws": "요도천", "date": "2026-04-24", "width": 125, "depth": "2", "quality": "3", "dist_water": 0.3, "dist_ground": 1.0, "disturbance": 2, "abundance": 2, "memo": ""}}, {"type": "Feature", "geometry": {"type": "Point", "coordinates": [127.871434, 36.966235]}, "properties": {"id": "JH-15", "type": "배설물", "ws": "요도천", "date": "2026-04-24", "width": 125, "depth": "2", "quality": "3", "dist_water": 0.3, "dist_ground": 1.0, "disturbance": 2, "abundance": 2, "memo": ""}}, {"type": "Feature", "geometry": {"type": "Point", "coordinates": [127.871411, 36.966243]}, "properties": {"id": "JH-16", "type": "배설물", "ws": "요도천", "date": "2026-04-24", "width": 125, "depth": "2", "quality": "3", "dist_water": 0.3, "dist_ground": 1.0, "disturbance": 2, "abundance": 2, "memo": ""}}, {"type": "Feature", "geometry": {"type": "Point", "coordinates": [127.871423, 36.96625]}, "properties": {"id": "JH-17", "type": "배설물", "ws": "요도천", "date": "2026-04-24", "width": 125, "depth": "2", "quality": "3", "dist_water": 0.3, "dist_ground": 1.0, "disturbance": 2, "abundance": 2, "memo": ""}}, {"type": "Feature", "geometry": {"type": "Point", "coordinates": [127.871387, 36.966242]}, "properties": {"id": "JH-18", "type": "배설물", "ws": "요도천", "date": "2026-04-24", "width": 125, "depth": "2", "quality": "3", "dist_water": 0.3, "dist_ground": 1.0, "disturbance": 2, "abundance": 2, "memo": ""}}, {"type": "Feature", "geometry": {"type": "Point", "coordinates": [127.871382, 36.966251]}, "properties": {"id": "JH-19", "type": "배설물", "ws": "요도천", "date": "2026-04-24", "width": 125, "depth": "2", "quality": "3", "dist_water": 0.3, "dist_ground": 1.0, "disturbance": 2, "abundance": 2, "memo": ""}}, {"type": "Feature", "geometry": {"type": "Point", "coordinates": [127.848394, 36.968885]}, "properties": {"id": "DS-01", "type": "배설물", "ws": "요도천", "date": "2026-03-13", "width": 3, "depth": "1", "quality": "3", "dist_water": 0.1, "dist_ground": 0.3, "disturbance": 2, "abundance": 3, "memo": "흔적3개"}}, {"type": "Feature", "geometry": {"type": "Point", "coordinates": [127.848222, 36.968905]}, "properties": {"id": "DS-02", "type": "배설물", "ws": "요도천", "date": "2026-03-13", "width": 3, "depth": "1", "quality": "3", "dist_water": 0.1, "dist_ground": 0.1, "disturbance": 2, "abundance": 3, "memo": ""}}, {"type": "Feature", "geometry": {"type": "Point", "coordinates": [127.84264, 36.967827]}, "properties": {"id": "DS-10", "type": "배설물", "ws": "요도천", "date": "2026-03-13", "width": 2, "depth": "1", "quality": "3", "dist_water": 0.1, "dist_ground": 0.6, "disturbance": 2, "abundance": 2, "memo": ""}}, {"type": "Feature", "geometry": {"type": "Point", "coordinates": [127.842615, 36.967814]}, "properties": {"id": "DS-11", "type": "배설물", "ws": "요도천", "date": "2026-03-13", "width": 2, "depth": "1", "quality": "3", "dist_water": 0.1, "dist_ground": 0.6, "disturbance": 2, "abundance": 2, "memo": ""}}, {"type": "Feature", "geometry": {"type": "Point", "coordinates": [127.842518, 36.967753]}, "properties": {"id": "DS-12", "type": "배설물", "ws": "요도천", "date": "2026-03-13", "width": 10, "depth": "1", "quality": "3", "dist_water": 0.1, "dist_ground": 0.3, "disturbance": 2, "abundance": 2, "memo": ""}}, {"type": "Feature", "geometry": {"type": "Point", "coordinates": [127.842522, 36.967753]}, "properties": {"id": "DS-13", "type": "배설물", "ws": "요도천", "date": "2026-03-13", "width": 10, "depth": "1", "quality": "3", "dist_water": 0.1, "dist_ground": 0.3, "disturbance": 2, "abundance": 2, "memo": ""}}, {"type": "Feature", "geometry": {"type": "Point", "coordinates": [127.842587, 36.967678]}, "properties": {"id": "DS-15", "type": "배설물", "ws": "요도천", "date": "2026-03-13", "width": 10, "depth": "1", "quality": "3", "dist_water": 0.1, "dist_ground": 0.2, "disturbance": 3, "abundance": 2, "memo": ""}}, {"type": "Feature", "geometry": {"type": "Point", "coordinates": [127.842512, 36.967636]}, "properties": {"id": "DS-16", "type": "배설물", "ws": "요도천", "date": "2026-03-13", "width": 10, "depth": "1", "quality": "3", "dist_water": 0.1, "dist_ground": 0.2, "disturbance": 3, "abundance": 2, "memo": ""}}, {"type": "Feature", "geometry": {"type": "Point", "coordinates": [127.842615, 36.967439]}, "properties": {"id": "DS-17", "type": "배설물", "ws": "요도천", "date": "2026-03-13", "width": 10, "depth": "1", "quality": "3", "dist_water": 0.1, "dist_ground": 0.2, "disturbance": 3, "abundance": 2, "memo": ""}}, {"type": "Feature", "geometry": {"type": "Point", "coordinates": [127.836728, 36.970625]}, "properties": {"id": "DS-22", "type": "배설물", "ws": "요도천", "date": "2026-03-13", "width": 124, "depth": "1", "quality": "3", "dist_water": 0.1, "dist_ground": 0.3, "disturbance": 2, "abundance": 2, "memo": ""}}, {"type": "Feature", "geometry": {"type": "Point", "coordinates": [127.834251, 36.972703]}, "properties": {"id": "DS-23", "type": "배설물", "ws": "요도천", "date": "2026-03-13", "width": 20, "depth": "2", "quality": "3", "dist_water": 0.1, "dist_ground": 0.3, "disturbance": 2, "abundance": 3, "memo": ""}}, {"type": "Feature", "geometry": {"type": "Point", "coordinates": [127.834253, 36.972696]}, "properties": {"id": "DS-24", "type": "배설물", "ws": "요도천", "date": "2026-03-13", "width": 20, "depth": "2", "quality": "3", "dist_water": 0.1, "dist_ground": 0.3, "disturbance": 2, "abundance": 3, "memo": ""}}, {"type": "Feature", "geometry": {"type": "Point", "coordinates": [127.834446, 36.972945]}, "properties": {"id": "DS-25", "type": "배설물", "ws": "요도천", "date": "2026-03-13", "width": 20, "depth": "2", "quality": "3", "dist_water": 0.1, "dist_ground": 0.3, "disturbance": 2, "abundance": 3, "memo": ""}}, {"type": "Feature", "geometry": {"type": "Point", "coordinates": [127.834514, 36.972938]}, "properties": {"id": "DS-26", "type": "배설물", "ws": "요도천", "date": "2026-03-13", "width": 20, "depth": "2", "quality": "3", "dist_water": 0.1, "dist_ground": 0.3, "disturbance": 2, "abundance": 3, "memo": ""}}, {"type": "Feature", "geometry": {"type": "Point", "coordinates": [127.832302, 36.973241]}, "properties": {"id": "DS-27", "type": "배설물", "ws": "요도천", "date": "2026-03-13", "width": 2, "depth": "1", "quality": "3", "dist_water": 0.1, "dist_ground": 0.1, "disturbance": 1, "abundance": 3, "memo": ""}}, {"type": "Feature", "geometry": {"type": "Point", "coordinates": [127.832306, 36.973235]}, "properties": {"id": "DS-28", "type": "배설물", "ws": "요도천", "date": "2026-03-13", "width": 2, "depth": "1", "quality": "3", "dist_water": 0.1, "dist_ground": 0.1, "disturbance": 1, "abundance": 3, "memo": ""}}, {"type": "Feature", "geometry": {"type": "Point", "coordinates": [127.827529, 36.975656]}, "properties": {"id": "DS-30", "type": "배설물", "ws": "요도천", "date": "2026-03-13", "width": 15, "depth": "2", "quality": "3", "dist_water": 0.1, "dist_ground": 0.1, "disturbance": 4, "abundance": 3, "memo": ""}}, {"type": "Feature", "geometry": {"type": "Point", "coordinates": [127.827536, 36.97564]}, "properties": {"id": "DS-31", "type": "배설물", "ws": "요도천", "date": "2026-03-13", "width": 15, "depth": "2", "quality": "3", "dist_water": 0.1, "dist_ground": 0.1, "disturbance": 4, "abundance": 3, "memo": ""}}, {"type": "Feature", "geometry": {"type": "Point", "coordinates": [127.82754, 36.975625]}, "properties": {"id": "DS-32", "type": "배설물", "ws": "요도천", "date": "2026-03-13", "width": 15, "depth": "2", "quality": "3", "dist_water": 0.1, "dist_ground": 0.1, "disturbance": 4, "abundance": 3, "memo": ""}}, {"type": "Feature", "geometry": {"type": "Point", "coordinates": [127.8273, 36.975725]}, "properties": {"id": "DS-33", "type": "배설물", "ws": "요도천", "date": "2026-03-13", "width": 15, "depth": "2", "quality": "3", "dist_water": 2.0, "dist_ground": 0.4, "disturbance": 4, "abundance": 3, "memo": ""}}, {"type": "Feature", "geometry": {"type": "Point", "coordinates": [127.827395, 36.975912]}, "properties": {"id": "DS-35", "type": "배설물", "ws": "요도천", "date": "2026-03-13", "width": 15, "depth": "2", "quality": "3", "dist_water": 2.0, "dist_ground": 0.4, "disturbance": 4, "abundance": 3, "memo": ""}}, {"type": "Feature", "geometry": {"type": "Point", "coordinates": [127.82756, 36.97586]}, "properties": {"id": "DS-36", "type": "배설물", "ws": "요도천", "date": "2026-03-13", "width": 15, "depth": "2", "quality": "3", "dist_water": 0.1, "dist_ground": 0.1, "disturbance": 4, "abundance": 3, "memo": "천"}}, {"type": "Feature", "geometry": {"type": "Point", "coordinates": [127.821555, 36.978463]}, "properties": {"id": "DS-37", "type": "배설물", "ws": "요도천", "date": "2026-03-13", "width": 15, "depth": "2", "quality": "3", "dist_water": 0.1, "dist_ground": 0.2, "disturbance": 2, "abundance": 3, "memo": ""}}, {"type": "Feature", "geometry": {"type": "Point", "coordinates": [127.821567, 36.978462]}, "properties": {"id": "DS-38", "type": "배설물", "ws": "요도천", "date": "2026-03-13", "width": 15, "depth": "2", "quality": "3", "dist_water": 0.1, "dist_ground": 0.2, "disturbance": 2, "abundance": 3, "memo": ""}}, {"type": "Feature", "geometry": {"type": "Point", "coordinates": [127.807578, 36.97732]}, "properties": {"id": "DS-45", "type": "배설물", "ws": "요도천", "date": "2026-03-13", "width": 10, "depth": "2", "quality": "3", "dist_water": 0.1, "dist_ground": 0.2, "disturbance": 4, "abundance": 3, "memo": ""}}, {"type": "Feature", "geometry": {"type": "Point", "coordinates": [127.807573, 36.977316]}, "properties": {"id": "DS-46", "type": "배설물", "ws": "요도천", "date": "2026-03-13", "width": 10, "depth": "2", "quality": "3", "dist_water": 0.1, "dist_ground": 0.2, "disturbance": 4, "abundance": 3, "memo": ""}}, {"type": "Feature", "geometry": {"type": "Point", "coordinates": [127.807605, 36.977301]}, "properties": {"id": "DS-47", "type": "배설물", "ws": "요도천", "date": "2026-03-13", "width": 10, "depth": "2", "quality": "3", "dist_water": 0.1, "dist_ground": 0.2, "disturbance": 4, "abundance": 3, "memo": ""}}, {"type": "Feature", "geometry": {"type": "Point", "coordinates": [127.807604, 36.9773]}, "properties": {"id": "DS-48", "type": "배설물", "ws": "요도천", "date": "2026-03-13", "width": 10, "depth": "2", "quality": "3", "dist_water": 0.1, "dist_ground": 0.2, "disturbance": 4, "abundance": 3, "memo": ""}}, {"type": "Feature", "geometry": {"type": "Point", "coordinates": [127.804365, 36.982554]}, "properties": {"id": "DS-51", "type": "배설물", "ws": "요도천", "date": "2026-03-13", "width": 15, "depth": "2", "quality": "3", "dist_water": 0.5, "dist_ground": 0.3, "disturbance": 1, "abundance": 2, "memo": ""}}, {"type": "Feature", "geometry": {"type": "Point", "coordinates": [127.804357, 36.98245]}, "properties": {"id": "DS-52", "type": "배설물", "ws": "요도천", "date": "2026-03-13", "width": 15, "depth": "2", "quality": "3", "dist_water": 0.5, "dist_ground": 0.3, "disturbance": 1, "abundance": 2, "memo": ""}}, {"type": "Feature", "geometry": {"type": "Point", "coordinates": [127.804388, 36.982464]}, "properties": {"id": "DS-53", "type": "배설물", "ws": "요도천", "date": "2026-03-13", "width": 15, "depth": "2", "quality": "3", "dist_water": 0.5, "dist_ground": 0.3, "disturbance": 1, "abundance": 2, "memo": ""}}, {"type": "Feature", "geometry": {"type": "Point", "coordinates": [127.804389, 36.982468]}, "properties": {"id": "DS-54", "type": "배설물", "ws": "요도천", "date": "2026-03-13", "width": 15, "depth": "2", "quality": "3", "dist_water": 0.5, "dist_ground": 0.3, "disturbance": 1, "abundance": 2, "memo": ""}}, {"type": "Feature", "geometry": {"type": "Point", "coordinates": [127.804393, 36.982465]}, "properties": {"id": "DS-55", "type": "배설물", "ws": "요도천", "date": "2026-03-13", "width": 15, "depth": "2", "quality": "3", "dist_water": 0.5, "dist_ground": 0.3, "disturbance": 1, "abundance": 2, "memo": ""}}, {"type": "Feature", "geometry": {"type": "Point", "coordinates": [127.804396, 36.982468]}, "properties": {"id": "DS-56", "type": "배설물", "ws": "요도천", "date": "2026-03-13", "width": 15, "depth": "2", "quality": "3", "dist_water": 0.5, "dist_ground": 0.3, "disturbance": 1, "abundance": 2, "memo": ""}}, {"type": "Feature", "geometry": {"type": "Point", "coordinates": [127.804396, 36.982471]}, "properties": {"id": "DS-57", "type": "배설물", "ws": "요도천", "date": "2026-03-13", "width": 15, "depth": "2", "quality": "3", "dist_water": 0.5, "dist_ground": 0.3, "disturbance": 1, "abundance": 2, "memo": ""}}, {"type": "Feature", "geometry": {"type": "Point", "coordinates": [127.804395, 36.982473]}, "properties": {"id": "DS-58", "type": "배설물", "ws": "요도천", "date": "2026-03-13", "width": 15, "depth": "2", "quality": "3", "dist_water": 0.5, "dist_ground": 0.3, "disturbance": 1, "abundance": 2, "memo": ""}}, {"type": "Feature", "geometry": {"type": "Point", "coordinates": [127.804518, 36.985008]}, "properties": {"id": "DS-60", "type": "배설물", "ws": "요도천", "date": "2026-03-13", "width": 8, "depth": "1", "quality": "3", "dist_water": 1.0, "dist_ground": 0.4, "disturbance": 2, "abundance": 3, "memo": ""}}, {"type": "Feature", "geometry": {"type": "Point", "coordinates": [127.804526, 36.985018]}, "properties": {"id": "DS-61", "type": "발자국", "ws": "요도천", "date": "2026-03-13", "width": 8, "depth": "1", "quality": "3", "dist_water": 2.0, "dist_ground": 0.4, "disturbance": 2, "abundance": 3, "memo": ""}}, {"type": "Feature", "geometry": {"type": "Point", "coordinates": [127.804569, 36.985033]}, "properties": {"id": "DS-62", "type": "배설물", "ws": "요도천", "date": "2026-03-13", "width": 1, "depth": "1", "quality": "3", "dist_water": 0.5, "dist_ground": 0.1, "disturbance": 2, "abundance": 3, "memo": ""}}, {"type": "Feature", "geometry": {"type": "Point", "coordinates": [127.804594, 36.985045]}, "properties": {"id": "DS-63", "type": "배설물", "ws": "요도천", "date": "2026-03-13", "width": 7, "depth": "1", "quality": "3", "dist_water": 0.1, "dist_ground": 0.2, "disturbance": 2, "abundance": 3, "memo": ""}}, {"type": "Feature", "geometry": {"type": "Point", "coordinates": [127.804636, 36.98511]}, "properties": {"id": "DS-64", "type": "배설물", "ws": "요도천", "date": "2026-03-13", "width": 4, "depth": "1", "quality": "3", "dist_water": 0.1, "dist_ground": 0.1, "disturbance": 2, "abundance": 3, "memo": ""}}, {"type": "Feature", "geometry": {"type": "Point", "coordinates": [127.804691, 36.985087]}, "properties": {"id": "DS-65", "type": "배설물", "ws": "요도천", "date": "2026-03-13", "width": 4, "depth": "1", "quality": "3", "dist_water": 0.1, "dist_ground": 0.1, "disturbance": 2, "abundance": 3, "memo": ""}}, {"type": "Feature", "geometry": {"type": "Point", "coordinates": [127.80469, 36.985041]}, "properties": {"id": "DS-66", "type": "배설물", "ws": "요도천", "date": "2026-03-13", "width": 15, "depth": "1", "quality": "3", "dist_water": 1.0, "dist_ground": 0.2, "disturbance": 2, "abundance": 3, "memo": ""}}, {"type": "Feature", "geometry": {"type": "Point", "coordinates": [127.805754, 36.98569]}, "properties": {"id": "DS-67", "type": "배설물", "ws": "요도천", "date": "2026-03-13", "width": 8, "depth": "1", "quality": "3", "dist_water": 0.5, "dist_ground": 0.1, "disturbance": 1, "abundance": 2, "memo": ""}}, {"type": "Feature", "geometry": {"type": "Point", "coordinates": [127.805764, 36.985682]}, "properties": {"id": "DS-68", "type": "배설물", "ws": "요도천", "date": "2026-03-13", "width": 8, "depth": "1", "quality": "3", "dist_water": 0.5, "dist_ground": 0.1, "disturbance": 1, "abundance": 2, "memo": ""}}, {"type": "Feature", "geometry": {"type": "Point", "coordinates": [127.805745, 36.985672]}, "properties": {"id": "DS-69", "type": "배설물", "ws": "요도천", "date": "2026-03-13", "width": 8, "depth": "1", "quality": "3", "dist_water": 0.5, "dist_ground": 0.1, "disturbance": 1, "abundance": 2, "memo": ""}}, {"type": "Feature", "geometry": {"type": "Point", "coordinates": [127.805741, 36.985659]}, "properties": {"id": "DS-70", "type": "배설물", "ws": "요도천", "date": "2026-03-13", "width": 8, "depth": "1", "quality": "3", "dist_water": 0.5, "dist_ground": 0.1, "disturbance": 1, "abundance": 2, "memo": ""}}, {"type": "Feature", "geometry": {"type": "Point", "coordinates": [127.805732, 36.985655]}, "properties": {"id": "DS-71", "type": "배설물", "ws": "요도천", "date": "2026-03-13", "width": 8, "depth": "1", "quality": "3", "dist_water": 0.5, "dist_ground": 0.1, "disturbance": 1, "abundance": 2, "memo": ""}}, {"type": "Feature", "geometry": {"type": "Point", "coordinates": [127.803061, 36.988421]}, "properties": {"id": "DS-76", "type": "배설물", "ws": "요도천", "date": "2026-03-13", "width": 40, "depth": "1", "quality": "3", "dist_water": 0.3, "dist_ground": 0.1, "disturbance": 1, "abundance": 2, "memo": ""}}, {"type": "Feature", "geometry": {"type": "Point", "coordinates": [127.803044, 36.988432]}, "properties": {"id": "DS-77", "type": "배설물", "ws": "요도천", "date": "2026-03-13", "width": 40, "depth": "1", "quality": "3", "dist_water": 0.3, "dist_ground": 0.1, "disturbance": 1, "abundance": 2, "memo": ""}}, {"type": "Feature", "geometry": {"type": "Point", "coordinates": [127.803107, 36.988439]}, "properties": {"id": "DS-78", "type": "배설물", "ws": "요도천", "date": "2026-03-13", "width": 40, "depth": "1", "quality": "3", "dist_water": 0.3, "dist_ground": 0.1, "disturbance": 1, "abundance": 2, "memo": ""}}, {"type": "Feature", "geometry": {"type": "Point", "coordinates": [127.803085, 36.988458]}, "properties": {"id": "DS-79", "type": "배설물", "ws": "요도천", "date": "2026-03-13", "width": 40, "depth": "1", "quality": "3", "dist_water": 0.3, "dist_ground": 0.1, "disturbance": 1, "abundance": 2, "memo": ""}}, {"type": "Feature", "geometry": {"type": "Point", "coordinates": [127.803072, 36.988466]}, "properties": {"id": "DS-80", "type": "배설물", "ws": "요도천", "date": "2026-03-13", "width": 40, "depth": "1", "quality": "3", "dist_water": 0.3, "dist_ground": 0.1, "disturbance": 1, "abundance": 2, "memo": ""}}, {"type": "Feature", "geometry": {"type": "Point", "coordinates": [127.803075, 36.988482]}, "properties": {"id": "DS-81", "type": "배설물", "ws": "요도천", "date": "2026-03-13", "width": 40, "depth": "1", "quality": "3", "dist_water": 0.3, "dist_ground": 0.1, "disturbance": 1, "abundance": 2, "memo": ""}}, {"type": "Feature", "geometry": {"type": "Point", "coordinates": [127.803068, 36.988495]}, "properties": {"id": "DS-82", "type": "배설물", "ws": "요도천", "date": "2026-03-13", "width": 40, "depth": "1", "quality": "3", "dist_water": 0.3, "dist_ground": 0.1, "disturbance": 1, "abundance": 2, "memo": ""}}, {"type": "Feature", "geometry": {"type": "Point", "coordinates": [127.803063, 36.988506]}, "properties": {"id": "DS-83", "type": "배설물", "ws": "요도천", "date": "2026-03-13", "width": 40, "depth": "1", "quality": "3", "dist_water": 0.3, "dist_ground": 0.1, "disturbance": 1, "abundance": 2, "memo": ""}}, {"type": "Feature", "geometry": {"type": "Point", "coordinates": [127.803061, 36.988516]}, "properties": {"id": "DS-84", "type": "배설물", "ws": "요도천", "date": "2026-03-13", "width": 40, "depth": "1", "quality": "3", "dist_water": 0.3, "dist_ground": 0.1, "disturbance": 1, "abundance": 2, "memo": ""}}, {"type": "Feature", "geometry": {"type": "Point", "coordinates": [127.803928, 36.992022]}, "properties": {"id": "DS-93", "type": "배설물", "ws": "요도천", "date": "2026-03-13", "width": 2, "depth": "1", "quality": "3", "dist_water": 1.0, "dist_ground": 0.3, "disturbance": 4, "abundance": 2, "memo": ""}}, {"type": "Feature", "geometry": {"type": "Point", "coordinates": [127.803941, 36.992009]}, "properties": {"id": "DS-94", "type": "배설물", "ws": "요도천", "date": "2026-03-13", "width": 2, "depth": "1", "quality": "3", "dist_water": 1.0, "dist_ground": 0.3, "disturbance": 4, "abundance": 2, "memo": ""}}, {"type": "Feature", "geometry": {"type": "Point", "coordinates": [127.804472, 36.992385]}, "properties": {"id": "DS-96", "type": "배설물", "ws": "요도천", "date": "2026-03-13", "width": 1, "depth": "1", "quality": "3", "dist_water": 0.1, "dist_ground": 0.4, "disturbance": 2, "abundance": 2, "memo": ""}}, {"type": "Feature", "geometry": {"type": "Point", "coordinates": [127.804503, 36.992402]}, "properties": {"id": "DS-97", "type": "배설물", "ws": "요도천", "date": "2026-03-13", "width": 1, "depth": "1", "quality": "3", "dist_water": 0.1, "dist_ground": 0.4, "disturbance": 2, "abundance": 2, "memo": ""}}, {"type": "Feature", "geometry": {"type": "Point", "coordinates": [127.804557, 36.992593]}, "properties": {"id": "DS-98", "type": "배설물", "ws": "요도천", "date": "2026-03-13", "width": 1, "depth": "1", "quality": "3", "dist_water": 0.1, "dist_ground": 0.3, "disturbance": 2, "abundance": 2, "memo": ""}}, {"type": "Feature", "geometry": {"type": "Point", "coordinates": [127.804556, 36.992601]}, "properties": {"id": "DS-99", "type": "배설물", "ws": "요도천", "date": "2026-03-13", "width": 1, "depth": "1", "quality": "3", "dist_water": 0.1, "dist_ground": 0.3, "disturbance": 2, "abundance": 2, "memo": ""}}, {"type": "Feature", "geometry": {"type": "Point", "coordinates": [127.805737, 36.997906]}, "properties": {"id": "DS-100", "type": "배설물", "ws": "요도천", "date": "2026-03-13", "width": 2, "depth": "1", "quality": "3", "dist_water": 0.5, "dist_ground": 0.1, "disturbance": 2, "abundance": 2, "memo": ""}}, {"type": "Feature", "geometry": {"type": "Point", "coordinates": [127.805662, 36.997885]}, "properties": {"id": "DS-101", "type": "발자국", "ws": "요도천", "date": "2026-03-13", "width": 2, "depth": "1", "quality": "3", "dist_water": 0.5, "dist_ground": 0.0, "disturbance": 2, "abundance": 2, "memo": ""}}, {"type": "Feature", "geometry": {"type": "Point", "coordinates": [127.80569, 36.997877]}, "properties": {"id": "DS-102", "type": "배설물", "ws": "요도천", "date": "2026-03-13", "width": 2, "depth": "1", "quality": "3", "dist_water": 0.5, "dist_ground": 0.1, "disturbance": 2, "abundance": 2, "memo": ""}}, {"type": "Feature", "geometry": {"type": "Point", "coordinates": [127.847837, 36.969265]}, "properties": {"id": "DS-03", "type": "배설물", "ws": "요도천", "date": "2026-03-13", "width": 6, "depth": "1", "quality": "3", "dist_water": 0.1, "dist_ground": 0.3, "disturbance": 2, "abundance": 3, "memo": ""}}, {"type": "Feature", "geometry": {"type": "Point", "coordinates": [127.847844, 36.96929]}, "properties": {"id": "DS-04", "type": "배설물", "ws": "요도천", "date": "2026-03-13", "width": 6, "depth": "1", "quality": "3", "dist_water": 0.1, "dist_ground": 0.3, "disturbance": 2, "abundance": 3, "memo": ""}}, {"type": "Feature", "geometry": {"type": "Point", "coordinates": [127.84785, 36.969297]}, "properties": {"id": "DS-05", "type": "배설물", "ws": "요도천", "date": "2026-03-13", "width": 6, "depth": "1", "quality": "3", "dist_water": 0.1, "dist_ground": 0.3, "disturbance": 2, "abundance": 3, "memo": ""}}, {"type": "Feature", "geometry": {"type": "Point", "coordinates": [127.847844, 36.969307]}, "properties": {"id": "DS-06", "type": "배설물", "ws": "요도천", "date": "2026-03-13", "width": 6, "depth": "1", "quality": "3", "dist_water": 0.1, "dist_ground": 0.3, "disturbance": 2, "abundance": 3, "memo": ""}}, {"type": "Feature", "geometry": {"type": "Point", "coordinates": [127.847851, 36.96931]}, "properties": {"id": "DS-07", "type": "배설물", "ws": "요도천", "date": "2026-03-13", "width": 6, "depth": "1", "quality": "3", "dist_water": 0.1, "dist_ground": 0.3, "disturbance": 2, "abundance": 3, "memo": ""}}, {"type": "Feature", "geometry": {"type": "Point", "coordinates": [127.847855, 36.969315]}, "properties": {"id": "DS-08", "type": "배설물", "ws": "요도천", "date": "2026-03-13", "width": 6, "depth": "1", "quality": "3", "dist_water": 0.1, "dist_ground": 0.3, "disturbance": 2, "abundance": 3, "memo": ""}}, {"type": "Feature", "geometry": {"type": "Point", "coordinates": [127.842771, 36.968303]}, "properties": {"id": "DS-09", "type": "배설물", "ws": "요도천", "date": "2026-03-13", "width": 8, "depth": "1", "quality": "3", "dist_water": 0.1, "dist_ground": 0.2, "disturbance": 3, "abundance": 3, "memo": ""}}, {"type": "Feature", "geometry": {"type": "Point", "coordinates": [127.842614, 36.968242]}, "properties": {"id": "DS-14", "type": "배설물", "ws": "요도천", "date": "2026-03-13", "width": 3, "depth": "1", "quality": "3", "dist_water": 0.1, "dist_ground": 0.3, "disturbance": 3, "abundance": 1, "memo": ""}}, {"type": "Feature", "geometry": {"type": "Point", "coordinates": [127.842587, 36.967299]}, "properties": {"id": "DS-20", "type": "배설물", "ws": "요도천", "date": "2026-03-13", "width": 5, "depth": "1", "quality": "3", "dist_water": 0.1, "dist_ground": 0.3, "disturbance": 2, "abundance": 2, "memo": ""}}, {"type": "Feature", "geometry": {"type": "Point", "coordinates": [127.842473, 36.967279]}, "properties": {"id": "DS-21", "type": "배설물", "ws": "요도천", "date": "2026-03-13", "width": 5, "depth": "1", "quality": "3", "dist_water": 0.1, "dist_ground": 0.3, "disturbance": 2, "abundance": 2, "memo": ""}}, {"type": "Feature", "geometry": {"type": "Point", "coordinates": [127.842542, 36.96711]}, "properties": {"id": "DS-19", "type": "배설물", "ws": "요도천", "date": "2026-03-13", "width": 5, "depth": "1", "quality": "3", "dist_water": 0.1, "dist_ground": 0.2, "disturbance": 2, "abundance": 2, "memo": ""}}, {"type": "Feature", "geometry": {"type": "Point", "coordinates": [127.842586, 36.967036]}, "properties": {"id": "DS-18", "type": "배설물", "ws": "요도천", "date": "2026-03-13", "width": 5, "depth": "1", "quality": "3", "dist_water": 0.1, "dist_ground": 0.2, "disturbance": 2, "abundance": 2, "memo": ""}}, {"type": "Feature", "geometry": {"type": "Point", "coordinates": [127.831299, 36.972264]}, "properties": {"id": "DS-29", "type": "배설물", "ws": "요도천", "date": "2026-03-13", "width": 2, "depth": "1", "quality": "3", "dist_water": 0.1, "dist_ground": 0.3, "disturbance": 2, "abundance": 2, "memo": ""}}, {"type": "Feature", "geometry": {"type": "Point", "coordinates": [127.8273, 36.975762]}, "properties": {"id": "DS-34", "type": "배설물", "ws": "요도천", "date": "2026-03-13", "width": 15, "depth": "2", "quality": "3", "dist_water": 2.0, "dist_ground": 0.4, "disturbance": 4, "abundance": 3, "memo": ""}}, {"type": "Feature", "geometry": {"type": "Point", "coordinates": [127.818746, 36.97908]}, "properties": {"id": "DS-39", "type": "배설물", "ws": "요도천", "date": "2026-03-13", "width": 8, "depth": "1", "quality": "2", "dist_water": 1.0, "dist_ground": 0.2, "disturbance": 4, "abundance": 2, "memo": ""}}, {"type": "Feature", "geometry": {"type": "Point", "coordinates": [127.807798, 36.976988]}, "properties": {"id": "DS-42", "type": "배설물", "ws": "요도천", "date": "2026-03-13", "width": 50, "depth": "1", "quality": "2", "dist_water": 0.5, "dist_ground": 0.3, "disturbance": 4, "abundance": 3, "memo": "다승"}}, {"type": "Feature", "geometry": {"type": "Point", "coordinates": [127.807802, 36.977001]}, "properties": {"id": "DS-43", "type": "배설물", "ws": "요도천", "date": "2026-03-13", "width": 50, "depth": "1", "quality": "2", "dist_water": 0.5, "dist_ground": 0.3, "disturbance": 4, "abundance": 3, "memo": ""}}, {"type": "Feature", "geometry": {"type": "Point", "coordinates": [127.807782, 36.976997]}, "properties": {"id": "DS-44", "type": "배설물", "ws": "요도천", "date": "2026-03-13", "width": 50, "depth": "1", "quality": "2", "dist_water": 0.5, "dist_ground": 0.3, "disturbance": 4, "abundance": 3, "memo": ""}}, {"type": "Feature", "geometry": {"type": "Point", "coordinates": [127.805407, 36.985447]}, "properties": {"id": "DS-75", "type": "배설물", "ws": "요도천", "date": "2026-03-13", "width": 1, "depth": "1", "quality": "3", "dist_water": 0.1, "dist_ground": 0.1, "disturbance": 1, "abundance": 2, "memo": ""}}, {"type": "Feature", "geometry": {"type": "Point", "coordinates": [127.805674, 36.985563]}, "properties": {"id": "DS-74", "type": "배설물", "ws": "요도천", "date": "2026-03-13", "width": 8, "depth": "1", "quality": "3", "dist_water": 0.5, "dist_ground": 0.1, "disturbance": 1, "abundance": 2, "memo": ""}}, {"type": "Feature", "geometry": {"type": "Point", "coordinates": [127.805688, 36.985571]}, "properties": {"id": "DS-73", "type": "배설물", "ws": "요도천", "date": "2026-03-13", "width": 8, "depth": "1", "quality": "3", "dist_water": 0.5, "dist_ground": 0.1, "disturbance": 1, "abundance": 2, "memo": ""}}, {"type": "Feature", "geometry": {"type": "Point", "coordinates": [127.805758, 36.985653]}, "properties": {"id": "DS-72", "type": "배설물", "ws": "요도천", "date": "2026-03-13", "width": 8, "depth": "1", "quality": "3", "dist_water": 0.5, "dist_ground": 0.1, "disturbance": 1, "abundance": 2, "memo": ""}}, {"type": "Feature", "geometry": {"type": "Point", "coordinates": [127.803047, 36.988356]}, "properties": {"id": "DS-85", "type": "배설물", "ws": "요도천", "date": "2026-03-13", "width": 40, "depth": "1", "quality": "3", "dist_water": 0.3, "dist_ground": 0.1, "disturbance": 1, "abundance": 2, "memo": ""}}, {"type": "Feature", "geometry": {"type": "Point", "coordinates": [127.802993, 36.988375]}, "properties": {"id": "DS-86", "type": "배설물", "ws": "요도천", "date": "2026-03-13", "width": 40, "depth": "1", "quality": "3", "dist_water": 0.3, "dist_ground": 0.1, "disturbance": 1, "abundance": 2, "memo": ""}}, {"type": "Feature", "geometry": {"type": "Point", "coordinates": [127.803013, 36.988366]}, "properties": {"id": "DS-87", "type": "배설물", "ws": "요도천", "date": "2026-03-13", "width": 40, "depth": "1", "quality": "3", "dist_water": 0.3, "dist_ground": 0.1, "disturbance": 1, "abundance": 2, "memo": ""}}, {"type": "Feature", "geometry": {"type": "Point", "coordinates": [127.802997, 36.988303]}, "properties": {"id": "DS-88", "type": "배설물", "ws": "요도천", "date": "2026-03-13", "width": 40, "depth": "1", "quality": "3", "dist_water": 0.3, "dist_ground": 0.1, "disturbance": 1, "abundance": 2, "memo": ""}}, {"type": "Feature", "geometry": {"type": "Point", "coordinates": [127.802988, 36.988322]}, "properties": {"id": "DS-89", "type": "배설물", "ws": "요도천", "date": "2026-03-13", "width": 40, "depth": "1", "quality": "3", "dist_water": 0.3, "dist_ground": 0.1, "disturbance": 1, "abundance": 2, "memo": ""}}, {"type": "Feature", "geometry": {"type": "Point", "coordinates": [127.804447, 36.992361]}, "properties": {"id": "DS-95", "type": "배설물", "ws": "요도천", "date": "2026-03-13", "width": 4, "depth": "1", "quality": "3", "dist_water": 0.1, "dist_ground": 0.5, "disturbance": 2, "abundance": 2, "memo": ""}}, {"type": "Feature", "geometry": {"type": "Point", "coordinates": [127.805602, 36.998096]}, "properties": {"id": "DS-103", "type": "배설물", "ws": "요도천", "date": "2026-03-13", "width": 10, "depth": "1", "quality": "3", "dist_water": 0.2, "dist_ground": 0.5, "disturbance": 2, "abundance": 2, "memo": ""}}, {"type": "Feature", "geometry": {"type": "Point", "coordinates": [127.802995, 36.988314]}, "properties": {"id": "DS-90", "type": "배설물", "ws": "요도천", "date": "2026-03-13", "width": 40, "depth": "1", "quality": "3", "dist_water": 0.3, "dist_ground": 0.1, "disturbance": 1, "abundance": 2, "memo": ""}}, {"type": "Feature", "geometry": {"type": "Point", "coordinates": [127.790417, 36.985517]}, "properties": {"id": "GT-04", "type": "배설물", "ws": "요도천", "date": "2026-03-13", "width": 100, "depth": "5", "quality": "3", "dist_water": 0.1, "dist_ground": 0.2, "disturbance": 4, "abundance": 3, "memo": ""}}, {"type": "Feature", "geometry": {"type": "Point", "coordinates": [127.790425, 36.985525]}, "properties": {"id": "GT-05", "type": "배설물", "ws": "요도천", "date": "2026-03-13", "width": 100, "depth": "5", "quality": "3", "dist_water": 0.1, "dist_ground": 0.2, "disturbance": 4, "abundance": 3, "memo": ""}}, {"type": "Feature", "geometry": {"type": "Point", "coordinates": [127.790439, 36.985527]}, "properties": {"id": "GT-06", "type": "배설물", "ws": "요도천", "date": "2026-03-13", "width": 100, "depth": "5", "quality": "3", "dist_water": 0.1, "dist_ground": 0.2, "disturbance": 4, "abundance": 3, "memo": ""}}, {"type": "Feature", "geometry": {"type": "Point", "coordinates": [127.790448, 36.985517]}, "properties": {"id": "GT-07", "type": "배설물", "ws": "요도천", "date": "2026-03-13", "width": 100, "depth": "5", "quality": "3", "dist_water": 0.1, "dist_ground": 0.2, "disturbance": 4, "abundance": 3, "memo": ""}}, {"type": "Feature", "geometry": {"type": "Point", "coordinates": [127.790453, 36.985524]}, "properties": {"id": "GT-08", "type": "배설물", "ws": "요도천", "date": "2026-03-13", "width": 100, "depth": "5", "quality": "3", "dist_water": 0.1, "dist_ground": 0.2, "disturbance": 4, "abundance": 3, "memo": ""}}, {"type": "Feature", "geometry": {"type": "Point", "coordinates": [127.790395, 36.985695]}, "properties": {"id": "GT-09", "type": "배설물", "ws": "요도천", "date": "2026-03-13", "width": 9, "depth": "1", "quality": "3", "dist_water": 0.5, "dist_ground": 0.1, "disturbance": 4, "abundance": 3, "memo": ""}}, {"type": "Feature", "geometry": {"type": "Point", "coordinates": [127.790386, 36.985694]}, "properties": {"id": "GT-10", "type": "발자국", "ws": "요도천", "date": "2026-03-13", "width": 9, "depth": "1", "quality": "3", "dist_water": 0.3, "dist_ground": 0.0, "disturbance": 4, "abundance": 3, "memo": ""}}, {"type": "Feature", "geometry": {"type": "Point", "coordinates": [127.7904, 36.985705]}, "properties": {"id": "GT-11", "type": "배설물", "ws": "요도천", "date": "2026-03-13", "width": 9, "depth": "1", "quality": "3", "dist_water": 0.3, "dist_ground": 0.0, "disturbance": 4, "abundance": 3, "memo": ""}}, {"type": "Feature", "geometry": {"type": "Point", "coordinates": [127.78999, 36.984873]}, "properties": {"id": "GT-12", "type": "배설물", "ws": "요도천", "date": "2026-03-13", "width": 100, "depth": "5", "quality": "3", "dist_water": 0.1, "dist_ground": 0.3, "disturbance": 4, "abundance": 3, "memo": ""}}, {"type": "Feature", "geometry": {"type": "Point", "coordinates": [127.789994, 36.98487]}, "properties": {"id": "GT-13", "type": "배설물", "ws": "요도천", "date": "2026-03-13", "width": 100, "depth": "5", "quality": "3", "dist_water": 0.1, "dist_ground": 0.3, "disturbance": 4, "abundance": 3, "memo": ""}}, {"type": "Feature", "geometry": {"type": "Point", "coordinates": [127.789989, 36.984869]}, "properties": {"id": "GT-14", "type": "배설물", "ws": "요도천", "date": "2026-03-13", "width": 100, "depth": "5", "quality": "3", "dist_water": 0.1, "dist_ground": 0.3, "disturbance": 4, "abundance": 3, "memo": ""}}, {"type": "Feature", "geometry": {"type": "Point", "coordinates": [127.789992, 36.984867]}, "properties": {"id": "GT-15", "type": "배설물", "ws": "요도천", "date": "2026-03-13", "width": 100, "depth": "5", "quality": "3", "dist_water": 0.1, "dist_ground": 0.3, "disturbance": 4, "abundance": 3, "memo": ""}}, {"type": "Feature", "geometry": {"type": "Point", "coordinates": [127.773355, 36.986919]}, "properties": {"id": "GT-22", "type": "배설물", "ws": "요도천", "date": "2026-03-13", "width": 100, "depth": "5", "quality": "3", "dist_water": 0.1, "dist_ground": 0.1, "disturbance": 4, "abundance": 3, "memo": ""}}, {"type": "Feature", "geometry": {"type": "Point", "coordinates": [127.773332, 36.986891]}, "properties": {"id": "GT-23", "type": "배설물", "ws": "요도천", "date": "2026-03-13", "width": 100, "depth": "5", "quality": "3", "dist_water": 0.1, "dist_ground": 0.1, "disturbance": 4, "abundance": 3, "memo": ""}}, {"type": "Feature", "geometry": {"type": "Point", "coordinates": [127.773558, 36.986811]}, "properties": {"id": "GT-24", "type": "배설물", "ws": "요도천", "date": "2026-03-13", "width": 100, "depth": "5", "quality": "3", "dist_water": 0.1, "dist_ground": 0.1, "disturbance": 4, "abundance": 3, "memo": ""}}, {"type": "Feature", "geometry": {"type": "Point", "coordinates": [127.77362, 36.986774]}, "properties": {"id": "GT-25", "type": "배설물", "ws": "요도천", "date": "2026-03-13", "width": 100, "depth": "5", "quality": "3", "dist_water": 0.1, "dist_ground": 0.1, "disturbance": 4, "abundance": 3, "memo": ""}}, {"type": "Feature", "geometry": {"type": "Point", "coordinates": [127.773554, 36.986862]}, "properties": {"id": "GT-26", "type": "배설물", "ws": "요도천", "date": "2026-03-13", "width": 100, "depth": "5", "quality": "3", "dist_water": 0.1, "dist_ground": 0.1, "disturbance": 4, "abundance": 3, "memo": ""}}, {"type": "Feature", "geometry": {"type": "Point", "coordinates": [127.764118, 36.992465]}, "properties": {"id": "GT-27", "type": "배설물", "ws": "요도천", "date": "2026-03-13", "width": 100, "depth": "5", "quality": "3", "dist_water": 0.1, "dist_ground": 0.3, "disturbance": 4, "abundance": 3, "memo": ""}}, {"type": "Feature", "geometry": {"type": "Point", "coordinates": [127.75945, 36.992295]}, "properties": {"id": "GT-28", "type": "배설물", "ws": "요도천", "date": "2026-03-13", "width": 100, "depth": "5", "quality": "3", "dist_water": 12.0, "dist_ground": 0.3, "disturbance": 4, "abundance": 3, "memo": ""}}, {"type": "Feature", "geometry": {"type": "Point", "coordinates": [127.76, 36.992345]}, "properties": {"id": "GT-29", "type": "배설물", "ws": "요도천", "date": "2026-03-13", "width": 100, "depth": "5", "quality": "3", "dist_water": 0.1, "dist_ground": 0.1, "disturbance": 4, "abundance": 3, "memo": ""}}, {"type": "Feature", "geometry": {"type": "Point", "coordinates": [127.760003, 36.992375]}, "properties": {"id": "GT-30", "type": "배설물", "ws": "요도천", "date": "2026-03-13", "width": 100, "depth": "5", "quality": "3", "dist_water": 0.1, "dist_ground": 0.1, "disturbance": 4, "abundance": 3, "memo": ""}}, {"type": "Feature", "geometry": {"type": "Point", "coordinates": [127.763811, 36.991949]}, "properties": {"id": "GT-31", "type": "배설물", "ws": "요도천", "date": "2026-03-13", "width": 100, "depth": "5", "quality": "3", "dist_water": 0.1, "dist_ground": 0.1, "disturbance": 4, "abundance": 3, "memo": ""}}, {"type": "Feature", "geometry": {"type": "Point", "coordinates": [127.763818, 36.991979]}, "properties": {"id": "GT-32", "type": "배설물", "ws": "요도천", "date": "2026-03-13", "width": 100, "depth": "5", "quality": "3", "dist_water": 0.1, "dist_ground": 0.1, "disturbance": 4, "abundance": 3, "memo": ""}}, {"type": "Feature", "geometry": {"type": "Point", "coordinates": [127.764182, 36.991893]}, "properties": {"id": "GT-33", "type": "배설물", "ws": "요도천", "date": "2026-03-13", "width": 100, "depth": "5", "quality": "3", "dist_water": 0.1, "dist_ground": 0.1, "disturbance": 4, "abundance": 3, "memo": ""}}, {"type": "Feature", "geometry": {"type": "Point", "coordinates": [127.764186, 36.991919]}, "properties": {"id": "GT-34", "type": "배설물", "ws": "요도천", "date": "2026-03-13", "width": 100, "depth": "5", "quality": "3", "dist_water": 0.1, "dist_ground": 0.1, "disturbance": 4, "abundance": 3, "memo": ""}}, {"type": "Feature", "geometry": {"type": "Point", "coordinates": [127.773677, 36.98589]}, "properties": {"id": "GT-35", "type": "배설물", "ws": "요도천", "date": "2026-03-13", "width": 20, "depth": "1", "quality": "3", "dist_water": 0.1, "dist_ground": 0.1, "disturbance": 4, "abundance": 3, "memo": ""}}, {"type": "Feature", "geometry": {"type": "Point", "coordinates": [127.773684, 36.985889]}, "properties": {"id": "GT-36", "type": "배설물", "ws": "요도천", "date": "2026-03-13", "width": 20, "depth": "1", "quality": "3", "dist_water": 0.1, "dist_ground": 0.1, "disturbance": 4, "abundance": 3, "memo": ""}}, {"type": "Feature", "geometry": {"type": "Point", "coordinates": [127.773671, 36.985896]}, "properties": {"id": "GT-37", "type": "배설물", "ws": "요도천", "date": "2026-03-13", "width": 20, "depth": "1", "quality": "3", "dist_water": 0.1, "dist_ground": 0.1, "disturbance": 4, "abundance": 3, "memo": ""}}, {"type": "Feature", "geometry": {"type": "Point", "coordinates": [127.773746, 36.985869]}, "properties": {"id": "GT-38", "type": "배설물", "ws": "요도천", "date": "2026-03-13", "width": 20, "depth": "1", "quality": "3", "dist_water": 0.1, "dist_ground": 0.1, "disturbance": 4, "abundance": 3, "memo": ""}}, {"type": "Feature", "geometry": {"type": "Point", "coordinates": [127.773949, 36.985943]}, "properties": {"id": "GT-39", "type": "배설물", "ws": "요도천", "date": "2026-03-13", "width": 100, "depth": "5", "quality": "3", "dist_water": 0.3, "dist_ground": 0.1, "disturbance": 4, "abundance": 3, "memo": ""}}, {"type": "Feature", "geometry": {"type": "Point", "coordinates": [127.773949, 36.985934]}, "properties": {"id": "GT-40", "type": "배설물", "ws": "요도천", "date": "2026-03-13", "width": 100, "depth": "5", "quality": "3", "dist_water": 0.3, "dist_ground": 0.1, "disturbance": 4, "abundance": 3, "memo": ""}}, {"type": "Feature", "geometry": {"type": "Point", "coordinates": [127.776734, 36.984786]}, "properties": {"id": "GT-41", "type": "배설물", "ws": "요도천", "date": "2026-03-13", "width": 100, "depth": "5", "quality": "3", "dist_water": 0.1, "dist_ground": 0.1, "disturbance": 4, "abundance": 3, "memo": ""}}, {"type": "Feature", "geometry": {"type": "Point", "coordinates": [127.776857, 36.984499]}, "properties": {"id": "GT-42", "type": "배설물", "ws": "요도천", "date": "2026-03-13", "width": 8, "depth": "1", "quality": "3", "dist_water": 0.3, "dist_ground": 0.1, "disturbance": 4, "abundance": 3, "memo": ""}}, {"type": "Feature", "geometry": {"type": "Point", "coordinates": [127.777014, 36.984533]}, "properties": {"id": "GT-43", "type": "배설물", "ws": "요도천", "date": "2026-03-13", "width": 100, "depth": "5", "quality": "3", "dist_water": 0.3, "dist_ground": 0.3, "disturbance": 4, "abundance": 3, "memo": ""}}, {"type": "Feature", "geometry": {"type": "Point", "coordinates": [127.753336, 36.993426]}, "properties": {"id": "GT-44", "type": "배설물", "ws": "요도천", "date": "2026-03-13", "width": 100, "depth": "5", "quality": "3", "dist_water": 0.1, "dist_ground": 0.1, "disturbance": 4, "abundance": 3, "memo": ""}}, {"type": "Feature", "geometry": {"type": "Point", "coordinates": [127.753338, 36.993471]}, "properties": {"id": "GT-45", "type": "배설물", "ws": "요도천", "date": "2026-03-13", "width": 100, "depth": "5", "quality": "3", "dist_water": 0.1, "dist_ground": 0.1, "disturbance": 4, "abundance": 3, "memo": ""}}, {"type": "Feature", "geometry": {"type": "Point", "coordinates": [127.753349, 36.993504]}, "properties": {"id": "GT-46", "type": "배설물", "ws": "요도천", "date": "2026-03-13", "width": 100, "depth": "5", "quality": "3", "dist_water": 0.1, "dist_ground": 0.1, "disturbance": 4, "abundance": 3, "memo": ""}}, {"type": "Feature", "geometry": {"type": "Point", "coordinates": [127.75351, 36.993881]}, "properties": {"id": "GT-47", "type": "배설물", "ws": "요도천", "date": "2026-03-13", "width": 100, "depth": "5", "quality": "3", "dist_water": 0.1, "dist_ground": 0.1, "disturbance": 4, "abundance": 3, "memo": ""}}, {"type": "Feature", "geometry": {"type": "Point", "coordinates": [127.753533, 36.993935]}, "properties": {"id": "GT-48", "type": "배설물", "ws": "요도천", "date": "2026-03-13", "width": 100, "depth": "5", "quality": "3", "dist_water": 0.1, "dist_ground": 0.1, "disturbance": 4, "abundance": 3, "memo": ""}}, {"type": "Feature", "geometry": {"type": "Point", "coordinates": [127.753668, 36.994242]}, "properties": {"id": "GT-49", "type": "배설물", "ws": "요도천", "date": "2026-03-13", "width": 100, "depth": "5", "quality": "3", "dist_water": 0.1, "dist_ground": 0.1, "disturbance": 4, "abundance": 3, "memo": "나무"}}, {"type": "Feature", "geometry": {"type": "Point", "coordinates": [127.753662, 36.994256]}, "properties": {"id": "GT-50", "type": "배설물", "ws": "요도천", "date": "2026-03-13", "width": 100, "depth": "5", "quality": "3", "dist_water": 0.1, "dist_ground": 0.1, "disturbance": 4, "abundance": 3, "memo": "나무"}}, {"type": "Feature", "geometry": {"type": "Point", "coordinates": [127.749917, 36.995398]}, "properties": {"id": "GT-51", "type": "배설물", "ws": "요도천", "date": "2026-03-13", "width": 130, "depth": "5", "quality": "3", "dist_water": 0.1, "dist_ground": 0.0, "disturbance": 4, "abundance": 3, "memo": ""}}, {"type": "Feature", "geometry": {"type": "Point", "coordinates": [127.749941, 36.995448]}, "properties": {"id": "GT-52", "type": "배설물", "ws": "요도천", "date": "2026-03-13", "width": 130, "depth": "5", "quality": "3", "dist_water": 0.1, "dist_ground": 0.0, "disturbance": 4, "abundance": 3, "memo": ""}}, {"type": "Feature", "geometry": {"type": "Point", "coordinates": [127.750204, 36.995203]}, "properties": {"id": "GT-53", "type": "배설물", "ws": "요도천", "date": "2026-03-13", "width": 130, "depth": "5", "quality": "3", "dist_water": 1.0, "dist_ground": 0.1, "disturbance": 4, "abundance": 3, "memo": ""}}, {"type": "Feature", "geometry": {"type": "Point", "coordinates": [127.744917, 36.996308]}, "properties": {"id": "GT-54", "type": "배설물", "ws": "요도천", "date": "2026-03-13", "width": 140, "depth": "1", "quality": "3", "dist_water": 0.1, "dist_ground": 0.5, "disturbance": 4, "abundance": 3, "memo": ""}}, {"type": "Feature", "geometry": {"type": "Point", "coordinates": [127.744566, 36.996216]}, "properties": {"id": "GT-55", "type": "배설물", "ws": "요도천", "date": "2026-03-13", "width": 140, "depth": "1", "quality": "3", "dist_water": 0.1, "dist_ground": 0.1, "disturbance": 4, "abundance": 3, "memo": ""}}, {"type": "Feature", "geometry": {"type": "Point", "coordinates": [127.74152, 36.998131]}, "properties": {"id": "GT-57", "type": "배설물", "ws": "요도천", "date": "2026-03-13", "width": 100, "depth": "1", "quality": "3", "dist_water": 0.2, "dist_ground": 0.2, "disturbance": 4, "abundance": 3, "memo": ""}}, {"type": "Feature", "geometry": {"type": "Point", "coordinates": [127.736958, 36.998154]}, "properties": {"id": "GT-58", "type": "배설물", "ws": "요도천", "date": "2026-03-13", "width": 90, "depth": "1", "quality": "3", "dist_water": 1.0, "dist_ground": 0.5, "disturbance": 4, "abundance": 3, "memo": ""}}, {"type": "Feature", "geometry": {"type": "Point", "coordinates": [127.736966, 36.998146]}, "properties": {"id": "GT-59", "type": "배설물", "ws": "요도천", "date": "2026-03-13", "width": 90, "depth": "1", "quality": "3", "dist_water": 1.0, "dist_ground": 0.5, "disturbance": 4, "abundance": 3, "memo": ""}}, {"type": "Feature", "geometry": {"type": "Point", "coordinates": [127.736957, 36.998143]}, "properties": {"id": "GT-60", "type": "배설물", "ws": "요도천", "date": "2026-03-13", "width": 90, "depth": "1", "quality": "3", "dist_water": 1.0, "dist_ground": 0.5, "disturbance": 4, "abundance": 3, "memo": ""}}, {"type": "Feature", "geometry": {"type": "Point", "coordinates": [127.736947, 36.998143]}, "properties": {"id": "GT-61", "type": "배설물", "ws": "요도천", "date": "2026-03-13", "width": 90, "depth": "1", "quality": "3", "dist_water": 1.0, "dist_ground": 0.5, "disturbance": 4, "abundance": 3, "memo": ""}}, {"type": "Feature", "geometry": {"type": "Point", "coordinates": [127.736934, 36.998144]}, "properties": {"id": "GT-62", "type": "배설물", "ws": "요도천", "date": "2026-03-13", "width": 90, "depth": "1", "quality": "3", "dist_water": 1.0, "dist_ground": 0.5, "disturbance": 4, "abundance": 3, "memo": ""}}, {"type": "Feature", "geometry": {"type": "Point", "coordinates": [127.736924, 36.998143]}, "properties": {"id": "GT-63", "type": "배설물", "ws": "요도천", "date": "2026-03-13", "width": 90, "depth": "1", "quality": "3", "dist_water": 1.0, "dist_ground": 0.5, "disturbance": 4, "abundance": 3, "memo": ""}}, {"type": "Feature", "geometry": {"type": "Point", "coordinates": [127.73691, 36.998145]}, "properties": {"id": "GT-64", "type": "배설물", "ws": "요도천", "date": "2026-03-13", "width": 90, "depth": "1", "quality": "3", "dist_water": 1.0, "dist_ground": 0.5, "disturbance": 4, "abundance": 3, "memo": ""}}, {"type": "Feature", "geometry": {"type": "Point", "coordinates": [127.733398, 36.998469]}, "properties": {"id": "GT-65", "type": "배설물", "ws": "요도천", "date": "2026-03-13", "width": 80, "depth": "2", "quality": "3", "dist_water": 0.5, "dist_ground": 0.5, "disturbance": 4, "abundance": 3, "memo": ""}}, {"type": "Feature", "geometry": {"type": "Point", "coordinates": [127.733357, 36.998505]}, "properties": {"id": "GT-66", "type": "배설물", "ws": "요도천", "date": "2026-03-13", "width": 80, "depth": "2", "quality": "3", "dist_water": 0.5, "dist_ground": 0.5, "disturbance": 4, "abundance": 3, "memo": ""}}, {"type": "Feature", "geometry": {"type": "Point", "coordinates": [127.733716, 36.998932]}, "properties": {"id": "GT-67", "type": "배설물", "ws": "요도천", "date": "2026-03-13", "width": 80, "depth": "2", "quality": "3", "dist_water": 0.5, "dist_ground": 0.5, "disturbance": 4, "abundance": 3, "memo": ""}}, {"type": "Feature", "geometry": {"type": "Point", "coordinates": [127.726061, 37.00131]}, "properties": {"id": "GT-68", "type": "배설물", "ws": "요도천", "date": "2026-03-13", "width": 70, "depth": "2", "quality": "3", "dist_water": 0.1, "dist_ground": 0.1, "disturbance": 4, "abundance": 3, "memo": ""}}, {"type": "Feature", "geometry": {"type": "Point", "coordinates": [127.725901, 37.001027]}, "properties": {"id": "GT-69", "type": "배설물", "ws": "요도천", "date": "2026-03-13", "width": 70, "depth": "2", "quality": "3", "dist_water": 0.1, "dist_ground": 0.1, "disturbance": 4, "abundance": 3, "memo": ""}}, {"type": "Feature", "geometry": {"type": "Point", "coordinates": [127.721219, 37.002777]}, "properties": {"id": "GT-70", "type": "배설물", "ws": "요도천", "date": "2026-03-13", "width": 70, "depth": "1", "quality": "3", "dist_water": 0.1, "dist_ground": 0.1, "disturbance": 4, "abundance": 3, "memo": ""}}, {"type": "Feature", "geometry": {"type": "Point", "coordinates": [127.721186, 37.002585]}, "properties": {"id": "GT-71", "type": "배설물", "ws": "요도천", "date": "2026-03-13", "width": 70, "depth": "1", "quality": "3", "dist_water": 0.1, "dist_ground": 0.1, "disturbance": 4, "abundance": 3, "memo": ""}}, {"type": "Feature", "geometry": {"type": "Point", "coordinates": [127.721199, 37.002588]}, "properties": {"id": "GT-72", "type": "배설물", "ws": "요도천", "date": "2026-03-13", "width": 70, "depth": "1", "quality": "3", "dist_water": 0.1, "dist_ground": 0.1, "disturbance": 4, "abundance": 3, "memo": ""}}, {"type": "Feature", "geometry": {"type": "Point", "coordinates": [127.719679, 37.00321]}, "properties": {"id": "GT-73", "type": "배설물", "ws": "요도천", "date": "2026-03-13", "width": 70, "depth": "2", "quality": "3", "dist_water": 0.1, "dist_ground": 0.1, "disturbance": 4, "abundance": 3, "memo": ""}}, {"type": "Feature", "geometry": {"type": "Point", "coordinates": [127.773154, 36.970194]}, "properties": {"id": "GT-75", "type": "배설물", "ws": "요도천", "date": "2026-03-13", "width": 14, "depth": "1", "quality": "3", "dist_water": 0.3, "dist_ground": 0.1, "disturbance": 4, "abundance": 3, "memo": ""}}, {"type": "Feature", "geometry": {"type": "Point", "coordinates": [127.773146, 36.970194]}, "properties": {"id": "GT-76", "type": "발자국", "ws": "요도천", "date": "2026-03-13", "width": 14, "depth": "1", "quality": "3", "dist_water": 0.3, "dist_ground": 0.1, "disturbance": 4, "abundance": 3, "memo": ""}}, {"type": "Feature", "geometry": {"type": "Point", "coordinates": [127.773141, 36.970194]}, "properties": {"id": "GT-77", "type": "배설물", "ws": "요도천", "date": "2026-03-13", "width": 14, "depth": "1", "quality": "3", "dist_water": 0.3, "dist_ground": 0.1, "disturbance": 4, "abundance": 3, "memo": ""}}, {"type": "Feature", "geometry": {"type": "Point", "coordinates": [127.770183, 36.9705]}, "properties": {"id": "GT-78", "type": "배설물", "ws": "요도천", "date": "2026-03-13", "width": 14, "depth": "1", "quality": "3", "dist_water": 0.1, "dist_ground": 0.3, "disturbance": 4, "abundance": 3, "memo": ""}}, {"type": "Feature", "geometry": {"type": "Point", "coordinates": [127.770338, 36.970524]}, "properties": {"id": "GT-79", "type": "배설물", "ws": "요도천", "date": "2026-03-13", "width": 14, "depth": "1", "quality": "3", "dist_water": 0.1, "dist_ground": 0.3, "disturbance": 4, "abundance": 3, "memo": ""}}, {"type": "Feature", "geometry": {"type": "Point", "coordinates": [127.789829, 36.984958]}, "properties": {"id": "GT-16", "type": "배설물", "ws": "요도천", "date": "2026-03-13", "width": 100, "depth": "5", "quality": "3", "dist_water": 0.1, "dist_ground": 0.2, "disturbance": 4, "abundance": 3, "memo": ""}}, {"type": "Feature", "geometry": {"type": "Point", "coordinates": [127.799842, 36.978588]}, "properties": {"id": "DH-01", "type": "배설물", "ws": "요도천", "date": "2026-03-13", "width": 30, "depth": "1", "quality": "3", "dist_water": 0.5, "dist_ground": 0.1, "disturbance": 5, "abundance": 3, "memo": ""}}, {"type": "Feature", "geometry": {"type": "Point", "coordinates": [127.799756, 36.978547]}, "properties": {"id": "DH-02", "type": "배설물", "ws": "요도천", "date": "2026-03-13", "width": 30, "depth": "1", "quality": "3", "dist_water": 0.3, "dist_ground": 0.1, "disturbance": 4, "abundance": 3, "memo": ""}}, {"type": "Feature", "geometry": {"type": "Point", "coordinates": [127.799616, 36.97855]}, "properties": {"id": "DH-03", "type": "배설물", "ws": "요도천", "date": "2026-03-13", "width": 30, "depth": "1", "quality": "3", "dist_water": 0.2, "dist_ground": 0.2, "disturbance": 2, "abundance": 2, "memo": ""}}, {"type": "Feature", "geometry": {"type": "Point", "coordinates": [127.799638, 36.978532]}, "properties": {"id": "DH-04", "type": "배설물", "ws": "요도천", "date": "2026-03-13", "width": 30, "depth": "1", "quality": "3", "dist_water": 0.2, "dist_ground": 0.2, "disturbance": 2, "abundance": 2, "memo": ""}}, {"type": "Feature", "geometry": {"type": "Point", "coordinates": [127.799653, 36.97851]}, "properties": {"id": "DH-05", "type": "배설물", "ws": "요도천", "date": "2026-03-13", "width": 30, "depth": "1", "quality": "3", "dist_water": 0.2, "dist_ground": 0.2, "disturbance": 2, "abundance": 2, "memo": ""}}, {"type": "Feature", "geometry": {"type": "Point", "coordinates": [127.798657, 36.979998]}, "properties": {"id": "DH-06", "type": "배설물", "ws": "요도천", "date": "2026-03-13", "width": 115, "depth": "5", "quality": "3", "dist_water": 0.5, "dist_ground": 1.0, "disturbance": 2, "abundance": 3, "memo": ""}}, {"type": "Feature", "geometry": {"type": "Point", "coordinates": [127.79871, 36.980041]}, "properties": {"id": "DH-07", "type": "배설물", "ws": "요도천", "date": "2026-03-13", "width": 115, "depth": "5", "quality": "3", "dist_water": 0.5, "dist_ground": 1.0, "disturbance": 2, "abundance": 3, "memo": ""}}, {"type": "Feature", "geometry": {"type": "Point", "coordinates": [127.798751, 36.980069]}, "properties": {"id": "DH-08", "type": "배설물", "ws": "요도천", "date": "2026-03-13", "width": 115, "depth": "5", "quality": "3", "dist_water": 0.5, "dist_ground": 1.0, "disturbance": 2, "abundance": 3, "memo": ""}}, {"type": "Feature", "geometry": {"type": "Point", "coordinates": [127.796064, 36.976506]}, "properties": {"id": "DH-09", "type": "배설물", "ws": "요도천", "date": "2026-03-13", "width": 25, "depth": "4", "quality": "3", "dist_water": 0.1, "dist_ground": 0.1, "disturbance": 2, "abundance": 2, "memo": ""}}, {"type": "Feature", "geometry": {"type": "Point", "coordinates": [127.796401, 36.976761]}, "properties": {"id": "DH-10", "type": "배설물", "ws": "요도천", "date": "2026-03-13", "width": 25, "depth": "4", "quality": "3", "dist_water": 0.1, "dist_ground": 0.1, "disturbance": 2, "abundance": 2, "memo": ""}}, {"type": "Feature", "geometry": {"type": "Point", "coordinates": [127.796825, 36.977034]}, "properties": {"id": "DH-11", "type": "배설물", "ws": "요도천", "date": "2026-03-13", "width": 25, "depth": "4", "quality": "3", "dist_water": 0.5, "dist_ground": 0.5, "disturbance": 2, "abundance": 3, "memo": ""}}, {"type": "Feature", "geometry": {"type": "Point", "coordinates": [127.794641, 36.975718]}, "properties": {"id": "DH-12", "type": "배설물", "ws": "요도천", "date": "2026-03-13", "width": 20, "depth": "1", "quality": "3", "dist_water": 0.5, "dist_ground": 0.1, "disturbance": 2, "abundance": 1, "memo": ""}}, {"type": "Feature", "geometry": {"type": "Point", "coordinates": [127.794604, 36.975497]}, "properties": {"id": "DH-13", "type": "배설물", "ws": "요도천", "date": "2026-03-13", "width": 25, "depth": "1", "quality": "3", "dist_water": 0.5, "dist_ground": 0.2, "disturbance": 2, "abundance": 1, "memo": ""}}, {"type": "Feature", "geometry": {"type": "Point", "coordinates": [127.790578, 36.970546]}, "properties": {"id": "DH-14", "type": "배설물", "ws": "요도천", "date": "2026-03-13", "width": 27, "depth": "1", "quality": "3", "dist_water": 4.0, "dist_ground": 2.0, "disturbance": 1, "abundance": 1, "memo": ""}}, {"type": "Feature", "geometry": {"type": "Point", "coordinates": [127.786757, 36.965081]}, "properties": {"id": "DH-15", "type": "배설물", "ws": "요도천", "date": "2026-03-13", "width": 21, "depth": "1", "quality": "3", "dist_water": 2.0, "dist_ground": 0.2, "disturbance": 1, "abundance": 1, "memo": ""}}, {"type": "Feature", "geometry": {"type": "Point", "coordinates": [127.787318, 36.962767]}, "properties": {"id": "DH-16", "type": "배설물", "ws": "요도천", "date": "2026-03-13", "width": 20, "depth": "1", "quality": "3", "dist_water": 2.0, "dist_ground": 1.0, "disturbance": 4, "abundance": 1, "memo": ""}}, {"type": "Feature", "geometry": {"type": "Point", "coordinates": [127.783934, 36.955703]}, "properties": {"id": "DH-69", "type": "발자국", "ws": "요도천", "date": "2026-03-13", "width": 16, "depth": "1", "quality": "3", "dist_water": 1.0, "dist_ground": 0.1, "disturbance": 1, "abundance": 1, "memo": ""}}, {"type": "Feature", "geometry": {"type": "Point", "coordinates": [127.784056, 36.955691]}, "properties": {"id": "DH-17", "type": "발자국", "ws": "요도천", "date": "2026-03-13", "width": 16, "depth": "1", "quality": "3", "dist_water": 1.0, "dist_ground": 0.1, "disturbance": 1, "abundance": 1, "memo": ""}}, {"type": "Feature", "geometry": {"type": "Point", "coordinates": [127.782108, 36.952963]}, "properties": {"id": "DH-18", "type": "배설물", "ws": "요도천", "date": "2026-03-13", "width": 18, "depth": "1", "quality": "3", "dist_water": 2.5, "dist_ground": 0.2, "disturbance": 1, "abundance": 1, "memo": ""}}, {"type": "Feature", "geometry": {"type": "Point", "coordinates": [127.790715, 36.983055]}, "properties": {"id": "DH-19", "type": "배설물", "ws": "요도천", "date": "2026-03-13", "width": 35, "depth": "1", "quality": "3", "dist_water": 0.1, "dist_ground": 0.1, "disturbance": 5, "abundance": 1, "memo": ""}}, {"type": "Feature", "geometry": {"type": "Point", "coordinates": [127.788791, 36.982364]}, "properties": {"id": "DH-20", "type": "배설물", "ws": "요도천", "date": "2026-03-13", "width": 28, "depth": "2", "quality": "3", "dist_water": 10.0, "dist_ground": 8.0, "disturbance": 5, "abundance": 2, "memo": ""}}, {"type": "Feature", "geometry": {"type": "Point", "coordinates": [127.788775, 36.982354]}, "properties": {"id": "DH-21", "type": "배설물", "ws": "요도천", "date": "2026-03-13", "width": 28, "depth": "2", "quality": "3", "dist_water": 10.0, "dist_ground": 8.0, "disturbance": 5, "abundance": 2, "memo": ""}}, {"type": "Feature", "geometry": {"type": "Point", "coordinates": [127.788757, 36.982346]}, "properties": {"id": "DH-22", "type": "배설물", "ws": "요도천", "date": "2026-03-13", "width": 28, "depth": "2", "quality": "3", "dist_water": 10.0, "dist_ground": 8.0, "disturbance": 5, "abundance": 2, "memo": ""}}, {"type": "Feature", "geometry": {"type": "Point", "coordinates": [127.788734, 36.98234]}, "properties": {"id": "DH-23", "type": "배설물", "ws": "요도천", "date": "2026-03-13", "width": 28, "depth": "2", "quality": "3", "dist_water": 10.0, "dist_ground": 8.0, "disturbance": 5, "abundance": 2, "memo": ""}}, {"type": "Feature", "geometry": {"type": "Point", "coordinates": [127.787033, 36.981511]}, "properties": {"id": "DH-24", "type": "배설물", "ws": "요도천", "date": "2026-03-13", "width": 35, "depth": "2", "quality": "3", "dist_water": 0.5, "dist_ground": 1.5, "disturbance": 5, "abundance": 2, "memo": ""}}, {"type": "Feature", "geometry": {"type": "Point", "coordinates": [127.78704, 36.981501]}, "properties": {"id": "DH-25", "type": "배설물", "ws": "요도천", "date": "2026-03-13", "width": 35, "depth": "2", "quality": "3", "dist_water": 0.5, "dist_ground": 1.5, "disturbance": 5, "abundance": 2, "memo": ""}}, {"type": "Feature", "geometry": {"type": "Point", "coordinates": [127.781129, 36.978985]}, "properties": {"id": "DH-26", "type": "배설물", "ws": "요도천", "date": "2026-03-13", "width": 40, "depth": "1", "quality": "3", "dist_water": 2.0, "dist_ground": 4.0, "disturbance": 1, "abundance": 1, "memo": ""}}, {"type": "Feature", "geometry": {"type": "Point", "coordinates": [127.781115, 36.978657]}, "properties": {"id": "DH-27", "type": "배설물", "ws": "요도천", "date": "2026-03-13", "width": 40, "depth": "1", "quality": "3", "dist_water": 1.0, "dist_ground": 1.0, "disturbance": 5, "abundance": 1, "memo": ""}}, {"type": "Feature", "geometry": {"type": "Point", "coordinates": [127.781135, 36.978643]}, "properties": {"id": "DH-28", "type": "배설물", "ws": "요도천", "date": "2026-03-13", "width": 40, "depth": "1", "quality": "3", "dist_water": 1.0, "dist_ground": 1.0, "disturbance": 5, "abundance": 1, "memo": ""}}, {"type": "Feature", "geometry": {"type": "Point", "coordinates": [127.775515, 36.972543]}, "properties": {"id": "DH-29", "type": "배설물", "ws": "요도천", "date": "2026-03-13", "width": 25, "depth": "1", "quality": "3", "dist_water": 1.0, "dist_ground": 0.5, "disturbance": 1, "abundance": 1, "memo": ""}}, {"type": "Feature", "geometry": {"type": "Point", "coordinates": [127.775499, 36.972551]}, "properties": {"id": "DH-30", "type": "배설물", "ws": "요도천", "date": "2026-03-13", "width": 25, "depth": "1", "quality": "3", "dist_water": 1.0, "dist_ground": 0.5, "disturbance": 1, "abundance": 1, "memo": ""}}, {"type": "Feature", "geometry": {"type": "Point", "coordinates": [127.77549, 36.97256]}, "properties": {"id": "DH-31", "type": "배설물", "ws": "요도천", "date": "2026-03-13", "width": 25, "depth": "1", "quality": "3", "dist_water": 1.0, "dist_ground": 0.5, "disturbance": 1, "abundance": 1, "memo": ""}}, {"type": "Feature", "geometry": {"type": "Point", "coordinates": [127.775511, 36.972577]}, "properties": {"id": "DH-32", "type": "배설물", "ws": "요도천", "date": "2026-03-13", "width": 25, "depth": "1", "quality": "3", "dist_water": 1.0, "dist_ground": 0.5, "disturbance": 1, "abundance": 1, "memo": ""}}, {"type": "Feature", "geometry": {"type": "Point", "coordinates": [127.775694, 36.97253]}, "properties": {"id": "DH-33", "type": "배설물", "ws": "요도천", "date": "2026-03-13", "width": 25, "depth": "1", "quality": "3", "dist_water": 1.0, "dist_ground": 0.5, "disturbance": 1, "abundance": 1, "memo": ""}}, {"type": "Feature", "geometry": {"type": "Point", "coordinates": [127.775689, 36.972542]}, "properties": {"id": "DH-34", "type": "발자국", "ws": "요도천", "date": "2026-03-13", "width": 25, "depth": "1", "quality": "3", "dist_water": 0.5, "dist_ground": 0.2, "disturbance": 2, "abundance": 2, "memo": ""}}, {"type": "Feature", "geometry": {"type": "Point", "coordinates": [127.775701, 36.971081]}, "properties": {"id": "DH-35", "type": "배설물", "ws": "요도천", "date": "2026-03-13", "width": 26, "depth": "1", "quality": "3", "dist_water": 0.2, "dist_ground": 1.0, "disturbance": 5, "abundance": 1, "memo": ""}}, {"type": "Feature", "geometry": {"type": "Point", "coordinates": [127.775688, 36.971076]}, "properties": {"id": "DH-36", "type": "배설물", "ws": "요도천", "date": "2026-03-13", "width": 26, "depth": "1", "quality": "3", "dist_water": 0.2, "dist_ground": 1.0, "disturbance": 5, "abundance": 1, "memo": ""}}, {"type": "Feature", "geometry": {"type": "Point", "coordinates": [127.77568, 36.97108]}, "properties": {"id": "DH-37", "type": "배설물", "ws": "요도천", "date": "2026-03-13", "width": 26, "depth": "1", "quality": "3", "dist_water": 0.2, "dist_ground": 1.0, "disturbance": 5, "abundance": 1, "memo": ""}}, {"type": "Feature", "geometry": {"type": "Point", "coordinates": [127.775668, 36.971081]}, "properties": {"id": "DH-38", "type": "배설물", "ws": "요도천", "date": "2026-03-13", "width": 26, "depth": "1", "quality": "3", "dist_water": 0.2, "dist_ground": 1.0, "disturbance": 5, "abundance": 1, "memo": ""}}, {"type": "Feature", "geometry": {"type": "Point", "coordinates": [127.775688, 36.971118]}, "properties": {"id": "DH-39", "type": "배설물", "ws": "요도천", "date": "2026-03-13", "width": 26, "depth": "1", "quality": "3", "dist_water": 0.1, "dist_ground": 0.2, "disturbance": 5, "abundance": 1, "memo": ""}}, {"type": "Feature", "geometry": {"type": "Point", "coordinates": [127.775687, 36.971122]}, "properties": {"id": "DH-40", "type": "배설물", "ws": "요도천", "date": "2026-03-13", "width": 26, "depth": "1", "quality": "3", "dist_water": 0.1, "dist_ground": 0.2, "disturbance": 5, "abundance": 1, "memo": ""}}, {"type": "Feature", "geometry": {"type": "Point", "coordinates": [127.775679, 36.971122]}, "properties": {"id": "DH-41", "type": "배설물", "ws": "요도천", "date": "2026-03-13", "width": 26, "depth": "1", "quality": "3", "dist_water": 0.1, "dist_ground": 0.2, "disturbance": 5, "abundance": 1, "memo": ""}}, {"type": "Feature", "geometry": {"type": "Point", "coordinates": [127.775672, 36.971122]}, "properties": {"id": "DH-42", "type": "배설물", "ws": "요도천", "date": "2026-03-13", "width": 26, "depth": "1", "quality": "3", "dist_water": 0.1, "dist_ground": 0.2, "disturbance": 5, "abundance": 1, "memo": ""}}, {"type": "Feature", "geometry": {"type": "Point", "coordinates": [127.774416, 36.970116]}, "properties": {"id": "DH-43", "type": "배설물", "ws": "요도천", "date": "2026-03-13", "width": 30, "depth": "1", "quality": "3", "dist_water": 0.5, "dist_ground": 0.1, "disturbance": 5, "abundance": 3, "memo": ""}}, {"type": "Feature", "geometry": {"type": "Point", "coordinates": [127.774435, 36.97012]}, "properties": {"id": "DH-44", "type": "배설물", "ws": "요도천", "date": "2026-03-13", "width": 30, "depth": "1", "quality": "3", "dist_water": 0.5, "dist_ground": 0.1, "disturbance": 5, "abundance": 3, "memo": ""}}, {"type": "Feature", "geometry": {"type": "Point", "coordinates": [127.774402, 36.970098]}, "properties": {"id": "DH-45", "type": "발자국", "ws": "요도천", "date": "2026-03-13", "width": 30, "depth": "1", "quality": "3", "dist_water": 0.5, "dist_ground": 0.1, "disturbance": 5, "abundance": 3, "memo": ""}}, {"type": "Feature", "geometry": {"type": "Point", "coordinates": [127.774446, 36.96992]}, "properties": {"id": "DH-46", "type": "배설물", "ws": "요도천", "date": "2026-03-13", "width": 30, "depth": "1", "quality": "3", "dist_water": 0.5, "dist_ground": 0.1, "disturbance": 5, "abundance": 3, "memo": ""}}, {"type": "Feature", "geometry": {"type": "Point", "coordinates": [127.769884, 36.965127]}, "properties": {"id": "DH-47", "type": "배설물", "ws": "요도천", "date": "2026-03-13", "width": 27, "depth": "1", "quality": "3", "dist_water": 0.2, "dist_ground": 0.1, "disturbance": 1, "abundance": 1, "memo": ""}}, {"type": "Feature", "geometry": {"type": "Point", "coordinates": [127.769126, 36.96212]}, "properties": {"id": "DH-48", "type": "배설물", "ws": "요도천", "date": "2026-03-13", "width": 24, "depth": "1", "quality": "3", "dist_water": 1.0, "dist_ground": 0.1, "disturbance": 1, "abundance": 1, "memo": ""}}, {"type": "Feature", "geometry": {"type": "Point", "coordinates": [127.76663, 36.959642]}, "properties": {"id": "DH-49", "type": "배설물", "ws": "요도천", "date": "2026-03-13", "width": 17, "depth": "1", "quality": "3", "dist_water": 0.5, "dist_ground": 0.1, "disturbance": 1, "abundance": 1, "memo": ""}}, {"type": "Feature", "geometry": {"type": "Point", "coordinates": [127.763377, 36.958388]}, "properties": {"id": "DH-50", "type": "배설물", "ws": "요도천", "date": "2026-03-13", "width": 13, "depth": "1", "quality": "3", "dist_water": 1.0, "dist_ground": 0.1, "disturbance": 1, "abundance": 1, "memo": ""}}, {"type": "Feature", "geometry": {"type": "Point", "coordinates": [127.76136, 36.956957]}, "properties": {"id": "DH-51", "type": "배설물", "ws": "요도천", "date": "2026-03-13", "width": 16, "depth": "1", "quality": "3", "dist_water": 1.5, "dist_ground": 0.2, "disturbance": 1, "abundance": 2, "memo": ""}}, {"type": "Feature", "geometry": {"type": "Point", "coordinates": [127.761367, 36.956967]}, "properties": {"id": "DH-52", "type": "배설물", "ws": "요도천", "date": "2026-03-13", "width": 16, "depth": "1", "quality": "3", "dist_water": 1.5, "dist_ground": 0.2, "disturbance": 1, "abundance": 2, "memo": ""}}, {"type": "Feature", "geometry": {"type": "Point", "coordinates": [127.761457, 36.956772]}, "properties": {"id": "DH-53", "type": "배설물", "ws": "요도천", "date": "2026-03-13", "width": 10, "depth": "1", "quality": "3", "dist_water": 1.5, "dist_ground": 0.3, "disturbance": 1, "abundance": 1, "memo": ""}}, {"type": "Feature", "geometry": {"type": "Point", "coordinates": [127.761467, 36.956758]}, "properties": {"id": "DH-54", "type": "배설물", "ws": "요도천", "date": "2026-03-13", "width": 10, "depth": "1", "quality": "3", "dist_water": 1.5, "dist_ground": 0.3, "disturbance": 1, "abundance": 1, "memo": ""}}, {"type": "Feature", "geometry": {"type": "Point", "coordinates": [127.754464, 36.963524]}, "properties": {"id": "DH-55", "type": "배설물", "ws": "요도천", "date": "2026-03-13", "width": 135, "depth": "5", "quality": "4", "dist_water": 1.5, "dist_ground": 0.1, "disturbance": 2, "abundance": 2, "memo": ""}}, {"type": "Feature", "geometry": {"type": "Point", "coordinates": [127.757641, 36.963357]}, "properties": {"id": "DH-56", "type": "배설물", "ws": "요도천", "date": "2026-03-13", "width": 13, "depth": "1", "quality": "3", "dist_water": 0.5, "dist_ground": 0.1, "disturbance": 1, "abundance": 2, "memo": ""}}, {"type": "Feature", "geometry": {"type": "Point", "coordinates": [127.757678, 36.963352]}, "properties": {"id": "DH-57", "type": "배설물", "ws": "요도천", "date": "2026-03-13", "width": 13, "depth": "1", "quality": "3", "dist_water": 0.5, "dist_ground": 0.1, "disturbance": 1, "abundance": 2, "memo": ""}}, {"type": "Feature", "geometry": {"type": "Point", "coordinates": [127.757699, 36.963348]}, "properties": {"id": "DH-58", "type": "배설물", "ws": "요도천", "date": "2026-03-13", "width": 13, "depth": "1", "quality": "3", "dist_water": 0.5, "dist_ground": 0.1, "disturbance": 1, "abundance": 2, "memo": ""}}, {"type": "Feature", "geometry": {"type": "Point", "coordinates": [127.768287, 36.970711]}, "properties": {"id": "DH-59", "type": "배설물", "ws": "요도천", "date": "2026-03-13", "width": 13, "depth": "1", "quality": "3", "dist_water": 0.1, "dist_ground": 0.2, "disturbance": 1, "abundance": 1, "memo": ""}}, {"type": "Feature", "geometry": {"type": "Point", "coordinates": [127.768259, 36.97072]}, "properties": {"id": "DH-60", "type": "배설물", "ws": "요도천", "date": "2026-03-13", "width": 13, "depth": "1", "quality": "3", "dist_water": 0.1, "dist_ground": 0.2, "disturbance": 1, "abundance": 1, "memo": ""}}, {"type": "Feature", "geometry": {"type": "Point", "coordinates": [127.690673, 37.00104]}, "properties": {"id": "ES-01", "type": "배설물", "ws": "요도천", "date": "2026-03-14", "width": 35, "depth": "1", "quality": "3", "dist_water": 0.1, "dist_ground": 0.5, "disturbance": 3, "abundance": 2, "memo": ""}}, {"type": "Feature", "geometry": {"type": "Point", "coordinates": [127.688582, 37.002392]}, "properties": {"id": "ES-02", "type": "배설물", "ws": "요도천", "date": "2026-03-14", "width": 20, "depth": "1", "quality": "3", "dist_water": 0.5, "dist_ground": 0.1, "disturbance": 4, "abundance": 1, "memo": ""}}, {"type": "Feature", "geometry": {"type": "Point", "coordinates": [127.688644, 37.002408]}, "properties": {"id": "ES-03", "type": "배설물", "ws": "요도천", "date": "2026-03-14", "width": 20, "depth": "1", "quality": "3", "dist_water": 0.5, "dist_ground": 0.1, "disturbance": 4, "abundance": 1, "memo": ""}}, {"type": "Feature", "geometry": {"type": "Point", "coordinates": [127.688618, 37.002428]}, "properties": {"id": "ES-04", "type": "배설물", "ws": "요도천", "date": "2026-03-14", "width": 20, "depth": "1", "quality": "3", "dist_water": 0.5, "dist_ground": 0.1, "disturbance": 4, "abundance": 1, "memo": ""}}, {"type": "Feature", "geometry": {"type": "Point", "coordinates": [127.688615, 37.002419]}, "properties": {"id": "ES-05", "type": "배설물", "ws": "요도천", "date": "2026-03-14", "width": 20, "depth": "1", "quality": "3", "dist_water": 0.5, "dist_ground": 0.1, "disturbance": 4, "abundance": 1, "memo": ""}}, {"type": "Feature", "geometry": {"type": "Point", "coordinates": [127.687368, 37.004355]}, "properties": {"id": "ES-06", "type": "배설물", "ws": "요도천", "date": "2026-03-14", "width": 12, "depth": "1", "quality": "3", "dist_water": 0.3, "dist_ground": 0.3, "disturbance": 4, "abundance": 1, "memo": ""}}, {"type": "Feature", "geometry": {"type": "Point", "coordinates": [127.687437, 37.004334]}, "properties": {"id": "ES-07", "type": "배설물", "ws": "요도천", "date": "2026-03-14", "width": 12, "depth": "1", "quality": "3", "dist_water": 0.3, "dist_ground": 0.3, "disturbance": 4, "abundance": 1, "memo": ""}}, {"type": "Feature", "geometry": {"type": "Point", "coordinates": [127.684765, 37.00763]}, "properties": {"id": "ES-09", "type": "배설물", "ws": "요도천", "date": "2026-03-14", "width": 10, "depth": "1", "quality": "3", "dist_water": 0.2, "dist_ground": 0.2, "disturbance": 1, "abundance": 2, "memo": ""}}, {"type": "Feature", "geometry": {"type": "Point", "coordinates": [127.685329, 37.007479]}, "properties": {"id": "ES-08", "type": "배설물", "ws": "요도천", "date": "2026-03-14", "width": 10, "depth": "1", "quality": "3", "dist_water": 0.2, "dist_ground": 0.0, "disturbance": 4, "abundance": 1, "memo": ""}}, {"type": "Feature", "geometry": {"type": "Point", "coordinates": [127.684557, 37.007729]}, "properties": {"id": "ES-10", "type": "배설물", "ws": "요도천", "date": "2026-03-14", "width": 10, "depth": "1", "quality": "3", "dist_water": 0.2, "dist_ground": 0.5, "disturbance": 1, "abundance": 2, "memo": ""}}, {"type": "Feature", "geometry": {"type": "Point", "coordinates": [127.684243, 37.008392]}, "properties": {"id": "ES-11", "type": "배설물", "ws": "요도천", "date": "2026-03-14", "width": 35, "depth": "1", "quality": "3", "dist_water": 0.3, "dist_ground": 0.4, "disturbance": 2, "abundance": 1, "memo": ""}}, {"type": "Feature", "geometry": {"type": "Point", "coordinates": [127.684131, 37.008472]}, "properties": {"id": "ES-12", "type": "배설물", "ws": "요도천", "date": "2026-03-14", "width": 35, "depth": "1", "quality": "3", "dist_water": 0.3, "dist_ground": 0.4, "disturbance": 2, "abundance": 1, "memo": ""}}, {"type": "Feature", "geometry": {"type": "Point", "coordinates": [127.683215, 37.009645]}, "properties": {"id": "ES-13", "type": "배설물", "ws": "요도천", "date": "2026-03-14", "width": 20, "depth": "2", "quality": "3", "dist_water": 0.7, "dist_ground": 0.3, "disturbance": 2, "abundance": 1, "memo": ""}}, {"type": "Feature", "geometry": {"type": "Point", "coordinates": [127.683224, 37.022282]}, "properties": {"id": "ES-14", "type": "배설물", "ws": "요도천", "date": "2026-03-14", "width": 15, "depth": "1", "quality": "3", "dist_water": 0.3, "dist_ground": 0.2, "disturbance": 2, "abundance": 2, "memo": ""}}, {"type": "Feature", "geometry": {"type": "Point", "coordinates": [127.68324, 37.022338]}, "properties": {"id": "ES-15", "type": "배설물", "ws": "요도천", "date": "2026-03-14", "width": 15, "depth": "1", "quality": "3", "dist_water": 0.3, "dist_ground": 0.2, "disturbance": 2, "abundance": 2, "memo": ""}}, {"type": "Feature", "geometry": {"type": "Point", "coordinates": [127.683355, 37.022581]}, "properties": {"id": "ES-16", "type": "발자국", "ws": "요도천", "date": "2026-03-14", "width": 15, "depth": "1", "quality": "3", "dist_water": 0.2, "dist_ground": 0.0, "disturbance": 3, "abundance": 3, "memo": ""}}, {"type": "Feature", "geometry": {"type": "Point", "coordinates": [127.683265, 37.023092]}, "properties": {"id": "ES-17", "type": "배설물", "ws": "요도천", "date": "2026-03-14", "width": 15, "depth": "1", "quality": "3", "dist_water": 0.3, "dist_ground": 0.3, "disturbance": 2, "abundance": 2, "memo": ""}}, {"type": "Feature", "geometry": {"type": "Point", "coordinates": [127.683227, 37.023146]}, "properties": {"id": "ES-18", "type": "배설물", "ws": "요도천", "date": "2026-03-14", "width": 15, "depth": "1", "quality": "3", "dist_water": 0.3, "dist_ground": 0.3, "disturbance": 2, "abundance": 2, "memo": ""}}, {"type": "Feature", "geometry": {"type": "Point", "coordinates": [127.682136, 37.023462]}, "properties": {"id": "ES-19", "type": "배설물", "ws": "요도천", "date": "2026-03-14", "width": 10, "depth": "1", "quality": "3", "dist_water": 1.0, "dist_ground": 1.0, "disturbance": 2, "abundance": 1, "memo": ""}}, {"type": "Feature", "geometry": {"type": "Point", "coordinates": [127.67926, 37.023872]}, "properties": {"id": "ES-20", "type": "배설물", "ws": "요도천", "date": "2026-03-14", "width": 8, "depth": "1", "quality": "3", "dist_water": 0.2, "dist_ground": 0.2, "disturbance": 2, "abundance": 1, "memo": ""}}, {"type": "Feature", "geometry": {"type": "Point", "coordinates": [127.67926, 37.023847]}, "properties": {"id": "ES-21", "type": "배설물", "ws": "요도천", "date": "2026-03-14", "width": 8, "depth": "1", "quality": "3", "dist_water": 0.2, "dist_ground": 0.2, "disturbance": 2, "abundance": 1, "memo": ""}}, {"type": "Feature", "geometry": {"type": "Point", "coordinates": [127.687808, 37.000876]}, "properties": {"id": "ES-22", "type": "배설물", "ws": "요도천", "date": "2026-03-14", "width": 30, "depth": "1", "quality": "3", "dist_water": 0.2, "dist_ground": 0.2, "disturbance": 2, "abundance": 2, "memo": ""}}, {"type": "Feature", "geometry": {"type": "Point", "coordinates": [127.687827, 37.000907]}, "properties": {"id": "ES-23", "type": "배설물", "ws": "요도천", "date": "2026-03-14", "width": 30, "depth": "1", "quality": "3", "dist_water": 0.2, "dist_ground": 0.2, "disturbance": 2, "abundance": 2, "memo": ""}}, {"type": "Feature", "geometry": {"type": "Point", "coordinates": [127.683301, 37.002009]}, "properties": {"id": "ES-24", "type": "배설물", "ws": "요도천", "date": "2026-03-14", "width": 21, "depth": "1", "quality": "3", "dist_water": 0.1, "dist_ground": 0.1, "disturbance": 2, "abundance": 2, "memo": ""}}, {"type": "Feature", "geometry": {"type": "Point", "coordinates": [127.680951, 36.99913]}, "properties": {"id": "ES-25", "type": "배설물", "ws": "요도천", "date": "2026-03-14", "width": 6, "depth": "1", "quality": "3", "dist_water": 0.3, "dist_ground": 0.2, "disturbance": 2, "abundance": 3, "memo": ""}}, {"type": "Feature", "geometry": {"type": "Point", "coordinates": [127.681859, 37.000856]}, "properties": {"id": "ES-26", "type": "배설물", "ws": "요도천", "date": "2026-03-14", "width": 6, "depth": "1", "quality": "3", "dist_water": 1.0, "dist_ground": 0.5, "disturbance": 2, "abundance": 2, "memo": ""}}, {"type": "Feature", "geometry": {"type": "Point", "coordinates": [127.680427, 37.003464]}, "properties": {"id": "ES-27", "type": "배설물", "ws": "요도천", "date": "2026-03-14", "width": 30, "depth": "1", "quality": "3", "dist_water": 1.0, "dist_ground": 0.2, "disturbance": 2, "abundance": 1, "memo": ".2"}}, {"type": "Feature", "geometry": {"type": "Point", "coordinates": [127.674317, 37.001098]}, "properties": {"id": "ES-29", "type": "배설물", "ws": "요도천", "date": "2026-03-14", "width": 35, "depth": "1", "quality": "3", "dist_water": 0.3, "dist_ground": 0.3, "disturbance": 2, "abundance": 2, "memo": ""}}, {"type": "Feature", "geometry": {"type": "Point", "coordinates": [127.674231, 37.001114]}, "properties": {"id": "ES-28", "type": "배설물", "ws": "요도천", "date": "2026-03-14", "width": 35, "depth": "1", "quality": "3", "dist_water": 0.3, "dist_ground": 0.3, "disturbance": 2, "abundance": 2, "memo": ""}}, {"type": "Feature", "geometry": {"type": "Point", "coordinates": [127.674132, 37.000992]}, "properties": {"id": "ES-30", "type": "배설물", "ws": "요도천", "date": "2026-03-14", "width": 21, "depth": "1", "quality": "3", "dist_water": 0.1, "dist_ground": 0.2, "disturbance": 2, "abundance": 2, "memo": ""}}, {"type": "Feature", "geometry": {"type": "Point", "coordinates": [127.673845, 37.00115]}, "properties": {"id": "ES-31", "type": "배설물", "ws": "요도천", "date": "2026-03-14", "width": 32, "depth": "1", "quality": "3", "dist_water": 0.3, "dist_ground": 0.3, "disturbance": 2, "abundance": 2, "memo": ""}}, {"type": "Feature", "geometry": {"type": "Point", "coordinates": [127.673686, 37.001082]}, "properties": {"id": "ES-32", "type": "배설물", "ws": "요도천", "date": "2026-03-14", "width": 32, "depth": "1", "quality": "3", "dist_water": 0.3, "dist_ground": 0.3, "disturbance": 2, "abundance": 2, "memo": ""}}, {"type": "Feature", "geometry": {"type": "Point", "coordinates": [127.670819, 36.996937]}, "properties": {"id": "ES-33", "type": "배설물", "ws": "요도천", "date": "2026-03-14", "width": 18, "depth": "2", "quality": "3", "dist_water": 0.2, "dist_ground": 0.2, "disturbance": 2, "abundance": 2, "memo": ""}}, {"type": "Feature", "geometry": {"type": "Point", "coordinates": [127.670087, 36.993067]}, "properties": {"id": "ES-34", "type": "배설물", "ws": "요도천", "date": "2026-03-14", "width": 12, "depth": "1", "quality": "3", "dist_water": 0.2, "dist_ground": 0.2, "disturbance": 2, "abundance": 2, "memo": ""}}, {"type": "Feature", "geometry": {"type": "Point", "coordinates": [127.670071, 36.993069]}, "properties": {"id": "ES-35", "type": "배설물", "ws": "요도천", "date": "2026-03-14", "width": 12, "depth": "1", "quality": "3", "dist_water": 0.2, "dist_ground": 0.2, "disturbance": 2, "abundance": 2, "memo": ""}}, {"type": "Feature", "geometry": {"type": "Point", "coordinates": [127.678688, 37.003231]}, "properties": {"id": "ES-36", "type": "발자국", "ws": "요도천", "date": "2026-03-14", "width": 30, "depth": "1", "quality": "3", "dist_water": 0.1, "dist_ground": 0.0, "disturbance": 2, "abundance": 3, "memo": ""}}, {"type": "Feature", "geometry": {"type": "Point", "coordinates": [127.677626, 37.003368]}, "properties": {"id": "ES-37", "type": "발자국", "ws": "요도천", "date": "2026-03-14", "width": 18, "depth": "1", "quality": "3", "dist_water": 0.1, "dist_ground": 0.0, "disturbance": 2, "abundance": 2, "memo": ""}}, {"type": "Feature", "geometry": {"type": "Point", "coordinates": [127.676634, 37.003492]}, "properties": {"id": "ES-38", "type": "발자국", "ws": "요도천", "date": "2026-03-14", "width": 18, "depth": "1", "quality": "3", "dist_water": 0.1, "dist_ground": 0.0, "disturbance": 2, "abundance": 2, "memo": ""}}, {"type": "Feature", "geometry": {"type": "Point", "coordinates": [127.722653, 37.000688]}, "properties": {"id": "ES-40", "type": "배설물", "ws": "요도천", "date": "2026-03-14", "width": 42, "depth": "1", "quality": "3", "dist_water": 1.0, "dist_ground": 0.1, "disturbance": 2, "abundance": 2, "memo": ""}}, {"type": "Feature", "geometry": {"type": "Point", "coordinates": [127.722663, 37.000709]}, "properties": {"id": "ES-41", "type": "배설물", "ws": "요도천", "date": "2026-03-14", "width": 42, "depth": "1", "quality": "3", "dist_water": 1.0, "dist_ground": 0.1, "disturbance": 2, "abundance": 2, "memo": ""}}, {"type": "Feature", "geometry": {"type": "Point", "coordinates": [127.722668, 37.000727]}, "properties": {"id": "ES-42", "type": "배설물", "ws": "요도천", "date": "2026-03-14", "width": 42, "depth": "1", "quality": "3", "dist_water": 1.0, "dist_ground": 0.1, "disturbance": 2, "abundance": 2, "memo": ""}}, {"type": "Feature", "geometry": {"type": "Point", "coordinates": [127.722575, 37.000707]}, "properties": {"id": "ES-43", "type": "배설물", "ws": "요도천", "date": "2026-03-14", "width": 42, "depth": "1", "quality": "3", "dist_water": 1.0, "dist_ground": 0.1, "disturbance": 2, "abundance": 2, "memo": ""}}, {"type": "Feature", "geometry": {"type": "Point", "coordinates": [127.722506, 37.000708]}, "properties": {"id": "ES-44", "type": "배설물", "ws": "요도천", "date": "2026-03-14", "width": 42, "depth": "1", "quality": "3", "dist_water": 1.0, "dist_ground": 0.1, "disturbance": 2, "abundance": 2, "memo": ""}}, {"type": "Feature", "geometry": {"type": "Point", "coordinates": [127.719771, 36.999071]}, "properties": {"id": "ES-45", "type": "배설물", "ws": "요도천", "date": "2026-03-14", "width": 14, "depth": "1", "quality": "3", "dist_water": 3.0, "dist_ground": 0.0, "disturbance": 2, "abundance": 2, "memo": ""}}, {"type": "Feature", "geometry": {"type": "Point", "coordinates": [127.712209, 36.99462]}, "properties": {"id": "ES-46", "type": "배설물", "ws": "요도천", "date": "2026-03-14", "width": 15, "depth": "1", "quality": "3", "dist_water": 0.3, "dist_ground": 0.5, "disturbance": 2, "abundance": 2, "memo": ""}}, {"type": "Feature", "geometry": {"type": "Point", "coordinates": [127.711008, 36.993999]}, "properties": {"id": "ES-47", "type": "배설물", "ws": "요도천", "date": "2026-03-14", "width": 1, "depth": "1", "quality": "3", "dist_water": 0.5, "dist_ground": 0.5, "disturbance": 2, "abundance": 2, "memo": ""}}, {"type": "Feature", "geometry": {"type": "Point", "coordinates": [127.702038, 37.012846]}, "properties": {"id": "ES-48", "type": "배설물", "ws": "요도천", "date": "2026-03-14", "width": 22, "depth": "3", "quality": "4", "dist_water": 0.2, "dist_ground": 0.2, "disturbance": 2, "abundance": 2, "memo": ""}}, {"type": "Feature", "geometry": {"type": "Point", "coordinates": [127.702044, 37.012832]}, "properties": {"id": "ES-49", "type": "배설물", "ws": "요도천", "date": "2026-03-14", "width": 22, "depth": "3", "quality": "4", "dist_water": 0.2, "dist_ground": 0.2, "disturbance": 2, "abundance": 2, "memo": ""}}, {"type": "Feature", "geometry": {"type": "Point", "coordinates": [127.702055, 37.012816]}, "properties": {"id": "ES-50", "type": "배설물", "ws": "요도천", "date": "2026-03-14", "width": 22, "depth": "3", "quality": "4", "dist_water": 0.2, "dist_ground": 0.2, "disturbance": 2, "abundance": 2, "memo": ""}}, {"type": "Feature", "geometry": {"type": "Point", "coordinates": [127.702026, 37.025111]}, "properties": {"id": "ES-51", "type": "배설물", "ws": "요도천", "date": "2026-03-14", "width": 9, "depth": "1", "quality": "3", "dist_water": 0.3, "dist_ground": 0.3, "disturbance": 2, "abundance": 2, "memo": ""}}, {"type": "Feature", "geometry": {"type": "Point", "coordinates": [127.702026, 37.025106]}, "properties": {"id": "ES-52", "type": "배설물", "ws": "요도천", "date": "2026-03-14", "width": 9, "depth": "1", "quality": "3", "dist_water": 0.3, "dist_ground": 0.3, "disturbance": 2, "abundance": 2, "memo": ""}}, {"type": "Feature", "geometry": {"type": "Point", "coordinates": [127.668046, 37.006083]}, "properties": {"id": "ES-39", "type": "배설물", "ws": "요도천", "date": "2026-03-14", "width": 18, "depth": "1", "quality": "3", "dist_water": 2.0, "dist_ground": 0.2, "disturbance": 2, "abundance": 2, "memo": ""}}, {"type": "Feature", "geometry": {"type": "Point", "coordinates": [127.767932, 36.992086]}, "properties": {"id": "DS-03", "type": "배설물", "ws": "요도천", "date": "2026-03-14", "width": 7, "depth": "1", "quality": "3", "dist_water": 0.5, "dist_ground": 0.3, "disturbance": 2, "abundance": 2, "memo": ""}}, {"type": "Feature", "geometry": {"type": "Point", "coordinates": [127.767961, 36.992095]}, "properties": {"id": "DS-04", "type": "배설물", "ws": "요도천", "date": "2026-03-14", "width": 7, "depth": "1", "quality": "3", "dist_water": 0.5, "dist_ground": 0.3, "disturbance": 2, "abundance": 2, "memo": ""}}, {"type": "Feature", "geometry": {"type": "Point", "coordinates": [127.772547, 37.004594]}, "properties": {"id": "DS-15", "type": "배설물", "ws": "요도천", "date": "2026-03-14", "width": 1, "depth": "1", "quality": "3", "dist_water": 0.5, "dist_ground": 0.1, "disturbance": 1, "abundance": 2, "memo": ""}}, {"type": "Feature", "geometry": {"type": "Point", "coordinates": [127.771091, 37.006697]}, "properties": {"id": "DS-17", "type": "배설물", "ws": "요도천", "date": "2026-03-14", "width": 1, "depth": "1", "quality": "3", "dist_water": 1.4, "dist_ground": 0.4, "disturbance": 2, "abundance": 2, "memo": ""}}, {"type": "Feature", "geometry": {"type": "Point", "coordinates": [127.77108, 37.006698]}, "properties": {"id": "DS-18", "type": "배설물", "ws": "요도천", "date": "2026-03-14", "width": 1, "depth": "1", "quality": "3", "dist_water": 1.4, "dist_ground": 0.4, "disturbance": 2, "abundance": 2, "memo": ""}}, {"type": "Feature", "geometry": {"type": "Point", "coordinates": [127.771073, 37.006711]}, "properties": {"id": "DS-19", "type": "배설물", "ws": "요도천", "date": "2026-03-14", "width": 1, "depth": "1", "quality": "3", "dist_water": 1.4, "dist_ground": 0.4, "disturbance": 2, "abundance": 2, "memo": ""}}, {"type": "Feature", "geometry": {"type": "Point", "coordinates": [127.771057, 37.006684]}, "properties": {"id": "DS-21", "type": "배설물", "ws": "요도천", "date": "2026-03-14", "width": 1, "depth": "1", "quality": "3", "dist_water": 1.4, "dist_ground": 0.4, "disturbance": 2, "abundance": 2, "memo": ""}}, {"type": "Feature", "geometry": {"type": "Point", "coordinates": [127.771053, 37.006689]}, "properties": {"id": "DS-22", "type": "배설물", "ws": "요도천", "date": "2026-03-14", "width": 1, "depth": "1", "quality": "3", "dist_water": 1.4, "dist_ground": 0.4, "disturbance": 2, "abundance": 2, "memo": ""}}, {"type": "Feature", "geometry": {"type": "Point", "coordinates": [127.771042, 37.00668]}, "properties": {"id": "DS-23", "type": "배설물", "ws": "요도천", "date": "2026-03-14", "width": 1, "depth": "1", "quality": "3", "dist_water": 1.4, "dist_ground": 0.4, "disturbance": 2, "abundance": 2, "memo": ""}}, {"type": "Feature", "geometry": {"type": "Point", "coordinates": [127.771055, 37.00688]}, "properties": {"id": "DS-24", "type": "배설물", "ws": "요도천", "date": "2026-03-14", "width": 2, "depth": "1", "quality": "3", "dist_water": 0.1, "dist_ground": 0.1, "disturbance": 2, "abundance": 2, "memo": ""}}, {"type": "Feature", "geometry": {"type": "Point", "coordinates": [127.749145, 36.99202]}, "properties": {"id": "DS-35", "type": "배설물", "ws": "요도천", "date": "2026-03-14", "width": 5, "depth": "1", "quality": "3", "dist_water": 1.0, "dist_ground": 0.3, "disturbance": 2, "abundance": 2, "memo": ""}}, {"type": "Feature", "geometry": {"type": "Point", "coordinates": [127.749122, 36.992016]}, "properties": {"id": "DS-36", "type": "배설물", "ws": "요도천", "date": "2026-03-14", "width": 5, "depth": "1", "quality": "3", "dist_water": 1.0, "dist_ground": 0.3, "disturbance": 2, "abundance": 2, "memo": ""}}, {"type": "Feature", "geometry": {"type": "Point", "coordinates": [127.749125, 36.992008]}, "properties": {"id": "DS-37", "type": "배설물", "ws": "요도천", "date": "2026-03-14", "width": 5, "depth": "1", "quality": "3", "dist_water": 1.0, "dist_ground": 0.3, "disturbance": 2, "abundance": 2, "memo": ""}}, {"type": "Feature", "geometry": {"type": "Point", "coordinates": [127.74919, 36.991983]}, "properties": {"id": "DS-38", "type": "배설물", "ws": "요도천", "date": "2026-03-14", "width": 5, "depth": "1", "quality": "3", "dist_water": 1.0, "dist_ground": 0.3, "disturbance": 2, "abundance": 2, "memo": ""}}, {"type": "Feature", "geometry": {"type": "Point", "coordinates": [127.745766, 36.987843]}, "properties": {"id": "DS-50", "type": "배설물", "ws": "요도천", "date": "2026-03-14", "width": 3, "depth": "1", "quality": "3", "dist_water": 0.3, "dist_ground": 0.4, "disturbance": 2, "abundance": 2, "memo": ""}}, {"type": "Feature", "geometry": {"type": "Point", "coordinates": [127.745796, 36.987843]}, "properties": {"id": "DS-51", "type": "배설물", "ws": "요도천", "date": "2026-03-14", "width": 3, "depth": "1", "quality": "3", "dist_water": 0.3, "dist_ground": 0.4, "disturbance": 2, "abundance": 2, "memo": ""}}, {"type": "Feature", "geometry": {"type": "Point", "coordinates": [127.745809, 36.987849]}, "properties": {"id": "DS-52", "type": "배설물", "ws": "요도천", "date": "2026-03-14", "width": 3, "depth": "1", "quality": "3", "dist_water": 0.3, "dist_ground": 0.4, "disturbance": 2, "abundance": 2, "memo": ""}}, {"type": "Feature", "geometry": {"type": "Point", "coordinates": [127.745807, 36.987859]}, "properties": {"id": "DS-53", "type": "배설물", "ws": "요도천", "date": "2026-03-14", "width": 3, "depth": "1", "quality": "3", "dist_water": 0.3, "dist_ground": 0.4, "disturbance": 2, "abundance": 2, "memo": ""}}, {"type": "Feature", "geometry": {"type": "Point", "coordinates": [127.741043, 36.995158]}, "properties": {"id": "DS-59", "type": "배설물", "ws": "요도천", "date": "2026-03-14", "width": 3, "depth": "1", "quality": "3", "dist_water": 0.7, "dist_ground": 0.3, "disturbance": 3, "abundance": 2, "memo": ""}}, {"type": "Feature", "geometry": {"type": "Point", "coordinates": [127.741074, 36.995186]}, "properties": {"id": "DS-60", "type": "배설물", "ws": "요도천", "date": "2026-03-14", "width": 3, "depth": "1", "quality": "3", "dist_water": 0.7, "dist_ground": 0.3, "disturbance": 3, "abundance": 2, "memo": ""}}, {"type": "Feature", "geometry": {"type": "Point", "coordinates": [127.741083, 36.995189]}, "properties": {"id": "DS-61", "type": "배설물", "ws": "요도천", "date": "2026-03-14", "width": 3, "depth": "1", "quality": "3", "dist_water": 0.7, "dist_ground": 0.3, "disturbance": 3, "abundance": 2, "memo": ""}}, {"type": "Feature", "geometry": {"type": "Point", "coordinates": [127.741091, 36.995192]}, "properties": {"id": "DS-62", "type": "배설물", "ws": "요도천", "date": "2026-03-14", "width": 3, "depth": "1", "quality": "3", "dist_water": 0.7, "dist_ground": 0.3, "disturbance": 3, "abundance": 2, "memo": ""}}, {"type": "Feature", "geometry": {"type": "Point", "coordinates": [127.73642, 36.990611]}, "properties": {"id": "DS-69", "type": "배설물", "ws": "요도천", "date": "2026-03-14", "width": 1, "depth": "1", "quality": "2", "dist_water": 0.1, "dist_ground": 0.5, "disturbance": 2, "abundance": 2, "memo": ""}}, {"type": "Feature", "geometry": {"type": "Point", "coordinates": [127.732554, 36.986625]}, "properties": {"id": "DS-76", "type": "배설물", "ws": "요도천", "date": "2026-03-14", "width": 2, "depth": "1", "quality": "3", "dist_water": 0.5, "dist_ground": 0.3, "disturbance": 2, "abundance": 2, "memo": ""}}, {"type": "Feature", "geometry": {"type": "Point", "coordinates": [127.733787, 37.006342]}, "properties": {"id": "DS-84", "type": "배설물", "ws": "요도천", "date": "2026-03-14", "width": 0, "depth": "6", "quality": "6", "dist_water": 2.0, "dist_ground": 0.1, "disturbance": 2, "abundance": 2, "memo": "건천"}}, {"type": "Feature", "geometry": {"type": "Point", "coordinates": [127.734032, 37.004997]}, "properties": {"id": "DS-101", "type": "배설물", "ws": "요도천", "date": "2026-03-14", "width": 2, "depth": "1", "quality": "3", "dist_water": 0.5, "dist_ground": 0.3, "disturbance": 2, "abundance": 2, "memo": ""}}, {"type": "Feature", "geometry": {"type": "Point", "coordinates": [127.768192, 36.994946]}, "properties": {"id": "DS-06", "type": "배설물", "ws": "요도천", "date": "2026-03-14", "width": 3, "depth": "2", "quality": "4", "dist_water": 0.1, "dist_ground": 0.1, "disturbance": 2, "abundance": 2, "memo": ""}}, {"type": "Feature", "geometry": {"type": "Point", "coordinates": [127.768321, 36.995306]}, "properties": {"id": "DS-07", "type": "배설물", "ws": "요도천", "date": "2026-03-14", "width": 1, "depth": "1", "quality": "4", "dist_water": 0.2, "dist_ground": 0.1, "disturbance": 2, "abundance": 2, "memo": ""}}, {"type": "Feature", "geometry": {"type": "Point", "coordinates": [127.769708, 36.998402]}, "properties": {"id": "DS-10", "type": "배설물", "ws": "요도천", "date": "2026-03-14", "width": 2, "depth": "2", "quality": "4", "dist_water": 0.1, "dist_ground": 0.1, "disturbance": 2, "abundance": 2, "memo": ""}}, {"type": "Feature", "geometry": {"type": "Point", "coordinates": [127.772397, 37.00312]}, "properties": {"id": "DS-13", "type": "배설물", "ws": "요도천", "date": "2026-03-14", "width": 3, "depth": "1", "quality": "4", "dist_water": 0.1, "dist_ground": 0.1, "disturbance": 2, "abundance": 2, "memo": ""}}, {"type": "Feature", "geometry": {"type": "Point", "coordinates": [127.772386, 37.004547]}, "properties": {"id": "DS-14", "type": "배설물", "ws": "요도천", "date": "2026-03-14", "width": 3, "depth": "1", "quality": "3", "dist_water": 0.1, "dist_ground": 0.1, "disturbance": 2, "abundance": 2, "memo": ""}}, {"type": "Feature", "geometry": {"type": "Point", "coordinates": [127.7713, 37.005666]}, "properties": {"id": "DS-16", "type": "배설물", "ws": "요도천", "date": "2026-03-14", "width": 1, "depth": "1", "quality": "3", "dist_water": 0.2, "dist_ground": 0.1, "disturbance": 2, "abundance": 2, "memo": ""}}, {"type": "Feature", "geometry": {"type": "Point", "coordinates": [127.77111, 37.006605]}, "properties": {"id": "DS-20", "type": "배설물", "ws": "요도천", "date": "2026-03-14", "width": 1, "depth": "1", "quality": "3", "dist_water": 0.1, "dist_ground": 0.1, "disturbance": 3, "abundance": 2, "memo": ""}}, {"type": "Feature", "geometry": {"type": "Point", "coordinates": [127.749484, 36.992262]}, "properties": {"id": "DS-30", "type": "배설물", "ws": "요도천", "date": "2026-03-14", "width": 4, "depth": "1", "quality": "3", "dist_water": 0.2, "dist_ground": 0.3, "disturbance": 2, "abundance": 2, "memo": ""}}, {"type": "Feature", "geometry": {"type": "Point", "coordinates": [127.749453, 36.992279]}, "properties": {"id": "DS-31", "type": "배설물", "ws": "요도천", "date": "2026-03-14", "width": 4, "depth": "1", "quality": "3", "dist_water": 0.2, "dist_ground": 0.3, "disturbance": 2, "abundance": 2, "memo": ""}}, {"type": "Feature", "geometry": {"type": "Point", "coordinates": [127.74944, 36.992279]}, "properties": {"id": "DS-32", "type": "배설물", "ws": "요도천", "date": "2026-03-14", "width": 4, "depth": "1", "quality": "3", "dist_water": 0.2, "dist_ground": 0.3, "disturbance": 2, "abundance": 2, "memo": ""}}, {"type": "Feature", "geometry": {"type": "Point", "coordinates": [127.749415, 36.992264]}, "properties": {"id": "DS-33", "type": "배설물", "ws": "요도천", "date": "2026-03-14", "width": 4, "depth": "1", "quality": "3", "dist_water": 0.2, "dist_ground": 0.3, "disturbance": 2, "abundance": 2, "memo": ""}}, {"type": "Feature", "geometry": {"type": "Point", "coordinates": [127.749279, 36.991949]}, "properties": {"id": "DS-34", "type": "배설물", "ws": "요도천", "date": "2026-03-14", "width": 5, "depth": "1", "quality": "3", "dist_water": 1.0, "dist_ground": 0.3, "disturbance": 2, "abundance": 2, "memo": ""}}, {"type": "Feature", "geometry": {"type": "Point", "coordinates": [127.746116, 36.982461]}, "properties": {"id": "DS-41", "type": "배설물", "ws": "요도천", "date": "2026-03-14", "width": 4, "depth": "1", "quality": "3", "dist_water": 0.1, "dist_ground": 0.1, "disturbance": 2, "abundance": 2, "memo": ""}}, {"type": "Feature", "geometry": {"type": "Point", "coordinates": [127.746646, 36.981086]}, "properties": {"id": "DS-43", "type": "배설물", "ws": "요도천", "date": "2026-03-14", "width": 2, "depth": "1", "quality": "3", "dist_water": 0.5, "dist_ground": 0.2, "disturbance": 2, "abundance": 2, "memo": ""}}, {"type": "Feature", "geometry": {"type": "Point", "coordinates": [127.745712, 36.987807]}, "properties": {"id": "DS-46", "type": "배설물", "ws": "요도천", "date": "2026-03-14", "width": 3, "depth": "1", "quality": "3", "dist_water": 0.3, "dist_ground": 0.4, "disturbance": 2, "abundance": 2, "memo": ""}}, {"type": "Feature", "geometry": {"type": "Point", "coordinates": [127.745733, 36.987855]}, "properties": {"id": "DS-47", "type": "배설물", "ws": "요도천", "date": "2026-03-14", "width": 3, "depth": "1", "quality": "3", "dist_water": 0.3, "dist_ground": 0.4, "disturbance": 2, "abundance": 2, "memo": ""}}, {"type": "Feature", "geometry": {"type": "Point", "coordinates": [127.745734, 36.987861]}, "properties": {"id": "DS-48", "type": "배설물", "ws": "요도천", "date": "2026-03-14", "width": 3, "depth": "1", "quality": "3", "dist_water": 0.3, "dist_ground": 0.4, "disturbance": 2, "abundance": 2, "memo": ""}}, {"type": "Feature", "geometry": {"type": "Point", "coordinates": [127.745739, 36.987867]}, "properties": {"id": "DS-49", "type": "배설물", "ws": "요도천", "date": "2026-03-14", "width": 3, "depth": "1", "quality": "3", "dist_water": 0.3, "dist_ground": 0.4, "disturbance": 2, "abundance": 2, "memo": ""}}, {"type": "Feature", "geometry": {"type": "Point", "coordinates": [127.745742, 36.987875]}, "properties": {"id": "DS-54", "type": "배설물", "ws": "요도천", "date": "2026-03-14", "width": 3, "depth": "1", "quality": "3", "dist_water": 0.3, "dist_ground": 0.4, "disturbance": 2, "abundance": 2, "memo": ""}}, {"type": "Feature", "geometry": {"type": "Point", "coordinates": [127.745736, 36.987875]}, "properties": {"id": "DS-55", "type": "배설물", "ws": "요도천", "date": "2026-03-14", "width": 3, "depth": "1", "quality": "3", "dist_water": 0.3, "dist_ground": 0.4, "disturbance": 2, "abundance": 2, "memo": ""}}, {"type": "Feature", "geometry": {"type": "Point", "coordinates": [127.7457, 36.987878]}, "properties": {"id": "DS-56", "type": "배설물", "ws": "요도천", "date": "2026-03-14", "width": 3, "depth": "1", "quality": "3", "dist_water": 0.3, "dist_ground": 0.4, "disturbance": 2, "abundance": 2, "memo": ""}}, {"type": "Feature", "geometry": {"type": "Point", "coordinates": [127.74117, 36.995103]}, "properties": {"id": "DS-58", "type": "배설물", "ws": "요도천", "date": "2026-03-14", "width": 3, "depth": "1", "quality": "3", "dist_water": 0.7, "dist_ground": 0.3, "disturbance": 3, "abundance": 2, "memo": ""}}, {"type": "Feature", "geometry": {"type": "Point", "coordinates": [127.739783, 36.993731]}, "properties": {"id": "DS-63", "type": "배설물", "ws": "요도천", "date": "2026-03-14", "width": 2, "depth": "1", "quality": "3", "dist_water": 0.7, "dist_ground": 0.2, "disturbance": 3, "abundance": 2, "memo": ""}}, {"type": "Feature", "geometry": {"type": "Point", "coordinates": [127.73981, 36.993735]}, "properties": {"id": "DS-64", "type": "배설물", "ws": "요도천", "date": "2026-03-14", "width": 2, "depth": "1", "quality": "3", "dist_water": 0.7, "dist_ground": 0.2, "disturbance": 3, "abundance": 2, "memo": ""}}, {"type": "Feature", "geometry": {"type": "Point", "coordinates": [127.739796, 36.993721]}, "properties": {"id": "DS-65", "type": "배설물", "ws": "요도천", "date": "2026-03-14", "width": 2, "depth": "1", "quality": "3", "dist_water": 0.7, "dist_ground": 0.2, "disturbance": 3, "abundance": 2, "memo": ""}}, {"type": "Feature", "geometry": {"type": "Point", "coordinates": [127.738713, 36.992407]}, "properties": {"id": "DS-67", "type": "배설물", "ws": "요도천", "date": "2026-03-14", "width": 2, "depth": "1", "quality": "3", "dist_water": 0.5, "dist_ground": 0.3, "disturbance": 3, "abundance": 2, "memo": ""}}, {"type": "Feature", "geometry": {"type": "Point", "coordinates": [127.736049, 36.990349]}, "properties": {"id": "DS-68", "type": "배설물", "ws": "요도천", "date": "2026-03-14", "width": 2, "depth": "1", "quality": "3", "dist_water": 0.4, "dist_ground": 0.2, "disturbance": 2, "abundance": 2, "memo": ""}}, {"type": "Feature", "geometry": {"type": "Point", "coordinates": [127.733113, 36.986929]}, "properties": {"id": "DS-71", "type": "배설물", "ws": "요도천", "date": "2026-03-14", "width": 4, "depth": "1", "quality": "3", "dist_water": 0.2, "dist_ground": 0.1, "disturbance": 2, "abundance": 2, "memo": ""}}, {"type": "Feature", "geometry": {"type": "Point", "coordinates": [127.731907, 36.986237]}, "properties": {"id": "DS-72", "type": "배설물", "ws": "요도천", "date": "2026-03-14", "width": 5, "depth": "1", "quality": "3", "dist_water": 1.0, "dist_ground": 0.8, "disturbance": 2, "abundance": 2, "memo": ""}}, {"type": "Feature", "geometry": {"type": "Point", "coordinates": [127.731901, 36.986228]}, "properties": {"id": "DS-73", "type": "배설물", "ws": "요도천", "date": "2026-03-14", "width": 5, "depth": "1", "quality": "3", "dist_water": 1.0, "dist_ground": 0.8, "disturbance": 2, "abundance": 2, "memo": ""}}, {"type": "Feature", "geometry": {"type": "Point", "coordinates": [127.731893, 36.986223]}, "properties": {"id": "DS-74", "type": "배설물", "ws": "요도천", "date": "2026-03-14", "width": 5, "depth": "1", "quality": "3", "dist_water": 1.0, "dist_ground": 0.8, "disturbance": 2, "abundance": 2, "memo": ""}}, {"type": "Feature", "geometry": {"type": "Point", "coordinates": [127.731884, 36.986218]}, "properties": {"id": "DS-75", "type": "배설물", "ws": "요도천", "date": "2026-03-14", "width": 5, "depth": "1", "quality": "3", "dist_water": 1.0, "dist_ground": 0.8, "disturbance": 2, "abundance": 2, "memo": ""}}, {"type": "Feature", "geometry": {"type": "Point", "coordinates": [127.730865, 36.985459]}, "properties": {"id": "DS-77", "type": "배설물", "ws": "요도천", "date": "2026-03-14", "width": 2, "depth": "1", "quality": "3", "dist_water": 0.3, "dist_ground": 0.1, "disturbance": 4, "abundance": 2, "memo": ""}}, {"type": "Feature", "geometry": {"type": "Point", "coordinates": [127.730879, 36.985457]}, "properties": {"id": "DS-78", "type": "배설물", "ws": "요도천", "date": "2026-03-14", "width": 2, "depth": "1", "quality": "3", "dist_water": 0.3, "dist_ground": 0.1, "disturbance": 4, "abundance": 2, "memo": ""}}, {"type": "Feature", "geometry": {"type": "Point", "coordinates": [127.729247, 36.985046]}, "properties": {"id": "DS-79", "type": "배설물", "ws": "요도천", "date": "2026-03-14", "width": 2, "depth": "1", "quality": "3", "dist_water": 2.5, "dist_ground": 0.6, "disturbance": 4, "abundance": 3, "memo": ""}}, {"type": "Feature", "geometry": {"type": "Point", "coordinates": [127.729256, 36.985057]}, "properties": {"id": "DS-80", "type": "배설물", "ws": "요도천", "date": "2026-03-14", "width": 2, "depth": "1", "quality": "3", "dist_water": 2.5, "dist_ground": 0.6, "disturbance": 4, "abundance": 3, "memo": ""}}, {"type": "Feature", "geometry": {"type": "Point", "coordinates": [127.729267, 36.985063]}, "properties": {"id": "DS-81", "type": "배설물", "ws": "요도천", "date": "2026-03-14", "width": 2, "depth": "1", "quality": "3", "dist_water": 2.5, "dist_ground": 0.6, "disturbance": 4, "abundance": 3, "memo": ""}}, {"type": "Feature", "geometry": {"type": "Point", "coordinates": [127.733787, 37.006368]}, "properties": {"id": "DS-85", "type": "배설물", "ws": "요도천", "date": "2026-03-14", "width": 1, "depth": "1", "quality": "3", "dist_water": 1.0, "dist_ground": 0.2, "disturbance": 2, "abundance": 2, "memo": ""}}, {"type": "Feature", "geometry": {"type": "Point", "coordinates": [127.731165, 37.019614]}, "properties": {"id": "DS-89", "type": "배설물", "ws": "요도천", "date": "2026-03-14", "width": 4, "depth": "1", "quality": "3", "dist_water": 0.3, "dist_ground": 0.1, "disturbance": 2, "abundance": 2, "memo": ""}}, {"type": "Feature", "geometry": {"type": "Point", "coordinates": [127.731155, 37.019594]}, "properties": {"id": "DS-90", "type": "배설물", "ws": "요도천", "date": "2026-03-14", "width": 4, "depth": "1", "quality": "3", "dist_water": 0.3, "dist_ground": 0.1, "disturbance": 2, "abundance": 2, "memo": ""}}, {"type": "Feature", "geometry": {"type": "Point", "coordinates": [127.731387, 37.019771]}, "properties": {"id": "DS-91", "type": "배설물", "ws": "요도천", "date": "2026-03-14", "width": 1, "depth": "1", "quality": "3", "dist_water": 1.0, "dist_ground": 0.4, "disturbance": 2, "abundance": 3, "memo": ""}}, {"type": "Feature", "geometry": {"type": "Point", "coordinates": [127.731678, 37.020604]}, "properties": {"id": "DS-92", "type": "배설물", "ws": "요도천", "date": "2026-03-14", "width": 1, "depth": "1", "quality": "3", "dist_water": 1.7, "dist_ground": 0.4, "disturbance": 2, "abundance": 2, "memo": ""}}, {"type": "Feature", "geometry": {"type": "Point", "coordinates": [127.731688, 37.020628]}, "properties": {"id": "DS-94", "type": "배설물", "ws": "요도천", "date": "2026-03-14", "width": 1, "depth": "1", "quality": "3", "dist_water": 1.7, "dist_ground": 0.4, "disturbance": 2, "abundance": 2, "memo": ""}}, {"type": "Feature", "geometry": {"type": "Point", "coordinates": [127.731709, 37.020621]}, "properties": {"id": "DS-93", "type": "배설물", "ws": "요도천", "date": "2026-03-14", "width": 1, "depth": "1", "quality": "3", "dist_water": 1.7, "dist_ground": 0.4, "disturbance": 2, "abundance": 2, "memo": ""}}, {"type": "Feature", "geometry": {"type": "Point", "coordinates": [127.732396, 37.025918]}, "properties": {"id": "DS-98", "type": "배설물", "ws": "요도천", "date": "2026-03-14", "width": 2, "depth": "1", "quality": "3", "dist_water": 0.1, "dist_ground": 0.2, "disturbance": 2, "abundance": 2, "memo": ""}}, {"type": "Feature", "geometry": {"type": "Point", "coordinates": [127.73398, 37.028291]}, "properties": {"id": "DS-99", "type": "배설물", "ws": "요도천", "date": "2026-03-14", "width": 2, "depth": "1", "quality": "3", "dist_water": 0.2, "dist_ground": 0.1, "disturbance": 2, "abundance": 2, "memo": ""}}, {"type": "Feature", "geometry": {"type": "Point", "coordinates": [127.733876, 37.004993]}, "properties": {"id": "DS-100", "type": "배설물", "ws": "요도천", "date": "2026-03-14", "width": 2, "depth": "1", "quality": "3", "dist_water": 0.1, "dist_ground": 0.1, "disturbance": 2, "abundance": 2, "memo": ""}}, {"type": "Feature", "geometry": {"type": "Point", "coordinates": [127.731593, 37.006475]}, "properties": {"id": "DS-103", "type": "배설물", "ws": "요도천", "date": "2026-03-14", "width": 2, "depth": "1", "quality": "3", "dist_water": 0.3, "dist_ground": 0.2, "disturbance": 1, "abundance": 1, "memo": ""}}, {"type": "Feature", "geometry": {"type": "Point", "coordinates": [127.72833, 37.007739]}, "properties": {"id": "DS-104", "type": "배설물", "ws": "요도천", "date": "2026-03-14", "width": 4, "depth": "1", "quality": "3", "dist_water": 0.4, "dist_ground": 0.5, "disturbance": 2, "abundance": 2, "memo": ""}}, {"type": "Feature", "geometry": {"type": "Point", "coordinates": [127.724832, 37.012519]}, "properties": {"id": "DS-107", "type": "배설물", "ws": "요도천", "date": "2026-03-14", "width": 2, "depth": "1", "quality": "3", "dist_water": 0.2, "dist_ground": 0.2, "disturbance": 2, "abundance": 2, "memo": ""}}, {"type": "Feature", "geometry": {"type": "Point", "coordinates": [127.767891, 36.992009]}, "properties": {"id": "DS-02", "type": "발자국", "ws": "요도천", "date": "2026-03-14", "width": 6, "depth": "2", "quality": "4", "dist_water": 0.1, "dist_ground": 0.1, "disturbance": 2, "abundance": 2, "memo": ""}}, {"type": "Feature", "geometry": {"type": "Point", "coordinates": [127.733793, 37.00635]}, "properties": {"id": "DS-83", "type": "배설물", "ws": "요도천", "date": "2026-03-14", "width": 0, "depth": "6", "quality": "6", "dist_water": 2.0, "dist_ground": 0.1, "disturbance": 2, "abundance": 2, "memo": "건천"}}, {"type": "Feature", "geometry": {"type": "Point", "coordinates": [127.734014, 37.005012]}, "properties": {"id": "DS-102", "type": "배설물", "ws": "요도천", "date": "2026-03-14", "width": 2, "depth": "1", "quality": "3", "dist_water": 1.0, "dist_ground": 0.3, "disturbance": 2, "abundance": 2, "memo": ""}}, {"type": "Feature", "geometry": {"type": "Point", "coordinates": [127.767868, 36.992096]}, "properties": {"id": "DS-05", "type": "배설물", "ws": "요도천", "date": "2026-03-14", "width": 7, "depth": "1", "quality": "3", "dist_water": 0.5, "dist_ground": 0.3, "disturbance": 2, "abundance": 2, "memo": ""}}, {"type": "Feature", "geometry": {"type": "Point", "coordinates": [127.886789, 37.053977]}, "properties": {"id": "GH-23", "type": "배설물", "ws": "목계수위표", "date": "2026-05-01", "width": 405, "depth": "1", "quality": "3", "dist_water": 0.1, "dist_ground": 0.3, "disturbance": 4, "abundance": 2, "memo": "낚시"}}, {"type": "Feature", "geometry": {"type": "Point", "coordinates": [127.886787, 37.053968]}, "properties": {"id": "GH-24", "type": "배설물", "ws": "목계수위표", "date": "2026-05-01", "width": 405, "depth": "1", "quality": "3", "dist_water": 0.1, "dist_ground": 0.3, "disturbance": 4, "abundance": 2, "memo": "낚시"}}, {"type": "Feature", "geometry": {"type": "Point", "coordinates": [127.900252, 37.062325]}, "properties": {"id": "GH-26", "type": "배설물", "ws": "목계수위표", "date": "2026-05-01", "width": 6, "depth": "1", "quality": "3", "dist_water": 0.3, "dist_ground": 0.3, "disturbance": 2, "abundance": 1, "memo": ""}}, {"type": "Feature", "geometry": {"type": "Point", "coordinates": [127.901889, 37.06103]}, "properties": {"id": "GH-27", "type": "배설물", "ws": "목계수위표", "date": "2026-05-01", "width": 7, "depth": "1", "quality": "3", "dist_water": 0.1, "dist_ground": 0.2, "disturbance": 2, "abundance": 1, "memo": ""}}, {"type": "Feature", "geometry": {"type": "Point", "coordinates": [127.869434, 37.049582]}, "properties": {"id": "GT-20", "type": "배설물", "ws": "목계수위표", "date": "2026-05-01", "width": 86, "depth": "2", "quality": "3", "dist_water": 1.0, "dist_ground": 0.1, "disturbance": 3, "abundance": 1, "memo": "카약체험장"}}, {"type": "Feature", "geometry": {"type": "Point", "coordinates": [127.871731, 37.055204]}, "properties": {"id": "GT-21", "type": "배설물", "ws": "목계수위표", "date": "2026-05-01", "width": 100, "depth": "3", "quality": "3", "dist_water": 2.0, "dist_ground": 1.5, "disturbance": 2, "abundance": 2, "memo": ""}}, {"type": "Feature", "geometry": {"type": "Point", "coordinates": [127.86227, 37.078983]}, "properties": {"id": "GT-22", "type": "배설물", "ws": "목계수위표", "date": "2026-05-01", "width": 21, "depth": "1", "quality": "3", "dist_water": 0.3, "dist_ground": 0.1, "disturbance": 2, "abundance": 1, "memo": ""}}, {"type": "Feature", "geometry": {"type": "Point", "coordinates": [127.862261, 37.078983]}, "properties": {"id": "GT-23", "type": "배설물", "ws": "목계수위표", "date": "2026-05-01", "width": 21, "depth": "1", "quality": "3", "dist_water": 0.3, "dist_ground": 0.1, "disturbance": 2, "abundance": 1, "memo": ""}}, {"type": "Feature", "geometry": {"type": "Point", "coordinates": [127.868902, 37.078662]}, "properties": {"id": "ES-46", "type": "배설물", "ws": "목계수위표", "date": "2026-03-15", "width": 300, "depth": "4", "quality": "3", "dist_water": 0.4, "dist_ground": 0.4, "disturbance": 2, "abundance": 2, "memo": ""}}, {"type": "Feature", "geometry": {"type": "Point", "coordinates": [127.868804, 37.07875]}, "properties": {"id": "ES-47", "type": "배설물", "ws": "목계수위표", "date": "2026-03-15", "width": 300, "depth": "4", "quality": "3", "dist_water": 0.4, "dist_ground": 0.4, "disturbance": 2, "abundance": 2, "memo": ""}}, {"type": "Feature", "geometry": {"type": "Point", "coordinates": [127.878598, 37.071892]}, "properties": {"id": "GT-01", "type": "배설물", "ws": "목계수위표", "date": "2026-02-14", "width": 56, "depth": "4", "quality": "2", "dist_water": 5.0, "dist_ground": 0.3, "disturbance": 3, "abundance": 2, "memo": ""}}, {"type": "Feature", "geometry": {"type": "Point", "coordinates": [127.878949, 37.072156]}, "properties": {"id": "GT-04", "type": "배설물", "ws": "목계수위표", "date": "2026-02-14", "width": 56, "depth": "4", "quality": "2", "dist_water": 0.5, "dist_ground": 0.3, "disturbance": 3, "abundance": 2, "memo": ""}}, {"type": "Feature", "geometry": {"type": "Point", "coordinates": [127.879056, 37.071944]}, "properties": {"id": "GT-06", "type": "배설물", "ws": "목계수위표", "date": "2026-02-14", "width": 56, "depth": "4", "quality": "2", "dist_water": 0.5, "dist_ground": 0.5, "disturbance": 3, "abundance": 2, "memo": ""}}, {"type": "Feature", "geometry": {"type": "Point", "coordinates": [127.868803, 37.07877]}, "properties": {"id": "GT-07", "type": "배설물", "ws": "목계수위표", "date": "2026-02-14", "width": 300, "depth": "3", "quality": "2", "dist_water": 0.4, "dist_ground": 0.4, "disturbance": 2, "abundance": 2, "memo": ""}}, {"type": "Feature", "geometry": {"type": "Point", "coordinates": [127.878537, 37.071872]}, "properties": {"id": "GT-02", "type": "배설물", "ws": "목계수위표", "date": "2026-02-14", "width": 56, "depth": "4", "quality": "2", "dist_water": 5.0, "dist_ground": 0.3, "disturbance": 3, "abundance": 2, "memo": ""}}, {"type": "Feature", "geometry": {"type": "Point", "coordinates": [127.878601, 37.071908]}, "properties": {"id": "GT-03", "type": "배설물", "ws": "목계수위표", "date": "2026-02-14", "width": 56, "depth": "4", "quality": "2", "dist_water": 5.0, "dist_ground": 0.3, "disturbance": 3, "abundance": 2, "memo": ""}}, {"type": "Feature", "geometry": {"type": "Point", "coordinates": [127.878957, 37.072152]}, "properties": {"id": "GT-05", "type": "배설물", "ws": "목계수위표", "date": "2026-02-14", "width": 56, "depth": "4", "quality": "2", "dist_water": 0.5, "dist_ground": 0.3, "disturbance": 3, "abundance": 2, "memo": ""}}, {"type": "Feature", "geometry": {"type": "Point", "coordinates": [127.868815, 37.078759]}, "properties": {"id": "GT-08", "type": "배설물", "ws": "목계수위표", "date": "2026-02-14", "width": 300, "depth": "3", "quality": "2", "dist_water": 0.4, "dist_ground": 0.4, "disturbance": 2, "abundance": 2, "memo": ""}}, {"type": "Feature", "geometry": {"type": "Point", "coordinates": [127.868838, 37.078748]}, "properties": {"id": "GT-09", "type": "배설물", "ws": "목계수위표", "date": "2026-02-14", "width": 300, "depth": "3", "quality": "2", "dist_water": 0.4, "dist_ground": 0.4, "disturbance": 2, "abundance": 2, "memo": ""}}, {"type": "Feature", "geometry": {"type": "Point", "coordinates": [127.888592, 37.049765]}, "properties": {"id": "GT-01", "type": "배설물", "ws": "목계수위표", "date": "2026-03-22", "width": 73, "depth": "1", "quality": "3", "dist_water": 0.3, "dist_ground": 0.3, "disturbance": 4, "abundance": 2, "memo": ""}}, {"type": "Feature", "geometry": {"type": "Point", "coordinates": [127.88858, 37.049743]}, "properties": {"id": "GT-02", "type": "배설물", "ws": "목계수위표", "date": "2026-03-22", "width": 73, "depth": "1", "quality": "3", "dist_water": 0.3, "dist_ground": 0.3, "disturbance": 4, "abundance": 2, "memo": ""}}, {"type": "Feature", "geometry": {"type": "Point", "coordinates": [127.891658, 37.047803]}, "properties": {"id": "GT-03", "type": "배설물", "ws": "목계수위표", "date": "2026-03-22", "width": 60, "depth": "1", "quality": "3", "dist_water": 0.3, "dist_ground": 0.3, "disturbance": 4, "abundance": 2, "memo": ""}}, {"type": "Feature", "geometry": {"type": "Point", "coordinates": [127.89145, 37.047874]}, "properties": {"id": "GT-04", "type": "발자국", "ws": "목계수위표", "date": "2026-03-22", "width": 60, "depth": "1", "quality": "3", "dist_water": 0.3, "dist_ground": 0.3, "disturbance": 4, "abundance": 2, "memo": ""}}, {"type": "Feature", "geometry": {"type": "Point", "coordinates": [127.901143, 37.045393]}, "properties": {"id": "GT-05", "type": "배설물", "ws": "목계수위표", "date": "2026-03-22", "width": 45, "depth": "1", "quality": "3", "dist_water": 0.3, "dist_ground": 0.3, "disturbance": 3, "abundance": 2, "memo": ""}}, {"type": "Feature", "geometry": {"type": "Point", "coordinates": [127.901436, 37.045283]}, "properties": {"id": "GT-06", "type": "배설물", "ws": "목계수위표", "date": "2026-03-22", "width": 45, "depth": "1", "quality": "3", "dist_water": 0.3, "dist_ground": 0.3, "disturbance": 3, "abundance": 2, "memo": ""}}, {"type": "Feature", "geometry": {"type": "Point", "coordinates": [127.901432, 37.045248]}, "properties": {"id": "GT-07", "type": "배설물", "ws": "목계수위표", "date": "2026-03-22", "width": 45, "depth": "1", "quality": "3", "dist_water": 0.3, "dist_ground": 0.3, "disturbance": 3, "abundance": 2, "memo": ""}}, {"type": "Feature", "geometry": {"type": "Point", "coordinates": [127.902044, 37.045112]}, "properties": {"id": "GT-08", "type": "발자국", "ws": "목계수위표", "date": "2026-03-22", "width": 45, "depth": "1", "quality": "3", "dist_water": 0.3, "dist_ground": 0.3, "disturbance": 3, "abundance": 2, "memo": ""}}, {"type": "Feature", "geometry": {"type": "Point", "coordinates": [127.902038, 37.045067]}, "properties": {"id": "GT-09", "type": "배설물", "ws": "목계수위표", "date": "2026-03-22", "width": 45, "depth": "1", "quality": "3", "dist_water": 0.3, "dist_ground": 0.3, "disturbance": 3, "abundance": 2, "memo": ""}}, {"type": "Feature", "geometry": {"type": "Point", "coordinates": [127.903232, 37.045038]}, "properties": {"id": "GT-10", "type": "발자국", "ws": "목계수위표", "date": "2026-03-22", "width": 44, "depth": "1", "quality": "3", "dist_water": 0.4, "dist_ground": 0.5, "disturbance": 3, "abundance": 2, "memo": ""}}, {"type": "Feature", "geometry": {"type": "Point", "coordinates": [127.903257, 37.045075]}, "properties": {"id": "GT-11", "type": "배설물", "ws": "목계수위표", "date": "2026-03-22", "width": 44, "depth": "1", "quality": "3", "dist_water": 0.4, "dist_ground": 0.5, "disturbance": 3, "abundance": 2, "memo": ""}}, {"type": "Feature", "geometry": {"type": "Point", "coordinates": [127.903261, 37.045087]}, "properties": {"id": "GT-12", "type": "배설물", "ws": "목계수위표", "date": "2026-03-22", "width": 44, "depth": "1", "quality": "3", "dist_water": 0.4, "dist_ground": 0.5, "disturbance": 3, "abundance": 2, "memo": ""}}, {"type": "Feature", "geometry": {"type": "Point", "coordinates": [127.90316, 37.044769]}, "properties": {"id": "GT-13", "type": "배설물", "ws": "목계수위표", "date": "2026-03-22", "width": 44, "depth": "1", "quality": "3", "dist_water": 0.4, "dist_ground": 0.5, "disturbance": 3, "abundance": 2, "memo": ""}}, {"type": "Feature", "geometry": {"type": "Point", "coordinates": [127.908385, 37.043111]}, "properties": {"id": "GT-14", "type": "발자국", "ws": "목계수위표", "date": "2026-03-22", "width": 42, "depth": "1", "quality": "3", "dist_water": 0.4, "dist_ground": 0.3, "disturbance": 2, "abundance": 2, "memo": ""}}, {"type": "Feature", "geometry": {"type": "Point", "coordinates": [127.909183, 37.042598]}, "properties": {"id": "GT-15", "type": "발자국", "ws": "목계수위표", "date": "2026-03-22", "width": 43, "depth": "1", "quality": "3", "dist_water": 0.3, "dist_ground": 0.3, "disturbance": 3, "abundance": 2, "memo": ""}}, {"type": "Feature", "geometry": {"type": "Point", "coordinates": [127.909261, 37.042418]}, "properties": {"id": "GT-16", "type": "배설물", "ws": "목계수위표", "date": "2026-03-22", "width": 43, "depth": "1", "quality": "3", "dist_water": 0.3, "dist_ground": 0.3, "disturbance": 3, "abundance": 2, "memo": ""}}, {"type": "Feature", "geometry": {"type": "Point", "coordinates": [127.911391, 37.041413]}, "properties": {"id": "GT-17", "type": "배설물", "ws": "목계수위표", "date": "2026-03-22", "width": 36, "depth": "2", "quality": "3", "dist_water": 0.2, "dist_ground": 0.3, "disturbance": 3, "abundance": 2, "memo": ""}}, {"type": "Feature", "geometry": {"type": "Point", "coordinates": [127.912821, 37.041149]}, "properties": {"id": "GT-18", "type": "배설물", "ws": "목계수위표", "date": "2026-03-22", "width": 40, "depth": "1", "quality": "3", "dist_water": 0.8, "dist_ground": 0.3, "disturbance": 3, "abundance": 2, "memo": ""}}, {"type": "Feature", "geometry": {"type": "Point", "coordinates": [127.912892, 37.041437]}, "properties": {"id": "GT-19", "type": "배설물", "ws": "목계수위표", "date": "2026-03-22", "width": 40, "depth": "1", "quality": "3", "dist_water": 0.8, "dist_ground": 0.3, "disturbance": 3, "abundance": 2, "memo": ""}}, {"type": "Feature", "geometry": {"type": "Point", "coordinates": [127.912876, 37.041425]}, "properties": {"id": "GT-20", "type": "배설물", "ws": "목계수위표", "date": "2026-03-22", "width": 40, "depth": "1", "quality": "3", "dist_water": 0.8, "dist_ground": 0.3, "disturbance": 3, "abundance": 2, "memo": ""}}, {"type": "Feature", "geometry": {"type": "Point", "coordinates": [127.915835, 37.040935]}, "properties": {"id": "GT-21", "type": "배설물", "ws": "목계수위표", "date": "2026-03-22", "width": 37, "depth": "1", "quality": "3", "dist_water": 0.9, "dist_ground": 0.2, "disturbance": 3, "abundance": 2, "memo": ""}}, {"type": "Feature", "geometry": {"type": "Point", "coordinates": [127.915883, 37.04109]}, "properties": {"id": "GT-22", "type": "배설물", "ws": "목계수위표", "date": "2026-03-22", "width": 37, "depth": "1", "quality": "3", "dist_water": 0.9, "dist_ground": 0.2, "disturbance": 3, "abundance": 2, "memo": ""}}, {"type": "Feature", "geometry": {"type": "Point", "coordinates": [127.915889, 37.040797]}, "properties": {"id": "GT-23", "type": "배설물", "ws": "목계수위표", "date": "2026-03-22", "width": 37, "depth": "1", "quality": "3", "dist_water": 0.9, "dist_ground": 0.2, "disturbance": 3, "abundance": 2, "memo": ""}}, {"type": "Feature", "geometry": {"type": "Point", "coordinates": [127.91587, 37.040795]}, "properties": {"id": "GT-24", "type": "배설물", "ws": "목계수위표", "date": "2026-03-22", "width": 37, "depth": "1", "quality": "3", "dist_water": 0.9, "dist_ground": 0.2, "disturbance": 3, "abundance": 2, "memo": ""}}, {"type": "Feature", "geometry": {"type": "Point", "coordinates": [127.92072, 37.039655]}, "properties": {"id": "GT-25", "type": "배설물", "ws": "목계수위표", "date": "2026-03-22", "width": 25, "depth": "1", "quality": "3", "dist_water": 0.5, "dist_ground": 0.3, "disturbance": 4, "abundance": 2, "memo": ""}}, {"type": "Feature", "geometry": {"type": "Point", "coordinates": [127.92078, 37.039584]}, "properties": {"id": "GT-26", "type": "발자국", "ws": "목계수위표", "date": "2026-03-22", "width": 25, "depth": "1", "quality": "3", "dist_water": 0.5, "dist_ground": 0.3, "disturbance": 4, "abundance": 2, "memo": ""}}, {"type": "Feature", "geometry": {"type": "Point", "coordinates": [127.923131, 37.040273]}, "properties": {"id": "GT-27", "type": "배설물", "ws": "목계수위표", "date": "2026-03-22", "width": 37, "depth": "1", "quality": "3", "dist_water": 0.8, "dist_ground": 0.3, "disturbance": 4, "abundance": 2, "memo": ""}}, {"type": "Feature", "geometry": {"type": "Point", "coordinates": [127.923114, 37.040065]}, "properties": {"id": "GT-28", "type": "배설물", "ws": "목계수위표", "date": "2026-03-22", "width": 37, "depth": "1", "quality": "3", "dist_water": 0.8, "dist_ground": 0.3, "disturbance": 4, "abundance": 2, "memo": ""}}, {"type": "Feature", "geometry": {"type": "Point", "coordinates": [127.923129, 37.039981]}, "properties": {"id": "GT-29", "type": "배설물", "ws": "목계수위표", "date": "2026-03-22", "width": 37, "depth": "1", "quality": "3", "dist_water": 0.8, "dist_ground": 0.3, "disturbance": 4, "abundance": 2, "memo": ""}}, {"type": "Feature", "geometry": {"type": "Point", "coordinates": [127.92312, 37.039981]}, "properties": {"id": "GT-30", "type": "배설물", "ws": "목계수위표", "date": "2026-03-22", "width": 37, "depth": "1", "quality": "3", "dist_water": 0.8, "dist_ground": 0.3, "disturbance": 4, "abundance": 2, "memo": ""}}, {"type": "Feature", "geometry": {"type": "Point", "coordinates": [127.923124, 37.039968]}, "properties": {"id": "GT-31", "type": "배설물", "ws": "목계수위표", "date": "2026-03-22", "width": 37, "depth": "1", "quality": "3", "dist_water": 0.8, "dist_ground": 0.3, "disturbance": 4, "abundance": 2, "memo": ""}}, {"type": "Feature", "geometry": {"type": "Point", "coordinates": [127.923116, 37.039969]}, "properties": {"id": "GT-32", "type": "배설물", "ws": "목계수위표", "date": "2026-03-22", "width": 37, "depth": "1", "quality": "3", "dist_water": 0.8, "dist_ground": 0.3, "disturbance": 4, "abundance": 2, "memo": ""}}, {"type": "Feature", "geometry": {"type": "Point", "coordinates": [127.926489, 37.040182]}, "properties": {"id": "GT-34", "type": "배설물", "ws": "목계수위표", "date": "2026-03-22", "width": 34, "depth": "2", "quality": "3", "dist_water": 0.3, "dist_ground": 0.4, "disturbance": 3, "abundance": 2, "memo": ""}}, {"type": "Feature", "geometry": {"type": "Point", "coordinates": [127.927617, 37.039968]}, "properties": {"id": "GT-35", "type": "배설물", "ws": "목계수위표", "date": "2026-03-22", "width": 33, "depth": "1", "quality": "3", "dist_water": 0.2, "dist_ground": 0.4, "disturbance": 3, "abundance": 2, "memo": ""}}, {"type": "Feature", "geometry": {"type": "Point", "coordinates": [127.92747, 37.039961]}, "properties": {"id": "GT-36", "type": "배설물", "ws": "목계수위표", "date": "2026-03-22", "width": 33, "depth": "1", "quality": "3", "dist_water": 0.2, "dist_ground": 0.4, "disturbance": 3, "abundance": 2, "memo": ""}}, {"type": "Feature", "geometry": {"type": "Point", "coordinates": [127.92809, 37.039814]}, "properties": {"id": "GT-37", "type": "배설물", "ws": "목계수위표", "date": "2026-03-22", "width": 17, "depth": "1", "quality": "3", "dist_water": 0.4, "dist_ground": 0.5, "disturbance": 2, "abundance": 2, "memo": ""}}, {"type": "Feature", "geometry": {"type": "Point", "coordinates": [127.928096, 37.039812]}, "properties": {"id": "GT-38", "type": "배설물", "ws": "목계수위표", "date": "2026-03-22", "width": 17, "depth": "1", "quality": "3", "dist_water": 0.4, "dist_ground": 0.5, "disturbance": 2, "abundance": 2, "memo": ""}}, {"type": "Feature", "geometry": {"type": "Point", "coordinates": [127.928103, 37.03981]}, "properties": {"id": "GT-39", "type": "배설물", "ws": "목계수위표", "date": "2026-03-22", "width": 17, "depth": "1", "quality": "3", "dist_water": 0.4, "dist_ground": 0.5, "disturbance": 2, "abundance": 2, "memo": ""}}, {"type": "Feature", "geometry": {"type": "Point", "coordinates": [127.928109, 37.039809]}, "properties": {"id": "GT-40", "type": "배설물", "ws": "목계수위표", "date": "2026-03-22", "width": 17, "depth": "1", "quality": "3", "dist_water": 0.4, "dist_ground": 0.5, "disturbance": 2, "abundance": 2, "memo": ""}}, {"type": "Feature", "geometry": {"type": "Point", "coordinates": [127.929022, 37.039653]}, "properties": {"id": "GT-41", "type": "배설물", "ws": "목계수위표", "date": "2026-03-22", "width": 23, "depth": "1", "quality": "3", "dist_water": 0.3, "dist_ground": 0.3, "disturbance": 3, "abundance": 2, "memo": ""}}, {"type": "Feature", "geometry": {"type": "Point", "coordinates": [127.92902, 37.039653]}, "properties": {"id": "GT-42", "type": "배설물", "ws": "목계수위표", "date": "2026-03-22", "width": 23, "depth": "1", "quality": "3", "dist_water": 0.3, "dist_ground": 0.3, "disturbance": 3, "abundance": 2, "memo": ""}}, {"type": "Feature", "geometry": {"type": "Point", "coordinates": [127.929018, 37.039654]}, "properties": {"id": "GT-43", "type": "배설물", "ws": "목계수위표", "date": "2026-03-22", "width": 23, "depth": "1", "quality": "3", "dist_water": 0.3, "dist_ground": 0.3, "disturbance": 3, "abundance": 2, "memo": ""}}, {"type": "Feature", "geometry": {"type": "Point", "coordinates": [127.929018, 37.039655]}, "properties": {"id": "GT-44", "type": "배설물", "ws": "목계수위표", "date": "2026-03-22", "width": 23, "depth": "1", "quality": "3", "dist_water": 0.3, "dist_ground": 0.3, "disturbance": 3, "abundance": 2, "memo": ""}}, {"type": "Feature", "geometry": {"type": "Point", "coordinates": [127.92902, 37.039656]}, "properties": {"id": "GT-45", "type": "배설물", "ws": "목계수위표", "date": "2026-03-22", "width": 23, "depth": "1", "quality": "3", "dist_water": 0.3, "dist_ground": 0.3, "disturbance": 3, "abundance": 2, "memo": ""}}, {"type": "Feature", "geometry": {"type": "Point", "coordinates": [127.929021, 37.039655]}, "properties": {"id": "GT-46", "type": "배설물", "ws": "목계수위표", "date": "2026-03-22", "width": 23, "depth": "1", "quality": "3", "dist_water": 0.3, "dist_ground": 0.3, "disturbance": 3, "abundance": 2, "memo": ""}}, {"type": "Feature", "geometry": {"type": "Point", "coordinates": [127.929016, 37.039654]}, "properties": {"id": "GT-47", "type": "배설물", "ws": "목계수위표", "date": "2026-03-22", "width": 23, "depth": "1", "quality": "3", "dist_water": 0.3, "dist_ground": 0.3, "disturbance": 3, "abundance": 2, "memo": ""}}, {"type": "Feature", "geometry": {"type": "Point", "coordinates": [127.929014, 37.039654]}, "properties": {"id": "GT-48", "type": "배설물", "ws": "목계수위표", "date": "2026-03-22", "width": 23, "depth": "1", "quality": "3", "dist_water": 0.3, "dist_ground": 0.3, "disturbance": 3, "abundance": 2, "memo": ""}}, {"type": "Feature", "geometry": {"type": "Point", "coordinates": [127.932432, 37.038279]}, "properties": {"id": "GT-49", "type": "배설물", "ws": "목계수위표", "date": "2026-03-22", "width": 25, "depth": "1", "quality": "3", "dist_water": 10.0, "dist_ground": 0.0, "disturbance": 2, "abundance": 2, "memo": ""}}, {"type": "Feature", "geometry": {"type": "Point", "coordinates": [127.938579, 37.036785]}, "properties": {"id": "GT-50", "type": "배설물", "ws": "목계수위표", "date": "2026-03-22", "width": 20, "depth": "1", "quality": "3", "dist_water": 0.9, "dist_ground": 0.3, "disturbance": 3, "abundance": 2, "memo": ""}}, {"type": "Feature", "geometry": {"type": "Point", "coordinates": [127.940882, 37.036689]}, "properties": {"id": "GT-51", "type": "배설물", "ws": "목계수위표", "date": "2026-03-22", "width": 27, "depth": "1", "quality": "3", "dist_water": 1.0, "dist_ground": 0.3, "disturbance": 2, "abundance": 2, "memo": ""}}, {"type": "Feature", "geometry": {"type": "Point", "coordinates": [127.943309, 37.036932]}, "properties": {"id": "GT-52", "type": "배설물", "ws": "목계수위표", "date": "2026-03-22", "width": 30, "depth": "1", "quality": "3", "dist_water": 0.9, "dist_ground": 0.3, "disturbance": 2, "abundance": 2, "memo": ""}}, {"type": "Feature", "geometry": {"type": "Point", "coordinates": [127.943293, 37.036947]}, "properties": {"id": "GT-53", "type": "배설물", "ws": "목계수위표", "date": "2026-03-22", "width": 30, "depth": "1", "quality": "3", "dist_water": 0.9, "dist_ground": 0.3, "disturbance": 2, "abundance": 2, "memo": ""}}, {"type": "Feature", "geometry": {"type": "Point", "coordinates": [127.947492, 37.037827]}, "properties": {"id": "GT-54", "type": "배설물", "ws": "목계수위표", "date": "2026-03-22", "width": 23, "depth": "1", "quality": "3", "dist_water": 0.5, "dist_ground": 0.2, "disturbance": 2, "abundance": 2, "memo": ""}}, {"type": "Feature", "geometry": {"type": "Point", "coordinates": [127.947539, 37.037758]}, "properties": {"id": "GT-55", "type": "배설물", "ws": "목계수위표", "date": "2026-03-22", "width": 23, "depth": "1", "quality": "3", "dist_water": 0.5, "dist_ground": 0.2, "disturbance": 2, "abundance": 2, "memo": ""}}, {"type": "Feature", "geometry": {"type": "Point", "coordinates": [127.947603, 37.03767]}, "properties": {"id": "GT-56", "type": "배설물", "ws": "목계수위표", "date": "2026-03-22", "width": 23, "depth": "1", "quality": "3", "dist_water": 0.5, "dist_ground": 0.2, "disturbance": 2, "abundance": 2, "memo": ""}}, {"type": "Feature", "geometry": {"type": "Point", "coordinates": [127.953268, 37.039526]}, "properties": {"id": "GT-57", "type": "발자국", "ws": "목계수위표", "date": "2026-03-22", "width": 25, "depth": "1", "quality": "3", "dist_water": 0.3, "dist_ground": 0.4, "disturbance": 4, "abundance": 2, "memo": ""}}, {"type": "Feature", "geometry": {"type": "Point", "coordinates": [127.953234, 37.039413]}, "properties": {"id": "GT-58", "type": "배설물", "ws": "목계수위표", "date": "2026-03-22", "width": 25, "depth": "1", "quality": "3", "dist_water": 0.3, "dist_ground": 0.4, "disturbance": 4, "abundance": 2, "memo": ""}}, {"type": "Feature", "geometry": {"type": "Point", "coordinates": [127.95442, 37.04111]}, "properties": {"id": "GT-59", "type": "배설물", "ws": "목계수위표", "date": "2026-03-22", "width": 17, "depth": "1", "quality": "3", "dist_water": 0.4, "dist_ground": 0.3, "disturbance": 3, "abundance": 2, "memo": ""}}, {"type": "Feature", "geometry": {"type": "Point", "coordinates": [127.954421, 37.0411]}, "properties": {"id": "GT-60", "type": "배설물", "ws": "목계수위표", "date": "2026-03-22", "width": 17, "depth": "1", "quality": "3", "dist_water": 0.4, "dist_ground": 0.3, "disturbance": 3, "abundance": 2, "memo": ""}}, {"type": "Feature", "geometry": {"type": "Point", "coordinates": [127.95443, 37.041093]}, "properties": {"id": "GT-61", "type": "배설물", "ws": "목계수위표", "date": "2026-03-22", "width": 17, "depth": "1", "quality": "3", "dist_water": 0.4, "dist_ground": 0.3, "disturbance": 3, "abundance": 2, "memo": ""}}, {"type": "Feature", "geometry": {"type": "Point", "coordinates": [127.954438, 37.041081]}, "properties": {"id": "GT-62", "type": "배설물", "ws": "목계수위표", "date": "2026-03-22", "width": 17, "depth": "1", "quality": "3", "dist_water": 0.4, "dist_ground": 0.3, "disturbance": 3, "abundance": 2, "memo": ""}}, {"type": "Feature", "geometry": {"type": "Point", "coordinates": [127.954502, 37.04113]}, "properties": {"id": "GT-63", "type": "배설물", "ws": "목계수위표", "date": "2026-03-22", "width": 17, "depth": "1", "quality": "3", "dist_water": 0.4, "dist_ground": 0.3, "disturbance": 3, "abundance": 2, "memo": ""}}, {"type": "Feature", "geometry": {"type": "Point", "coordinates": [127.95649, 37.043427]}, "properties": {"id": "GT-64", "type": "배설물", "ws": "목계수위표", "date": "2026-03-22", "width": 18, "depth": "1", "quality": "3", "dist_water": 0.4, "dist_ground": 0.0, "disturbance": 2, "abundance": 2, "memo": ""}}, {"type": "Feature", "geometry": {"type": "Point", "coordinates": [127.957049, 37.046002]}, "properties": {"id": "GT-65", "type": "배설물", "ws": "목계수위표", "date": "2026-03-22", "width": 19, "depth": "1", "quality": "3", "dist_water": 0.1, "dist_ground": 0.0, "disturbance": 2, "abundance": 2, "memo": ""}}, {"type": "Feature", "geometry": {"type": "Point", "coordinates": [127.955853, 37.047246]}, "properties": {"id": "GT-66", "type": "배설물", "ws": "목계수위표", "date": "2026-03-22", "width": 15, "depth": "1", "quality": "3", "dist_water": 0.3, "dist_ground": 0.4, "disturbance": 2, "abundance": 2, "memo": ""}}, {"type": "Feature", "geometry": {"type": "Point", "coordinates": [127.95579, 37.04725]}, "properties": {"id": "GT-67", "type": "배설물", "ws": "목계수위표", "date": "2026-03-22", "width": 15, "depth": "1", "quality": "3", "dist_water": 0.3, "dist_ground": 0.4, "disturbance": 2, "abundance": 2, "memo": ""}}, {"type": "Feature", "geometry": {"type": "Point", "coordinates": [127.956439, 37.050159]}, "properties": {"id": "GT-68", "type": "배설물", "ws": "목계수위표", "date": "2026-03-22", "width": 5, "depth": "1", "quality": "3", "dist_water": 0.4, "dist_ground": 0.0, "disturbance": 4, "abundance": 1, "memo": ""}}, {"type": "Feature", "geometry": {"type": "Point", "coordinates": [127.955693, 37.050445]}, "properties": {"id": "GT-69", "type": "배설물", "ws": "목계수위표", "date": "2026-03-22", "width": 5, "depth": "1", "quality": "3", "dist_water": 0.3, "dist_ground": 0.5, "disturbance": 4, "abundance": 1, "memo": ""}}, {"type": "Feature", "geometry": {"type": "Point", "coordinates": [127.948033, 37.07538]}, "properties": {"id": "GT-70", "type": "배설물", "ws": "목계수위표", "date": "2026-03-22", "width": 80, "depth": "1", "quality": "3", "dist_water": 0.3, "dist_ground": 0.1, "disturbance": 2, "abundance": 2, "memo": ""}}, {"type": "Feature", "geometry": {"type": "Point", "coordinates": [127.948006, 37.075386]}, "properties": {"id": "GT-71", "type": "배설물", "ws": "목계수위표", "date": "2026-03-22", "width": 80, "depth": "1", "quality": "3", "dist_water": 0.3, "dist_ground": 0.1, "disturbance": 2, "abundance": 2, "memo": ""}}, {"type": "Feature", "geometry": {"type": "Point", "coordinates": [127.94798, 37.075393]}, "properties": {"id": "GT-72", "type": "배설물", "ws": "목계수위표", "date": "2026-03-22", "width": 80, "depth": "1", "quality": "3", "dist_water": 0.3, "dist_ground": 0.1, "disturbance": 2, "abundance": 2, "memo": ""}}, {"type": "Feature", "geometry": {"type": "Point", "coordinates": [127.947967, 37.075411]}, "properties": {"id": "GT-73", "type": "배설물", "ws": "목계수위표", "date": "2026-03-22", "width": 80, "depth": "1", "quality": "3", "dist_water": 0.3, "dist_ground": 0.1, "disturbance": 2, "abundance": 2, "memo": ""}}, {"type": "Feature", "geometry": {"type": "Point", "coordinates": [127.947946, 37.075393]}, "properties": {"id": "GT-74", "type": "배설물", "ws": "목계수위표", "date": "2026-03-22", "width": 80, "depth": "1", "quality": "3", "dist_water": 0.3, "dist_ground": 0.1, "disturbance": 2, "abundance": 2, "memo": ""}}, {"type": "Feature", "geometry": {"type": "Point", "coordinates": [127.947753, 37.07528]}, "properties": {"id": "GT-75", "type": "배설물", "ws": "목계수위표", "date": "2026-03-22", "width": 80, "depth": "1", "quality": "3", "dist_water": 0.3, "dist_ground": 0.1, "disturbance": 2, "abundance": 2, "memo": ""}}, {"type": "Feature", "geometry": {"type": "Point", "coordinates": [127.947775, 37.07528]}, "properties": {"id": "GT-76", "type": "배설물", "ws": "목계수위표", "date": "2026-03-22", "width": 80, "depth": "1", "quality": "3", "dist_water": 0.3, "dist_ground": 0.1, "disturbance": 2, "abundance": 2, "memo": ""}}, {"type": "Feature", "geometry": {"type": "Point", "coordinates": [127.947805, 37.075279]}, "properties": {"id": "GT-77", "type": "배설물", "ws": "목계수위표", "date": "2026-03-22", "width": 80, "depth": "1", "quality": "3", "dist_water": 0.3, "dist_ground": 0.1, "disturbance": 2, "abundance": 2, "memo": ""}}, {"type": "Feature", "geometry": {"type": "Point", "coordinates": [127.947838, 37.075279]}, "properties": {"id": "GT-78", "type": "배설물", "ws": "목계수위표", "date": "2026-03-22", "width": 80, "depth": "1", "quality": "3", "dist_water": 0.3, "dist_ground": 0.1, "disturbance": 2, "abundance": 2, "memo": ""}}, {"type": "Feature", "geometry": {"type": "Point", "coordinates": [127.94787, 37.075279]}, "properties": {"id": "GT-79", "type": "배설물", "ws": "목계수위표", "date": "2026-03-22", "width": 80, "depth": "1", "quality": "3", "dist_water": 0.3, "dist_ground": 0.1, "disturbance": 2, "abundance": 2, "memo": ""}}, {"type": "Feature", "geometry": {"type": "Point", "coordinates": [127.945976, 37.075665]}, "properties": {"id": "GT-80", "type": "배설물", "ws": "목계수위표", "date": "2026-03-22", "width": 66, "depth": "2", "quality": "3", "dist_water": 0.6, "dist_ground": 0.3, "disturbance": 2, "abundance": 3, "memo": ""}}, {"type": "Feature", "geometry": {"type": "Point", "coordinates": [127.945044, 37.075534]}, "properties": {"id": "GT-81", "type": "배설물", "ws": "목계수위표", "date": "2026-03-22", "width": 66, "depth": "2", "quality": "3", "dist_water": 0.6, "dist_ground": 0.3, "disturbance": 2, "abundance": 3, "memo": ""}}, {"type": "Feature", "geometry": {"type": "Point", "coordinates": [127.940776, 37.076585]}, "properties": {"id": "GT-82", "type": "배설물", "ws": "목계수위표", "date": "2026-03-22", "width": 84, "depth": "1", "quality": "3", "dist_water": 0.6, "dist_ground": 0.0, "disturbance": 2, "abundance": 2, "memo": ""}}, {"type": "Feature", "geometry": {"type": "Point", "coordinates": [127.939014, 37.076649]}, "properties": {"id": "GT-83", "type": "배설물", "ws": "목계수위표", "date": "2026-03-22", "width": 84, "depth": "1", "quality": "3", "dist_water": 0.6, "dist_ground": 0.0, "disturbance": 2, "abundance": 2, "memo": ""}}, {"type": "Feature", "geometry": {"type": "Point", "coordinates": [127.933157, 37.075299]}, "properties": {"id": "GT-84", "type": "배설물", "ws": "목계수위표", "date": "2026-03-22", "width": 67, "depth": "2", "quality": "3", "dist_water": 0.5, "dist_ground": 0.3, "disturbance": 2, "abundance": 2, "memo": ""}}, {"type": "Feature", "geometry": {"type": "Point", "coordinates": [127.93318, 37.075285]}, "properties": {"id": "GT-85", "type": "배설물", "ws": "목계수위표", "date": "2026-03-22", "width": 67, "depth": "2", "quality": "3", "dist_water": 0.5, "dist_ground": 0.3, "disturbance": 2, "abundance": 2, "memo": ""}}, {"type": "Feature", "geometry": {"type": "Point", "coordinates": [127.933262, 37.075044]}, "properties": {"id": "GT-86", "type": "배설물", "ws": "목계수위표", "date": "2026-03-22", "width": 67, "depth": "2", "quality": "3", "dist_water": 0.5, "dist_ground": 0.3, "disturbance": 2, "abundance": 2, "memo": ""}}, {"type": "Feature", "geometry": {"type": "Point", "coordinates": [127.933271, 37.07503]}, "properties": {"id": "GT-87", "type": "배설물", "ws": "목계수위표", "date": "2026-03-22", "width": 67, "depth": "2", "quality": "3", "dist_water": 0.5, "dist_ground": 0.3, "disturbance": 2, "abundance": 2, "memo": ""}}, {"type": "Feature", "geometry": {"type": "Point", "coordinates": [127.933277, 37.075012]}, "properties": {"id": "GT-88", "type": "배설물", "ws": "목계수위표", "date": "2026-03-22", "width": 67, "depth": "2", "quality": "3", "dist_water": 0.5, "dist_ground": 0.3, "disturbance": 2, "abundance": 2, "memo": ""}}, {"type": "Feature", "geometry": {"type": "Point", "coordinates": [127.933168, 37.074938]}, "properties": {"id": "GT-89", "type": "배설물", "ws": "목계수위표", "date": "2026-03-22", "width": 67, "depth": "2", "quality": "3", "dist_water": 0.5, "dist_ground": 0.3, "disturbance": 2, "abundance": 2, "memo": ""}}, {"type": "Feature", "geometry": {"type": "Point", "coordinates": [127.932763, 37.074866]}, "properties": {"id": "GT-90", "type": "배설물", "ws": "목계수위표", "date": "2026-03-22", "width": 67, "depth": "2", "quality": "3", "dist_water": 0.5, "dist_ground": 0.3, "disturbance": 2, "abundance": 2, "memo": ""}}, {"type": "Feature", "geometry": {"type": "Point", "coordinates": [127.932729, 37.074862]}, "properties": {"id": "GT-91", "type": "배설물", "ws": "목계수위표", "date": "2026-03-22", "width": 67, "depth": "2", "quality": "3", "dist_water": 0.5, "dist_ground": 0.3, "disturbance": 2, "abundance": 2, "memo": ""}}, {"type": "Feature", "geometry": {"type": "Point", "coordinates": [127.932601, 37.074761]}, "properties": {"id": "GT-92", "type": "배설물", "ws": "목계수위표", "date": "2026-03-22", "width": 67, "depth": "2", "quality": "3", "dist_water": 0.5, "dist_ground": 0.3, "disturbance": 2, "abundance": 2, "memo": ""}}, {"type": "Feature", "geometry": {"type": "Point", "coordinates": [127.932698, 37.074892]}, "properties": {"id": "GT-93", "type": "배설물", "ws": "목계수위표", "date": "2026-03-22", "width": 67, "depth": "2", "quality": "3", "dist_water": 0.5, "dist_ground": 0.3, "disturbance": 2, "abundance": 2, "memo": ""}}, {"type": "Feature", "geometry": {"type": "Point", "coordinates": [127.932677, 37.075102]}, "properties": {"id": "GT-94", "type": "배설물", "ws": "목계수위표", "date": "2026-03-22", "width": 67, "depth": "2", "quality": "3", "dist_water": 0.5, "dist_ground": 0.3, "disturbance": 2, "abundance": 2, "memo": ""}}, {"type": "Feature", "geometry": {"type": "Point", "coordinates": [127.932646, 37.075154]}, "properties": {"id": "GT-95", "type": "발자국", "ws": "목계수위표", "date": "2026-03-22", "width": 67, "depth": "2", "quality": "3", "dist_water": 0.5, "dist_ground": 0.3, "disturbance": 2, "abundance": 2, "memo": ""}}, {"type": "Feature", "geometry": {"type": "Point", "coordinates": [127.932799, 37.075099]}, "properties": {"id": "GT-96", "type": "배설물", "ws": "목계수위표", "date": "2026-03-22", "width": 67, "depth": "2", "quality": "3", "dist_water": 0.5, "dist_ground": 0.3, "disturbance": 2, "abundance": 2, "memo": ""}}, {"type": "Feature", "geometry": {"type": "Point", "coordinates": [127.930756, 37.074706]}, "properties": {"id": "GT-97", "type": "배설물", "ws": "목계수위표", "date": "2026-03-22", "width": 85, "depth": "1", "quality": "3", "dist_water": 0.6, "dist_ground": 0.3, "disturbance": 2, "abundance": 2, "memo": ""}}, {"type": "Feature", "geometry": {"type": "Point", "coordinates": [127.930711, 37.074381]}, "properties": {"id": "GT-98", "type": "배설물", "ws": "목계수위표", "date": "2026-03-22", "width": 85, "depth": "1", "quality": "3", "dist_water": 0.6, "dist_ground": 0.3, "disturbance": 2, "abundance": 2, "memo": ""}}, {"type": "Feature", "geometry": {"type": "Point", "coordinates": [127.928253, 37.073462]}, "properties": {"id": "GT-99", "type": "배설물", "ws": "목계수위표", "date": "2026-03-22", "width": 69, "depth": "2", "quality": "3", "dist_water": 0.3, "dist_ground": 0.3, "disturbance": 2, "abundance": 3, "memo": ""}}, {"type": "Feature", "geometry": {"type": "Point", "coordinates": [127.923344, 37.073105]}, "properties": {"id": "GT-100", "type": "배설물", "ws": "목계수위표", "date": "2026-03-22", "width": 65, "depth": "2", "quality": "3", "dist_water": 0.3, "dist_ground": 0.4, "disturbance": 2, "abundance": 3, "memo": ""}}, {"type": "Feature", "geometry": {"type": "Point", "coordinates": [127.922349, 37.072931]}, "properties": {"id": "GT-101", "type": "배설물", "ws": "목계수위표", "date": "2026-03-22", "width": 65, "depth": "2", "quality": "3", "dist_water": 0.3, "dist_ground": 0.4, "disturbance": 2, "abundance": 3, "memo": ""}}, {"type": "Feature", "geometry": {"type": "Point", "coordinates": [127.922305, 37.072821]}, "properties": {"id": "GT-102", "type": "배설물", "ws": "목계수위표", "date": "2026-03-22", "width": 65, "depth": "2", "quality": "3", "dist_water": 0.3, "dist_ground": 0.4, "disturbance": 2, "abundance": 3, "memo": ""}}, {"type": "Feature", "geometry": {"type": "Point", "coordinates": [127.922171, 37.072386]}, "properties": {"id": "GT-103", "type": "배설물", "ws": "목계수위표", "date": "2026-03-22", "width": 65, "depth": "2", "quality": "3", "dist_water": 0.3, "dist_ground": 0.4, "disturbance": 2, "abundance": 3, "memo": ""}}, {"type": "Feature", "geometry": {"type": "Point", "coordinates": [127.922168, 37.072374]}, "properties": {"id": "GT-104", "type": "배설물", "ws": "목계수위표", "date": "2026-03-22", "width": 65, "depth": "2", "quality": "3", "dist_water": 0.3, "dist_ground": 0.4, "disturbance": 2, "abundance": 3, "memo": ""}}, {"type": "Feature", "geometry": {"type": "Point", "coordinates": [127.912612, 37.074554]}, "properties": {"id": "GT-107", "type": "배설물", "ws": "목계수위표", "date": "2026-03-22", "width": 76, "depth": "2", "quality": "3", "dist_water": 0.3, "dist_ground": 0.4, "disturbance": 2, "abundance": 3, "memo": ""}}, {"type": "Feature", "geometry": {"type": "Point", "coordinates": [127.910345, 37.074219]}, "properties": {"id": "GT-108", "type": "배설물", "ws": "목계수위표", "date": "2026-03-22", "width": 77, "depth": "2", "quality": "3", "dist_water": 0.3, "dist_ground": 0.2, "disturbance": 1, "abundance": 3, "memo": ""}}, {"type": "Feature", "geometry": {"type": "Point", "coordinates": [127.904107, 37.075937]}, "properties": {"id": "GT-109", "type": "배설물", "ws": "목계수위표", "date": "2026-03-22", "width": 71, "depth": "2", "quality": "3", "dist_water": 0.8, "dist_ground": 0.3, "disturbance": 2, "abundance": 2, "memo": ""}}, {"type": "Feature", "geometry": {"type": "Point", "coordinates": [127.932363, 37.097195]}, "properties": {"id": "GT-01", "type": "배설물", "ws": "목계수위표", "date": "2026-03-27", "width": 60, "depth": "2", "quality": "3", "dist_water": 10.0, "dist_ground": 5.0, "disturbance": 4, "abundance": 2, "memo": ""}}, {"type": "Feature", "geometry": {"type": "Point", "coordinates": [127.932468, 37.097602]}, "properties": {"id": "GT-02", "type": "배설물", "ws": "목계수위표", "date": "2026-03-27", "width": 60, "depth": "2", "quality": "3", "dist_water": 10.0, "dist_ground": 5.0, "disturbance": 4, "abundance": 2, "memo": ""}}, {"type": "Feature", "geometry": {"type": "Point", "coordinates": [127.932475, 37.097617]}, "properties": {"id": "GT-03", "type": "배설물", "ws": "목계수위표", "date": "2026-03-27", "width": 60, "depth": "2", "quality": "3", "dist_water": 10.0, "dist_ground": 5.0, "disturbance": 4, "abundance": 2, "memo": ""}}, {"type": "Feature", "geometry": {"type": "Point", "coordinates": [127.931754, 37.097653]}, "properties": {"id": "GT-04", "type": "배설물", "ws": "목계수위표", "date": "2026-03-27", "width": 60, "depth": "2", "quality": "3", "dist_water": 10.0, "dist_ground": 5.0, "disturbance": 4, "abundance": 2, "memo": ""}}, {"type": "Feature", "geometry": {"type": "Point", "coordinates": [127.931763, 37.097655]}, "properties": {"id": "GT-05", "type": "배설물", "ws": "목계수위표", "date": "2026-03-27", "width": 60, "depth": "2", "quality": "3", "dist_water": 10.0, "dist_ground": 5.0, "disturbance": 4, "abundance": 2, "memo": ""}}, {"type": "Feature", "geometry": {"type": "Point", "coordinates": [127.931753, 37.097641]}, "properties": {"id": "GT-06", "type": "배설물", "ws": "목계수위표", "date": "2026-03-27", "width": 60, "depth": "2", "quality": "3", "dist_water": 10.0, "dist_ground": 5.0, "disturbance": 4, "abundance": 2, "memo": ""}}, {"type": "Feature", "geometry": {"type": "Point", "coordinates": [127.93175, 37.097631]}, "properties": {"id": "GT-07", "type": "배설물", "ws": "목계수위표", "date": "2026-03-27", "width": 60, "depth": "2", "quality": "3", "dist_water": 10.0, "dist_ground": 5.0, "disturbance": 4, "abundance": 2, "memo": ""}}, {"type": "Feature", "geometry": {"type": "Point", "coordinates": [127.932142, 37.104928]}, "properties": {"id": "GT-08", "type": "배설물", "ws": "목계수위표", "date": "2026-03-27", "width": 64, "depth": "1", "quality": "3", "dist_water": 0.5, "dist_ground": 0.1, "disturbance": 1, "abundance": 1, "memo": ""}}, {"type": "Feature", "geometry": {"type": "Point", "coordinates": [127.932175, 37.104987]}, "properties": {"id": "GT-09", "type": "배설물", "ws": "목계수위표", "date": "2026-03-27", "width": 64, "depth": "1", "quality": "3", "dist_water": 0.5, "dist_ground": 0.1, "disturbance": 1, "abundance": 1, "memo": ""}}, {"type": "Feature", "geometry": {"type": "Point", "coordinates": [127.932248, 37.105087]}, "properties": {"id": "GT-10", "type": "배설물", "ws": "목계수위표", "date": "2026-03-27", "width": 64, "depth": "1", "quality": "3", "dist_water": 0.5, "dist_ground": 0.1, "disturbance": 1, "abundance": 1, "memo": ""}}, {"type": "Feature", "geometry": {"type": "Point", "coordinates": [127.929294, 37.108923]}, "properties": {"id": "GT-12", "type": "배설물", "ws": "목계수위표", "date": "2026-03-27", "width": 60, "depth": "1", "quality": "3", "dist_water": 0.3, "dist_ground": 0.3, "disturbance": 4, "abundance": 1, "memo": ""}}, {"type": "Feature", "geometry": {"type": "Point", "coordinates": [127.929166, 37.109258]}, "properties": {"id": "GT-13", "type": "배설물", "ws": "목계수위표", "date": "2026-03-27", "width": 60, "depth": "1", "quality": "3", "dist_water": 0.3, "dist_ground": 0.3, "disturbance": 4, "abundance": 1, "memo": ""}}, {"type": "Feature", "geometry": {"type": "Point", "coordinates": [127.928905, 37.110954]}, "properties": {"id": "GT-14", "type": "배설물", "ws": "목계수위표", "date": "2026-03-27", "width": 63, "depth": "1", "quality": "3", "dist_water": 0.1, "dist_ground": 0.2, "disturbance": 1, "abundance": 1, "memo": ""}}, {"type": "Feature", "geometry": {"type": "Point", "coordinates": [127.926266, 37.11452]}, "properties": {"id": "GT-15", "type": "배설물", "ws": "목계수위표", "date": "2026-03-27", "width": 41, "depth": "1", "quality": "3", "dist_water": 0.2, "dist_ground": 0.0, "disturbance": 1, "abundance": 1, "memo": ""}}, {"type": "Feature", "geometry": {"type": "Point", "coordinates": [127.925502, 37.115182]}, "properties": {"id": "GT-16", "type": "배설물", "ws": "목계수위표", "date": "2026-03-27", "width": 40, "depth": "1", "quality": "3", "dist_water": 0.2, "dist_ground": 0.2, "disturbance": 1, "abundance": 1, "memo": ""}}, {"type": "Feature", "geometry": {"type": "Point", "coordinates": [127.925495, 37.11519]}, "properties": {"id": "GT-17", "type": "배설물", "ws": "목계수위표", "date": "2026-03-27", "width": 40, "depth": "1", "quality": "3", "dist_water": 0.2, "dist_ground": 0.2, "disturbance": 1, "abundance": 1, "memo": ""}}, {"type": "Feature", "geometry": {"type": "Point", "coordinates": [127.925028, 37.115643]}, "properties": {"id": "GT-18", "type": "발자국", "ws": "목계수위표", "date": "2026-03-27", "width": 38, "depth": "1", "quality": "3", "dist_water": 0.3, "dist_ground": 0.3, "disturbance": 1, "abundance": 1, "memo": ""}}, {"type": "Feature", "geometry": {"type": "Point", "coordinates": [127.925078, 37.115692]}, "properties": {"id": "GT-19", "type": "배설물", "ws": "목계수위표", "date": "2026-03-27", "width": 38, "depth": "1", "quality": "3", "dist_water": 0.3, "dist_ground": 0.3, "disturbance": 1, "abundance": 1, "memo": ""}}, {"type": "Feature", "geometry": {"type": "Point", "coordinates": [127.924529, 37.116502]}, "properties": {"id": "GT-20", "type": "배설물", "ws": "목계수위표", "date": "2026-03-27", "width": 35, "depth": "1", "quality": "3", "dist_water": 0.1, "dist_ground": 0.1, "disturbance": 1, "abundance": 1, "memo": ""}}, {"type": "Feature", "geometry": {"type": "Point", "coordinates": [127.924581, 37.116427]}, "properties": {"id": "GT-21", "type": "배설물", "ws": "목계수위표", "date": "2026-03-27", "width": 35, "depth": "1", "quality": "3", "dist_water": 0.1, "dist_ground": 0.1, "disturbance": 1, "abundance": 1, "memo": ""}}, {"type": "Feature", "geometry": {"type": "Point", "coordinates": [127.924405, 37.116764]}, "properties": {"id": "GT-22", "type": "배설물", "ws": "목계수위표", "date": "2026-03-27", "width": 35, "depth": "1", "quality": "3", "dist_water": 0.1, "dist_ground": 0.1, "disturbance": 1, "abundance": 1, "memo": ""}}, {"type": "Feature", "geometry": {"type": "Point", "coordinates": [127.92435, 37.117042]}, "properties": {"id": "GT-23", "type": "배설물", "ws": "목계수위표", "date": "2026-03-27", "width": 35, "depth": "1", "quality": "3", "dist_water": 0.1, "dist_ground": 0.1, "disturbance": 1, "abundance": 1, "memo": ""}}, {"type": "Feature", "geometry": {"type": "Point", "coordinates": [127.922792, 37.121898]}, "properties": {"id": "GT-24", "type": "발자국", "ws": "목계수위표", "date": "2026-03-27", "width": 26, "depth": "1", "quality": "3", "dist_water": 0.2, "dist_ground": 0.0, "disturbance": 1, "abundance": 1, "memo": ""}}, {"type": "Feature", "geometry": {"type": "Point", "coordinates": [127.919535, 37.124338]}, "properties": {"id": "GT-26", "type": "배설물", "ws": "목계수위표", "date": "2026-03-27", "width": 35, "depth": "1", "quality": "3", "dist_water": 0.3, "dist_ground": 0.2, "disturbance": 1, "abundance": 2, "memo": ""}}, {"type": "Feature", "geometry": {"type": "Point", "coordinates": [127.919289, 37.124743]}, "properties": {"id": "GT-27", "type": "배설물", "ws": "목계수위표", "date": "2026-03-27", "width": 35, "depth": "1", "quality": "3", "dist_water": 0.3, "dist_ground": 0.2, "disturbance": 1, "abundance": 2, "memo": ""}}, {"type": "Feature", "geometry": {"type": "Point", "coordinates": [127.919319, 37.124711]}, "properties": {"id": "GT-28", "type": "배설물", "ws": "목계수위표", "date": "2026-03-27", "width": 35, "depth": "1", "quality": "3", "dist_water": 0.3, "dist_ground": 0.2, "disturbance": 1, "abundance": 2, "memo": ""}}, {"type": "Feature", "geometry": {"type": "Point", "coordinates": [127.919331, 37.124745]}, "properties": {"id": "GT-29", "type": "배설물", "ws": "목계수위표", "date": "2026-03-27", "width": 35, "depth": "1", "quality": "3", "dist_water": 0.3, "dist_ground": 0.2, "disturbance": 1, "abundance": 2, "memo": ""}}, {"type": "Feature", "geometry": {"type": "Point", "coordinates": [127.917884, 37.126373]}, "properties": {"id": "GT-30", "type": "배설물", "ws": "목계수위표", "date": "2026-03-27", "width": 23, "depth": "1", "quality": "3", "dist_water": 0.3, "dist_ground": 0.0, "disturbance": 1, "abundance": 2, "memo": ""}}, {"type": "Feature", "geometry": {"type": "Point", "coordinates": [127.916507, 37.129806]}, "properties": {"id": "GT-32", "type": "배설물", "ws": "목계수위표", "date": "2026-03-27", "width": 40, "depth": "1", "quality": "3", "dist_water": 0.3, "dist_ground": 0.3, "disturbance": 1, "abundance": 1, "memo": ""}}, {"type": "Feature", "geometry": {"type": "Point", "coordinates": [127.916891, 37.12991]}, "properties": {"id": "GT-33", "type": "배설물", "ws": "목계수위표", "date": "2026-03-27", "width": 40, "depth": "1", "quality": "3", "dist_water": 0.3, "dist_ground": 0.3, "disturbance": 1, "abundance": 1, "memo": ""}}, {"type": "Feature", "geometry": {"type": "Point", "coordinates": [127.916889, 37.129922]}, "properties": {"id": "GT-34", "type": "배설물", "ws": "목계수위표", "date": "2026-03-27", "width": 40, "depth": "1", "quality": "3", "dist_water": 0.3, "dist_ground": 0.3, "disturbance": 1, "abundance": 1, "memo": ""}}, {"type": "Feature", "geometry": {"type": "Point", "coordinates": [127.914516, 37.132754]}, "properties": {"id": "GT-35", "type": "배설물", "ws": "목계수위표", "date": "2026-03-27", "width": 21, "depth": "1", "quality": "3", "dist_water": 0.1, "dist_ground": 0.1, "disturbance": 1, "abundance": 1, "memo": ""}}, {"type": "Feature", "geometry": {"type": "Point", "coordinates": [127.914004, 37.132864]}, "properties": {"id": "GT-36", "type": "배설물", "ws": "목계수위표", "date": "2026-03-27", "width": 21, "depth": "1", "quality": "3", "dist_water": 0.1, "dist_ground": 0.1, "disturbance": 1, "abundance": 1, "memo": ""}}, {"type": "Feature", "geometry": {"type": "Point", "coordinates": [127.913492, 37.133137]}, "properties": {"id": "GT-37", "type": "배설물", "ws": "목계수위표", "date": "2026-03-27", "width": 21, "depth": "1", "quality": "3", "dist_water": 0.1, "dist_ground": 0.1, "disturbance": 1, "abundance": 1, "memo": ""}}, {"type": "Feature", "geometry": {"type": "Point", "coordinates": [127.913238, 37.133369]}, "properties": {"id": "GT-38", "type": "발자국", "ws": "목계수위표", "date": "2026-03-27", "width": 21, "depth": "1", "quality": "3", "dist_water": 0.1, "dist_ground": 0.1, "disturbance": 1, "abundance": 1, "memo": ""}}, {"type": "Feature", "geometry": {"type": "Point", "coordinates": [127.911282, 37.13542]}, "properties": {"id": "GT-39", "type": "배설물", "ws": "목계수위표", "date": "2026-03-27", "width": 16, "depth": "1", "quality": "3", "dist_water": 0.2, "dist_ground": 0.2, "disturbance": 1, "abundance": 1, "memo": ""}}, {"type": "Feature", "geometry": {"type": "Point", "coordinates": [127.910157, 37.136399]}, "properties": {"id": "GT-40", "type": "배설물", "ws": "목계수위표", "date": "2026-03-27", "width": 12, "depth": "1", "quality": "3", "dist_water": 0.1, "dist_ground": 0.3, "disturbance": 1, "abundance": 1, "memo": ""}}, {"type": "Feature", "geometry": {"type": "Point", "coordinates": [127.909142, 37.137808]}, "properties": {"id": "GT-41", "type": "배설물", "ws": "목계수위표", "date": "2026-03-27", "width": 12, "depth": "1", "quality": "3", "dist_water": 0.1, "dist_ground": 0.1, "disturbance": 1, "abundance": 1, "memo": ""}}, {"type": "Feature", "geometry": {"type": "Point", "coordinates": [127.909093, 37.137822]}, "properties": {"id": "GT-42", "type": "배설물", "ws": "목계수위표", "date": "2026-03-27", "width": 12, "depth": "1", "quality": "3", "dist_water": 0.1, "dist_ground": 0.1, "disturbance": 1, "abundance": 1, "memo": ""}}, {"type": "Feature", "geometry": {"type": "Point", "coordinates": [127.909088, 37.13783]}, "properties": {"id": "GT-43", "type": "발자국", "ws": "목계수위표", "date": "2026-03-27", "width": 12, "depth": "1", "quality": "3", "dist_water": 0.1, "dist_ground": 0.1, "disturbance": 1, "abundance": 1, "memo": ""}}, {"type": "Feature", "geometry": {"type": "Point", "coordinates": [127.909084, 37.137839]}, "properties": {"id": "GT-44", "type": "배설물", "ws": "목계수위표", "date": "2026-03-27", "width": 12, "depth": "1", "quality": "3", "dist_water": 0.1, "dist_ground": 0.1, "disturbance": 1, "abundance": 1, "memo": ""}}, {"type": "Feature", "geometry": {"type": "Point", "coordinates": [127.909081, 37.14023]}, "properties": {"id": "GT-45", "type": "배설물", "ws": "목계수위표", "date": "2026-03-27", "width": 10, "depth": "1", "quality": "3", "dist_water": 0.2, "dist_ground": 0.3, "disturbance": 1, "abundance": 1, "memo": ""}}, {"type": "Feature", "geometry": {"type": "Point", "coordinates": [127.909083, 37.140224]}, "properties": {"id": "GT-46", "type": "배설물", "ws": "목계수위표", "date": "2026-03-27", "width": 10, "depth": "1", "quality": "3", "dist_water": 0.2, "dist_ground": 0.3, "disturbance": 1, "abundance": 1, "memo": ""}}, {"type": "Feature", "geometry": {"type": "Point", "coordinates": [127.909143, 37.141155]}, "properties": {"id": "GT-47", "type": "배설물", "ws": "목계수위표", "date": "2026-03-27", "width": 8, "depth": "1", "quality": "3", "dist_water": 0.2, "dist_ground": 0.5, "disturbance": 1, "abundance": 1, "memo": ""}}, {"type": "Feature", "geometry": {"type": "Point", "coordinates": [127.910368, 37.142991]}, "properties": {"id": "GT-48", "type": "배설물", "ws": "목계수위표", "date": "2026-03-27", "width": 7, "depth": "5", "quality": "4", "dist_water": 0.5, "dist_ground": 0.6, "disturbance": 1, "abundance": 3, "memo": ""}}, {"type": "Feature", "geometry": {"type": "Point", "coordinates": [127.909186, 37.146323]}, "properties": {"id": "GT-49", "type": "배설물", "ws": "목계수위표", "date": "2026-03-27", "width": 7, "depth": "5", "quality": "4", "dist_water": 0.1, "dist_ground": 0.5, "disturbance": 1, "abundance": 3, "memo": ""}}, {"type": "Feature", "geometry": {"type": "Point", "coordinates": [127.909208, 37.146335]}, "properties": {"id": "GT-50", "type": "배설물", "ws": "목계수위표", "date": "2026-03-27", "width": 7, "depth": "5", "quality": "4", "dist_water": 0.1, "dist_ground": 0.5, "disturbance": 1, "abundance": 3, "memo": ""}}, {"type": "Feature", "geometry": {"type": "Point", "coordinates": [127.909209, 37.146343]}, "properties": {"id": "GT-51", "type": "배설물", "ws": "목계수위표", "date": "2026-03-27", "width": 7, "depth": "5", "quality": "4", "dist_water": 0.1, "dist_ground": 0.5, "disturbance": 1, "abundance": 3, "memo": ""}}, {"type": "Feature", "geometry": {"type": "Point", "coordinates": [127.909217, 37.146358]}, "properties": {"id": "GT-52", "type": "배설물", "ws": "목계수위표", "date": "2026-03-27", "width": 7, "depth": "5", "quality": "4", "dist_water": 0.1, "dist_ground": 0.5, "disturbance": 1, "abundance": 3, "memo": ""}}, {"type": "Feature", "geometry": {"type": "Point", "coordinates": [127.963873, 37.111944]}, "properties": {"id": "GT-55", "type": "배설물", "ws": "목계수위표", "date": "2026-03-27", "width": 17, "depth": "1", "quality": "3", "dist_water": 1.0, "dist_ground": 0.1, "disturbance": 1, "abundance": 1, "memo": ""}}, {"type": "Feature", "geometry": {"type": "Point", "coordinates": [127.963883, 37.111946]}, "properties": {"id": "GT-56", "type": "배설물", "ws": "목계수위표", "date": "2026-03-27", "width": 17, "depth": "1", "quality": "3", "dist_water": 1.0, "dist_ground": 0.1, "disturbance": 1, "abundance": 1, "memo": ""}}, {"type": "Feature", "geometry": {"type": "Point", "coordinates": [127.963327, 37.108329]}, "properties": {"id": "GT-58", "type": "배설물", "ws": "목계수위표", "date": "2026-03-27", "width": 20, "depth": "1", "quality": "3", "dist_water": 0.3, "dist_ground": 0.3, "disturbance": 1, "abundance": 2, "memo": ""}}, {"type": "Feature", "geometry": {"type": "Point", "coordinates": [127.963328, 37.108332]}, "properties": {"id": "GT-59", "type": "배설물", "ws": "목계수위표", "date": "2026-03-27", "width": 20, "depth": "1", "quality": "3", "dist_water": 0.3, "dist_ground": 0.3, "disturbance": 1, "abundance": 2, "memo": ""}}, {"type": "Feature", "geometry": {"type": "Point", "coordinates": [127.963328, 37.108339]}, "properties": {"id": "GT-60", "type": "배설물", "ws": "목계수위표", "date": "2026-03-27", "width": 20, "depth": "1", "quality": "3", "dist_water": 0.3, "dist_ground": 0.3, "disturbance": 1, "abundance": 2, "memo": ""}}, {"type": "Feature", "geometry": {"type": "Point", "coordinates": [127.963325, 37.108338]}, "properties": {"id": "GT-61", "type": "배설물", "ws": "목계수위표", "date": "2026-03-27", "width": 20, "depth": "1", "quality": "3", "dist_water": 0.3, "dist_ground": 0.3, "disturbance": 1, "abundance": 2, "memo": ""}}, {"type": "Feature", "geometry": {"type": "Point", "coordinates": [127.963323, 37.108339]}, "properties": {"id": "GT-62", "type": "배설물", "ws": "목계수위표", "date": "2026-03-27", "width": 20, "depth": "1", "quality": "3", "dist_water": 0.3, "dist_ground": 0.3, "disturbance": 1, "abundance": 2, "memo": ""}}, {"type": "Feature", "geometry": {"type": "Point", "coordinates": [127.963328, 37.108345]}, "properties": {"id": "GT-63", "type": "배설물", "ws": "목계수위표", "date": "2026-03-27", "width": 20, "depth": "1", "quality": "3", "dist_water": 0.3, "dist_ground": 0.3, "disturbance": 1, "abundance": 2, "memo": ""}}, {"type": "Feature", "geometry": {"type": "Point", "coordinates": [127.963323, 37.108346]}, "properties": {"id": "GT-64", "type": "배설물", "ws": "목계수위표", "date": "2026-03-27", "width": 20, "depth": "1", "quality": "3", "dist_water": 0.3, "dist_ground": 0.3, "disturbance": 1, "abundance": 2, "memo": ""}}, {"type": "Feature", "geometry": {"type": "Point", "coordinates": [127.963402, 37.106452]}, "properties": {"id": "GT-65", "type": "배설물", "ws": "목계수위표", "date": "2026-03-27", "width": 29, "depth": "1", "quality": "3", "dist_water": 5.0, "dist_ground": 0.1, "disturbance": 1, "abundance": 1, "memo": ""}}, {"type": "Feature", "geometry": {"type": "Point", "coordinates": [127.963402, 37.10646]}, "properties": {"id": "GT-66", "type": "배설물", "ws": "목계수위표", "date": "2026-03-27", "width": 29, "depth": "1", "quality": "3", "dist_water": 5.0, "dist_ground": 0.1, "disturbance": 1, "abundance": 1, "memo": ""}}, {"type": "Feature", "geometry": {"type": "Point", "coordinates": [127.963411, 37.106457]}, "properties": {"id": "GT-67", "type": "배설물", "ws": "목계수위표", "date": "2026-03-27", "width": 29, "depth": "1", "quality": "3", "dist_water": 5.0, "dist_ground": 0.1, "disturbance": 1, "abundance": 1, "memo": ""}}, {"type": "Feature", "geometry": {"type": "Point", "coordinates": [127.96345, 37.106457]}, "properties": {"id": "GT-68", "type": "배설물", "ws": "목계수위표", "date": "2026-03-27", "width": 29, "depth": "1", "quality": "3", "dist_water": 1.0, "dist_ground": 0.1, "disturbance": 1, "abundance": 1, "memo": ""}}, {"type": "Feature", "geometry": {"type": "Point", "coordinates": [127.963598, 37.10647]}, "properties": {"id": "GT-69", "type": "배설물", "ws": "목계수위표", "date": "2026-03-27", "width": 29, "depth": "1", "quality": "3", "dist_water": 5.0, "dist_ground": 0.1, "disturbance": 1, "abundance": 1, "memo": ""}}, {"type": "Feature", "geometry": {"type": "Point", "coordinates": [127.963322, 37.105373]}, "properties": {"id": "GT-70", "type": "배설물", "ws": "목계수위표", "date": "2026-03-27", "width": 24, "depth": "1", "quality": "3", "dist_water": 0.3, "dist_ground": 0.1, "disturbance": 1, "abundance": 2, "memo": ""}}, {"type": "Feature", "geometry": {"type": "Point", "coordinates": [127.963155, 37.105424]}, "properties": {"id": "GT-71", "type": "배설물", "ws": "목계수위표", "date": "2026-03-27", "width": 24, "depth": "1", "quality": "3", "dist_water": 0.3, "dist_ground": 0.1, "disturbance": 1, "abundance": 2, "memo": ""}}, {"type": "Feature", "geometry": {"type": "Point", "coordinates": [127.962721, 37.104202]}, "properties": {"id": "GT-72", "type": "배설물", "ws": "목계수위표", "date": "2026-03-27", "width": 26, "depth": "1", "quality": "3", "dist_water": 0.5, "dist_ground": 0.1, "disturbance": 1, "abundance": 2, "memo": ""}}, {"type": "Feature", "geometry": {"type": "Point", "coordinates": [127.96272, 37.104174]}, "properties": {"id": "GT-73", "type": "배설물", "ws": "목계수위표", "date": "2026-03-27", "width": 26, "depth": "1", "quality": "3", "dist_water": 0.5, "dist_ground": 0.1, "disturbance": 1, "abundance": 2, "memo": ""}}, {"type": "Feature", "geometry": {"type": "Point", "coordinates": [127.962766, 37.104172]}, "properties": {"id": "GT-74", "type": "배설물", "ws": "목계수위표", "date": "2026-03-27", "width": 26, "depth": "1", "quality": "3", "dist_water": 0.5, "dist_ground": 0.1, "disturbance": 1, "abundance": 2, "memo": ""}}, {"type": "Feature", "geometry": {"type": "Point", "coordinates": [127.963643, 37.10261]}, "properties": {"id": "GT-75", "type": "배설물", "ws": "목계수위표", "date": "2026-03-27", "width": 28, "depth": "1", "quality": "3", "dist_water": 0.1, "dist_ground": 0.2, "disturbance": 1, "abundance": 3, "memo": ""}}, {"type": "Feature", "geometry": {"type": "Point", "coordinates": [127.963636, 37.102611]}, "properties": {"id": "GT-76", "type": "배설물", "ws": "목계수위표", "date": "2026-03-27", "width": 28, "depth": "1", "quality": "3", "dist_water": 0.1, "dist_ground": 0.2, "disturbance": 1, "abundance": 3, "memo": ""}}, {"type": "Feature", "geometry": {"type": "Point", "coordinates": [127.96363, 37.102616]}, "properties": {"id": "GT-77", "type": "배설물", "ws": "목계수위표", "date": "2026-03-27", "width": 28, "depth": "1", "quality": "3", "dist_water": 0.1, "dist_ground": 0.2, "disturbance": 1, "abundance": 3, "memo": ""}}, {"type": "Feature", "geometry": {"type": "Point", "coordinates": [127.963632, 37.102607]}, "properties": {"id": "GT-78", "type": "배설물", "ws": "목계수위표", "date": "2026-03-27", "width": 28, "depth": "1", "quality": "3", "dist_water": 0.1, "dist_ground": 0.2, "disturbance": 1, "abundance": 3, "memo": ""}}, {"type": "Feature", "geometry": {"type": "Point", "coordinates": [127.963638, 37.102605]}, "properties": {"id": "GT-79", "type": "배설물", "ws": "목계수위표", "date": "2026-03-27", "width": 28, "depth": "1", "quality": "3", "dist_water": 0.1, "dist_ground": 0.2, "disturbance": 1, "abundance": 3, "memo": ""}}, {"type": "Feature", "geometry": {"type": "Point", "coordinates": [127.963626, 37.102566]}, "properties": {"id": "GT-80", "type": "배설물", "ws": "목계수위표", "date": "2026-03-27", "width": 28, "depth": "1", "quality": "3", "dist_water": 0.1, "dist_ground": 0.2, "disturbance": 1, "abundance": 3, "memo": ""}}, {"type": "Feature", "geometry": {"type": "Point", "coordinates": [127.963633, 37.102562]}, "properties": {"id": "GT-81", "type": "배설물", "ws": "목계수위표", "date": "2026-03-27", "width": 28, "depth": "1", "quality": "3", "dist_water": 0.1, "dist_ground": 0.2, "disturbance": 1, "abundance": 3, "memo": ""}}, {"type": "Feature", "geometry": {"type": "Point", "coordinates": [127.963653, 37.102337]}, "properties": {"id": "GT-82", "type": "배설물", "ws": "목계수위표", "date": "2026-03-27", "width": 28, "depth": "1", "quality": "3", "dist_water": 0.1, "dist_ground": 0.2, "disturbance": 1, "abundance": 3, "memo": ""}}, {"type": "Feature", "geometry": {"type": "Point", "coordinates": [127.963662, 37.102333]}, "properties": {"id": "GT-83", "type": "배설물", "ws": "목계수위표", "date": "2026-03-27", "width": 28, "depth": "1", "quality": "3", "dist_water": 0.1, "dist_ground": 0.2, "disturbance": 1, "abundance": 3, "memo": ""}}, {"type": "Feature", "geometry": {"type": "Point", "coordinates": [127.963626, 37.102425]}, "properties": {"id": "GT-84", "type": "배설물", "ws": "목계수위표", "date": "2026-03-27", "width": 28, "depth": "1", "quality": "3", "dist_water": 0.1, "dist_ground": 0.2, "disturbance": 1, "abundance": 3, "memo": ""}}, {"type": "Feature", "geometry": {"type": "Point", "coordinates": [127.963634, 37.102423]}, "properties": {"id": "GT-85", "type": "배설물", "ws": "목계수위표", "date": "2026-03-27", "width": 28, "depth": "1", "quality": "3", "dist_water": 0.1, "dist_ground": 0.2, "disturbance": 1, "abundance": 3, "memo": ""}}, {"type": "Feature", "geometry": {"type": "Point", "coordinates": [127.963632, 37.102427]}, "properties": {"id": "GT-86", "type": "배설물", "ws": "목계수위표", "date": "2026-03-27", "width": 28, "depth": "1", "quality": "3", "dist_water": 0.1, "dist_ground": 0.2, "disturbance": 1, "abundance": 3, "memo": ""}}, {"type": "Feature", "geometry": {"type": "Point", "coordinates": [127.963944, 37.102246]}, "properties": {"id": "GT-87", "type": "배설물", "ws": "목계수위표", "date": "2026-03-27", "width": 28, "depth": "1", "quality": "3", "dist_water": 0.1, "dist_ground": 0.2, "disturbance": 1, "abundance": 3, "memo": ""}}, {"type": "Feature", "geometry": {"type": "Point", "coordinates": [127.964171, 37.098766]}, "properties": {"id": "GT-88", "type": "배설물", "ws": "목계수위표", "date": "2026-03-27", "width": 31, "depth": "1", "quality": "3", "dist_water": 0.1, "dist_ground": 0.2, "disturbance": 1, "abundance": 1, "memo": ""}}, {"type": "Feature", "geometry": {"type": "Point", "coordinates": [127.963497, 37.098157]}, "properties": {"id": "GT-89", "type": "배설물", "ws": "목계수위표", "date": "2026-03-27", "width": 31, "depth": "1", "quality": "3", "dist_water": 0.1, "dist_ground": 0.5, "disturbance": 1, "abundance": 2, "memo": ""}}, {"type": "Feature", "geometry": {"type": "Point", "coordinates": [127.963551, 37.093799]}, "properties": {"id": "GT-91", "type": "배설물", "ws": "목계수위표", "date": "2026-03-27", "width": 33, "depth": "1", "quality": "3", "dist_water": 0.3, "dist_ground": 0.3, "disturbance": 1, "abundance": 1, "memo": ""}}, {"type": "Feature", "geometry": {"type": "Point", "coordinates": [127.963307, 37.093032]}, "properties": {"id": "GT-92", "type": "배설물", "ws": "목계수위표", "date": "2026-03-27", "width": 39, "depth": "1", "quality": "3", "dist_water": 0.1, "dist_ground": 0.2, "disturbance": 1, "abundance": 1, "memo": ""}}, {"type": "Feature", "geometry": {"type": "Point", "coordinates": [127.963247, 37.093035]}, "properties": {"id": "GT-93", "type": "배설물", "ws": "목계수위표", "date": "2026-03-27", "width": 39, "depth": "1", "quality": "3", "dist_water": 0.1, "dist_ground": 0.2, "disturbance": 1, "abundance": 1, "memo": ""}}, {"type": "Feature", "geometry": {"type": "Point", "coordinates": [127.963235, 37.093037]}, "properties": {"id": "GT-94", "type": "배설물", "ws": "목계수위표", "date": "2026-03-27", "width": 39, "depth": "1", "quality": "3", "dist_water": 0.1, "dist_ground": 0.2, "disturbance": 1, "abundance": 1, "memo": ""}}, {"type": "Feature", "geometry": {"type": "Point", "coordinates": [127.962927, 37.093024]}, "properties": {"id": "GT-95", "type": "배설물", "ws": "목계수위표", "date": "2026-03-27", "width": 39, "depth": "1", "quality": "3", "dist_water": 0.1, "dist_ground": 0.2, "disturbance": 1, "abundance": 1, "memo": ""}}, {"type": "Feature", "geometry": {"type": "Point", "coordinates": [127.963046, 37.093025]}, "properties": {"id": "GT-96", "type": "배설물", "ws": "목계수위표", "date": "2026-03-27", "width": 39, "depth": "1", "quality": "3", "dist_water": 0.1, "dist_ground": 0.2, "disturbance": 1, "abundance": 1, "memo": ""}}, {"type": "Feature", "geometry": {"type": "Point", "coordinates": [127.963056, 37.093031]}, "properties": {"id": "GT-97", "type": "배설물", "ws": "목계수위표", "date": "2026-03-27", "width": 39, "depth": "1", "quality": "3", "dist_water": 0.1, "dist_ground": 0.2, "disturbance": 1, "abundance": 1, "memo": ""}}, {"type": "Feature", "geometry": {"type": "Point", "coordinates": [127.963056, 37.093025]}, "properties": {"id": "GT-98", "type": "배설물", "ws": "목계수위표", "date": "2026-03-27", "width": 39, "depth": "1", "quality": "3", "dist_water": 0.1, "dist_ground": 0.2, "disturbance": 1, "abundance": 1, "memo": ""}}, {"type": "Feature", "geometry": {"type": "Point", "coordinates": [127.962681, 37.092195]}, "properties": {"id": "GT-99", "type": "배설물", "ws": "목계수위표", "date": "2026-03-27", "width": 28, "depth": "1", "quality": "3", "dist_water": 0.1, "dist_ground": 0.2, "disturbance": 1, "abundance": 1, "memo": ""}}, {"type": "Feature", "geometry": {"type": "Point", "coordinates": [127.961715, 37.091004]}, "properties": {"id": "GT-100", "type": "배설물", "ws": "목계수위표", "date": "2026-03-27", "width": 35, "depth": "1", "quality": "3", "dist_water": 0.1, "dist_ground": 0.2, "disturbance": 1, "abundance": 2, "memo": ""}}, {"type": "Feature", "geometry": {"type": "Point", "coordinates": [127.960979, 37.0905]}, "properties": {"id": "GT-101", "type": "배설물", "ws": "목계수위표", "date": "2026-03-27", "width": 35, "depth": "1", "quality": "3", "dist_water": 0.1, "dist_ground": 0.2, "disturbance": 1, "abundance": 2, "memo": ""}}, {"type": "Feature", "geometry": {"type": "Point", "coordinates": [127.961005, 37.090474]}, "properties": {"id": "GT-102", "type": "배설물", "ws": "목계수위표", "date": "2026-03-27", "width": 35, "depth": "1", "quality": "3", "dist_water": 0.1, "dist_ground": 0.2, "disturbance": 1, "abundance": 2, "memo": ""}}, {"type": "Feature", "geometry": {"type": "Point", "coordinates": [127.955389, 37.083193]}, "properties": {"id": "GT-104", "type": "배설물", "ws": "목계수위표", "date": "2026-03-27", "width": 50, "depth": "1", "quality": "3", "dist_water": 0.1, "dist_ground": 0.2, "disturbance": 2, "abundance": 2, "memo": ""}}, {"type": "Feature", "geometry": {"type": "Point", "coordinates": [127.954033, 37.082182]}, "properties": {"id": "GT-105", "type": "배설물", "ws": "목계수위표", "date": "2026-03-27", "width": 44, "depth": "1", "quality": "3", "dist_water": 0.3, "dist_ground": 0.3, "disturbance": 2, "abundance": 2, "memo": ""}}, {"type": "Feature", "geometry": {"type": "Point", "coordinates": [127.954015, 37.082168]}, "properties": {"id": "GT-106", "type": "배설물", "ws": "목계수위표", "date": "2026-03-27", "width": 44, "depth": "1", "quality": "3", "dist_water": 0.3, "dist_ground": 0.3, "disturbance": 2, "abundance": 2, "memo": ""}}, {"type": "Feature", "geometry": {"type": "Point", "coordinates": [127.953999, 37.082153]}, "properties": {"id": "GT-107", "type": "배설물", "ws": "목계수위표", "date": "2026-03-27", "width": 44, "depth": "1", "quality": "3", "dist_water": 0.3, "dist_ground": 0.3, "disturbance": 2, "abundance": 2, "memo": ""}}, {"type": "Feature", "geometry": {"type": "Point", "coordinates": [127.953988, 37.082142]}, "properties": {"id": "GT-108", "type": "배설물", "ws": "목계수위표", "date": "2026-03-27", "width": 44, "depth": "1", "quality": "3", "dist_water": 0.3, "dist_ground": 0.3, "disturbance": 2, "abundance": 2, "memo": ""}}, {"type": "Feature", "geometry": {"type": "Point", "coordinates": [127.95397, 37.082193]}, "properties": {"id": "GT-109", "type": "배설물", "ws": "목계수위표", "date": "2026-03-27", "width": 44, "depth": "1", "quality": "3", "dist_water": 0.3, "dist_ground": 0.3, "disturbance": 2, "abundance": 2, "memo": ""}}, {"type": "Feature", "geometry": {"type": "Point", "coordinates": [127.953902, 37.082148]}, "properties": {"id": "GT-110", "type": "배설물", "ws": "목계수위표", "date": "2026-03-27", "width": 44, "depth": "1", "quality": "3", "dist_water": 0.3, "dist_ground": 0.3, "disturbance": 2, "abundance": 2, "memo": ""}}, {"type": "Feature", "geometry": {"type": "Point", "coordinates": [127.951407, 37.078824]}, "properties": {"id": "GT-111", "type": "배설물", "ws": "목계수위표", "date": "2026-03-27", "width": 59, "depth": "1", "quality": "3", "dist_water": 0.3, "dist_ground": 0.5, "disturbance": 4, "abundance": 1, "memo": ""}}, {"type": "Feature", "geometry": {"type": "Point", "coordinates": [127.951421, 37.078802]}, "properties": {"id": "GT-112", "type": "배설물", "ws": "목계수위표", "date": "2026-03-27", "width": 59, "depth": "1", "quality": "3", "dist_water": 0.3, "dist_ground": 0.5, "disturbance": 4, "abundance": 1, "memo": ""}}, {"type": "Feature", "geometry": {"type": "Point", "coordinates": [127.951471, 37.078766]}, "properties": {"id": "GT-113", "type": "배설물", "ws": "목계수위표", "date": "2026-03-27", "width": 59, "depth": "1", "quality": "3", "dist_water": 0.3, "dist_ground": 0.5, "disturbance": 4, "abundance": 1, "memo": ""}}, {"type": "Feature", "geometry": {"type": "Point", "coordinates": [127.951451, 37.078732]}, "properties": {"id": "GT-114", "type": "배설물", "ws": "목계수위표", "date": "2026-03-27", "width": 59, "depth": "1", "quality": "3", "dist_water": 0.3, "dist_ground": 0.5, "disturbance": 4, "abundance": 1, "memo": ""}}, {"type": "Feature", "geometry": {"type": "Point", "coordinates": [127.951451, 37.078717]}, "properties": {"id": "GT-115", "type": "배설물", "ws": "목계수위표", "date": "2026-03-27", "width": 59, "depth": "1", "quality": "3", "dist_water": 0.3, "dist_ground": 0.5, "disturbance": 4, "abundance": 1, "memo": ""}}, {"type": "Feature", "geometry": {"type": "Point", "coordinates": [127.951473, 37.078665]}, "properties": {"id": "GT-116", "type": "배설물", "ws": "목계수위표", "date": "2026-03-27", "width": 59, "depth": "1", "quality": "3", "dist_water": 0.3, "dist_ground": 0.5, "disturbance": 4, "abundance": 1, "memo": ""}}, {"type": "Feature", "geometry": {"type": "Point", "coordinates": [127.951366, 37.0787]}, "properties": {"id": "GT-117", "type": "배설물", "ws": "목계수위표", "date": "2026-03-27", "width": 59, "depth": "1", "quality": "3", "dist_water": 0.3, "dist_ground": 0.5, "disturbance": 4, "abundance": 1, "memo": ""}}, {"type": "Feature", "geometry": {"type": "Point", "coordinates": [127.951949, 37.075674]}, "properties": {"id": "GT-118", "type": "배설물", "ws": "목계수위표", "date": "2026-03-27", "width": 48, "depth": "1", "quality": "3", "dist_water": 1.0, "dist_ground": 0.2, "disturbance": 1, "abundance": 1, "memo": ""}}, {"type": "Feature", "geometry": {"type": "Point", "coordinates": [127.950551, 37.075146]}, "properties": {"id": "GT-119", "type": "배설물", "ws": "목계수위표", "date": "2026-03-27", "width": 48, "depth": "1", "quality": "3", "dist_water": 1.0, "dist_ground": 0.2, "disturbance": 1, "abundance": 1, "memo": ""}}, {"type": "Feature", "geometry": {"type": "Point", "coordinates": [127.951044, 37.075278]}, "properties": {"id": "GT-120", "type": "배설물", "ws": "목계수위표", "date": "2026-03-27", "width": 48, "depth": "1", "quality": "3", "dist_water": 1.0, "dist_ground": 0.2, "disturbance": 1, "abundance": 1, "memo": ""}}, {"type": "Feature", "geometry": {"type": "Point", "coordinates": [127.95112, 37.075227]}, "properties": {"id": "GT-121", "type": "배설물", "ws": "목계수위표", "date": "2026-03-27", "width": 48, "depth": "1", "quality": "3", "dist_water": 1.0, "dist_ground": 0.2, "disturbance": 1, "abundance": 1, "memo": ""}}, {"type": "Feature", "geometry": {"type": "Point", "coordinates": [127.953342, 37.076767]}, "properties": {"id": "GT-122", "type": "배설물", "ws": "목계수위표", "date": "2026-03-27", "width": 6, "depth": "1", "quality": "3", "dist_water": 1.0, "dist_ground": 0.2, "disturbance": 1, "abundance": 2, "memo": ""}}, {"type": "Feature", "geometry": {"type": "Point", "coordinates": [127.953283, 37.076777]}, "properties": {"id": "GT-123", "type": "배설물", "ws": "목계수위표", "date": "2026-03-27", "width": 6, "depth": "1", "quality": "3", "dist_water": 1.0, "dist_ground": 0.2, "disturbance": 1, "abundance": 2, "memo": ""}}, {"type": "Feature", "geometry": {"type": "Point", "coordinates": [127.955272, 37.077023]}, "properties": {"id": "GT-124", "type": "배설물", "ws": "목계수위표", "date": "2026-03-27", "width": 16, "depth": "1", "quality": "3", "dist_water": 3.0, "dist_ground": 0.1, "disturbance": 1, "abundance": 2, "memo": ""}}, {"type": "Feature", "geometry": {"type": "Point", "coordinates": [127.955244, 37.077024]}, "properties": {"id": "GT-125", "type": "배설물", "ws": "목계수위표", "date": "2026-03-27", "width": 16, "depth": "1", "quality": "3", "dist_water": 3.0, "dist_ground": 0.1, "disturbance": 1, "abundance": 2, "memo": ""}}, {"type": "Feature", "geometry": {"type": "Point", "coordinates": [127.936454, 37.096001]}, "properties": {"id": "DH-03", "type": "발자국", "ws": "목계수위표", "date": "2026-03-27", "width": 8, "depth": "1", "quality": "3", "dist_water": 0.5, "dist_ground": 0.1, "disturbance": 2, "abundance": 2, "memo": ""}}, {"type": "Feature", "geometry": {"type": "Point", "coordinates": [127.93689, 37.095439]}, "properties": {"id": "DH-05", "type": "배설물", "ws": "목계수위표", "date": "2026-03-27", "width": 12, "depth": "1", "quality": "3", "dist_water": 0.1, "dist_ground": 0.1, "disturbance": 2, "abundance": 2, "memo": ""}}, {"type": "Feature", "geometry": {"type": "Point", "coordinates": [127.936906, 37.095465]}, "properties": {"id": "DH-06", "type": "배설물", "ws": "목계수위표", "date": "2026-03-27", "width": 12, "depth": "1", "quality": "3", "dist_water": 0.1, "dist_ground": 0.1, "disturbance": 2, "abundance": 2, "memo": ""}}, {"type": "Feature", "geometry": {"type": "Point", "coordinates": [127.938791, 37.094989]}, "properties": {"id": "DH-07", "type": "배설물", "ws": "목계수위표", "date": "2026-03-27", "width": 12, "depth": "1", "quality": "3", "dist_water": 0.8, "dist_ground": 0.2, "disturbance": 2, "abundance": 2, "memo": ""}}, {"type": "Feature", "geometry": {"type": "Point", "coordinates": [127.941252, 37.095424]}, "properties": {"id": "DH-08", "type": "배설물", "ws": "목계수위표", "date": "2026-03-27", "width": 11, "depth": "1", "quality": "3", "dist_water": 0.2, "dist_ground": 0.1, "disturbance": 2, "abundance": 2, "memo": ""}}, {"type": "Feature", "geometry": {"type": "Point", "coordinates": [127.942764, 37.095253]}, "properties": {"id": "DH-09", "type": "배설물", "ws": "목계수위표", "date": "2026-03-27", "width": 11, "depth": "1", "quality": "3", "dist_water": 0.2, "dist_ground": 0.1, "disturbance": 2, "abundance": 2, "memo": ""}}, {"type": "Feature", "geometry": {"type": "Point", "coordinates": [127.943775, 37.094291]}, "properties": {"id": "DH-10", "type": "배설물", "ws": "목계수위표", "date": "2026-03-27", "width": 9, "depth": "1", "quality": "3", "dist_water": 0.4, "dist_ground": 0.1, "disturbance": 2, "abundance": 2, "memo": ""}}, {"type": "Feature", "geometry": {"type": "Point", "coordinates": [127.943763, 37.09433]}, "properties": {"id": "DH-11", "type": "배설물", "ws": "목계수위표", "date": "2026-03-27", "width": 9, "depth": "1", "quality": "3", "dist_water": 0.4, "dist_ground": 0.1, "disturbance": 2, "abundance": 2, "memo": ""}}, {"type": "Feature", "geometry": {"type": "Point", "coordinates": [127.945116, 37.096186]}, "properties": {"id": "DH-13", "type": "배설물", "ws": "목계수위표", "date": "2026-03-27", "width": 8, "depth": "1", "quality": "3", "dist_water": 0.1, "dist_ground": 0.2, "disturbance": 1, "abundance": 1, "memo": ""}}, {"type": "Feature", "geometry": {"type": "Point", "coordinates": [127.944957, 37.096179]}, "properties": {"id": "DH-14", "type": "배설물", "ws": "목계수위표", "date": "2026-03-27", "width": 8, "depth": "1", "quality": "3", "dist_water": 0.1, "dist_ground": 0.2, "disturbance": 1, "abundance": 1, "memo": ""}}, {"type": "Feature", "geometry": {"type": "Point", "coordinates": [127.925901, 37.118492]}, "properties": {"id": "DH-16", "type": "배설물", "ws": "목계수위표", "date": "2026-03-27", "width": 50, "depth": "1", "quality": "3", "dist_water": 3.0, "dist_ground": 0.2, "disturbance": 2, "abundance": 2, "memo": ""}}, {"type": "Feature", "geometry": {"type": "Point", "coordinates": [127.925903, 37.118569]}, "properties": {"id": "DH-17", "type": "배설물", "ws": "목계수위표", "date": "2026-03-27", "width": 50, "depth": "1", "quality": "3", "dist_water": 3.0, "dist_ground": 0.2, "disturbance": 2, "abundance": 2, "memo": ""}}, {"type": "Feature", "geometry": {"type": "Point", "coordinates": [127.925889, 37.118556]}, "properties": {"id": "DH-18", "type": "배설물", "ws": "목계수위표", "date": "2026-03-27", "width": 50, "depth": "1", "quality": "3", "dist_water": 3.0, "dist_ground": 0.2, "disturbance": 2, "abundance": 2, "memo": ""}}, {"type": "Feature", "geometry": {"type": "Point", "coordinates": [127.925885, 37.118553]}, "properties": {"id": "DH-19", "type": "배설물", "ws": "목계수위표", "date": "2026-03-27", "width": 50, "depth": "1", "quality": "3", "dist_water": 3.0, "dist_ground": 0.2, "disturbance": 2, "abundance": 2, "memo": ""}}, {"type": "Feature", "geometry": {"type": "Point", "coordinates": [127.925878, 37.11855]}, "properties": {"id": "DH-20", "type": "배설물", "ws": "목계수위표", "date": "2026-03-27", "width": 50, "depth": "1", "quality": "3", "dist_water": 3.0, "dist_ground": 0.2, "disturbance": 2, "abundance": 2, "memo": ""}}, {"type": "Feature", "geometry": {"type": "Point", "coordinates": [127.925871, 37.118546]}, "properties": {"id": "DH-21", "type": "배설물", "ws": "목계수위표", "date": "2026-03-27", "width": 50, "depth": "1", "quality": "3", "dist_water": 3.0, "dist_ground": 0.2, "disturbance": 2, "abundance": 2, "memo": ""}}, {"type": "Feature", "geometry": {"type": "Point", "coordinates": [127.925864, 37.118543]}, "properties": {"id": "DH-22", "type": "배설물", "ws": "목계수위표", "date": "2026-03-27", "width": 50, "depth": "1", "quality": "3", "dist_water": 3.0, "dist_ground": 0.2, "disturbance": 2, "abundance": 2, "memo": ""}}, {"type": "Feature", "geometry": {"type": "Point", "coordinates": [127.925858, 37.118539]}, "properties": {"id": "DH-23", "type": "배설물", "ws": "목계수위표", "date": "2026-03-27", "width": 50, "depth": "1", "quality": "3", "dist_water": 3.0, "dist_ground": 0.2, "disturbance": 2, "abundance": 2, "memo": ""}}, {"type": "Feature", "geometry": {"type": "Point", "coordinates": [127.925849, 37.118536]}, "properties": {"id": "DH-24", "type": "배설물", "ws": "목계수위표", "date": "2026-03-27", "width": 50, "depth": "1", "quality": "3", "dist_water": 3.0, "dist_ground": 0.2, "disturbance": 2, "abundance": 2, "memo": ""}}, {"type": "Feature", "geometry": {"type": "Point", "coordinates": [127.925859, 37.118617]}, "properties": {"id": "DH-25", "type": "배설물", "ws": "목계수위표", "date": "2026-03-27", "width": 50, "depth": "1", "quality": "3", "dist_water": 3.0, "dist_ground": 0.2, "disturbance": 2, "abundance": 2, "memo": ""}}, {"type": "Feature", "geometry": {"type": "Point", "coordinates": [127.925845, 37.11861]}, "properties": {"id": "DH-26", "type": "배설물", "ws": "목계수위표", "date": "2026-03-27", "width": 50, "depth": "1", "quality": "3", "dist_water": 3.0, "dist_ground": 0.2, "disturbance": 2, "abundance": 2, "memo": ""}}, {"type": "Feature", "geometry": {"type": "Point", "coordinates": [127.925843, 37.118608]}, "properties": {"id": "DH-27", "type": "배설물", "ws": "목계수위표", "date": "2026-03-27", "width": 50, "depth": "1", "quality": "3", "dist_water": 3.0, "dist_ground": 0.2, "disturbance": 2, "abundance": 2, "memo": ""}}, {"type": "Feature", "geometry": {"type": "Point", "coordinates": [127.92584, 37.118606]}, "properties": {"id": "DH-28", "type": "배설물", "ws": "목계수위표", "date": "2026-03-27", "width": 50, "depth": "1", "quality": "3", "dist_water": 3.0, "dist_ground": 0.2, "disturbance": 2, "abundance": 2, "memo": ""}}, {"type": "Feature", "geometry": {"type": "Point", "coordinates": [127.925838, 37.118605]}, "properties": {"id": "DH-29", "type": "배설물", "ws": "목계수위표", "date": "2026-03-27", "width": 50, "depth": "1", "quality": "3", "dist_water": 3.0, "dist_ground": 0.2, "disturbance": 2, "abundance": 2, "memo": ""}}, {"type": "Feature", "geometry": {"type": "Point", "coordinates": [127.925834, 37.118603]}, "properties": {"id": "DH-30", "type": "배설물", "ws": "목계수위표", "date": "2026-03-27", "width": 50, "depth": "1", "quality": "3", "dist_water": 3.0, "dist_ground": 0.2, "disturbance": 2, "abundance": 2, "memo": ""}}, {"type": "Feature", "geometry": {"type": "Point", "coordinates": [127.925715, 37.118812]}, "properties": {"id": "DH-31", "type": "배설물", "ws": "목계수위표", "date": "2026-03-27", "width": 50, "depth": "1", "quality": "3", "dist_water": 3.0, "dist_ground": 0.2, "disturbance": 2, "abundance": 2, "memo": ""}}, {"type": "Feature", "geometry": {"type": "Point", "coordinates": [127.925705, 37.118808]}, "properties": {"id": "DH-32", "type": "배설물", "ws": "목계수위표", "date": "2026-03-27", "width": 50, "depth": "1", "quality": "3", "dist_water": 3.0, "dist_ground": 0.2, "disturbance": 2, "abundance": 2, "memo": ""}}, {"type": "Feature", "geometry": {"type": "Point", "coordinates": [127.925696, 37.118802]}, "properties": {"id": "DH-33", "type": "배설물", "ws": "목계수위표", "date": "2026-03-27", "width": 50, "depth": "1", "quality": "3", "dist_water": 3.0, "dist_ground": 0.2, "disturbance": 2, "abundance": 2, "memo": ""}}, {"type": "Feature", "geometry": {"type": "Point", "coordinates": [127.925685, 37.118841]}, "properties": {"id": "DH-34", "type": "배설물", "ws": "목계수위표", "date": "2026-03-27", "width": 50, "depth": "1", "quality": "3", "dist_water": 3.0, "dist_ground": 0.2, "disturbance": 2, "abundance": 2, "memo": ""}}, {"type": "Feature", "geometry": {"type": "Point", "coordinates": [127.93143, 37.119199]}, "properties": {"id": "DH-36", "type": "배설물", "ws": "목계수위표", "date": "2026-03-27", "width": 7, "depth": "1", "quality": "3", "dist_water": 2.0, "dist_ground": 0.3, "disturbance": 2, "abundance": 2, "memo": ""}}, {"type": "Feature", "geometry": {"type": "Point", "coordinates": [127.933544, 37.118869]}, "properties": {"id": "DH-37", "type": "배설물", "ws": "목계수위표", "date": "2026-03-27", "width": 8, "depth": "1", "quality": "3", "dist_water": 0.1, "dist_ground": 0.2, "disturbance": 2, "abundance": 2, "memo": ""}}, {"type": "Feature", "geometry": {"type": "Point", "coordinates": [127.941137, 37.120626]}, "properties": {"id": "DH-38", "type": "배설물", "ws": "목계수위표", "date": "2026-03-27", "width": 6, "depth": "1", "quality": "3", "dist_water": 0.1, "dist_ground": 0.2, "disturbance": 2, "abundance": 2, "memo": ""}}, {"type": "Feature", "geometry": {"type": "Point", "coordinates": [127.941146, 37.120628]}, "properties": {"id": "DH-39", "type": "배설물", "ws": "목계수위표", "date": "2026-03-27", "width": 6, "depth": "1", "quality": "3", "dist_water": 0.1, "dist_ground": 0.2, "disturbance": 2, "abundance": 2, "memo": ""}}, {"type": "Feature", "geometry": {"type": "Point", "coordinates": [127.930514, 37.137295]}, "properties": {"id": "DH-48", "type": "배설물", "ws": "목계수위표", "date": "2026-03-27", "width": 5, "depth": "1", "quality": "2", "dist_water": 1.0, "dist_ground": 0.3, "disturbance": 2, "abundance": 2, "memo": ""}}, {"type": "Feature", "geometry": {"type": "Point", "coordinates": [127.93053, 37.137305]}, "properties": {"id": "DH-49", "type": "배설물", "ws": "목계수위표", "date": "2026-03-27", "width": 5, "depth": "1", "quality": "2", "dist_water": 1.0, "dist_ground": 0.3, "disturbance": 2, "abundance": 2, "memo": ""}}, {"type": "Feature", "geometry": {"type": "Point", "coordinates": [127.927712, 37.138739]}, "properties": {"id": "DH-50", "type": "배설물", "ws": "목계수위표", "date": "2026-03-27", "width": 7, "depth": "1", "quality": "3", "dist_water": 0.3, "dist_ground": 0.2, "disturbance": 2, "abundance": 2, "memo": ""}}, {"type": "Feature", "geometry": {"type": "Point", "coordinates": [127.927724, 37.138749]}, "properties": {"id": "DH-51", "type": "배설물", "ws": "목계수위표", "date": "2026-03-27", "width": 7, "depth": "1", "quality": "3", "dist_water": 0.3, "dist_ground": 0.2, "disturbance": 2, "abundance": 2, "memo": ""}}, {"type": "Feature", "geometry": {"type": "Point", "coordinates": [127.951055, 37.137247]}, "properties": {"id": "DH-58", "type": "배설물", "ws": "목계수위표", "date": "2026-03-27", "width": 10, "depth": "1", "quality": "3", "dist_water": 1.0, "dist_ground": 0.3, "disturbance": 2, "abundance": 3, "memo": ""}}, {"type": "Feature", "geometry": {"type": "Point", "coordinates": [127.951041, 37.137249]}, "properties": {"id": "DH-59", "type": "배설물", "ws": "목계수위표", "date": "2026-03-27", "width": 10, "depth": "1", "quality": "3", "dist_water": 1.0, "dist_ground": 0.3, "disturbance": 2, "abundance": 3, "memo": ""}}, {"type": "Feature", "geometry": {"type": "Point", "coordinates": [127.952313, 37.137787]}, "properties": {"id": "DH-60", "type": "배설물", "ws": "목계수위표", "date": "2026-03-27", "width": 8, "depth": "1", "quality": "3", "dist_water": 1.0, "dist_ground": 0.2, "disturbance": 2, "abundance": 2, "memo": ""}}, {"type": "Feature", "geometry": {"type": "Point", "coordinates": [127.948839, 37.139358]}, "properties": {"id": "DH-63", "type": "배설물", "ws": "목계수위표", "date": "2026-03-27", "width": 14, "depth": "1", "quality": "3", "dist_water": 0.2, "dist_ground": 0.2, "disturbance": 2, "abundance": 3, "memo": ""}}, {"type": "Feature", "geometry": {"type": "Point", "coordinates": [127.948854, 37.13936]}, "properties": {"id": "DH-64", "type": "배설물", "ws": "목계수위표", "date": "2026-03-27", "width": 14, "depth": "1", "quality": "3", "dist_water": 0.2, "dist_ground": 0.2, "disturbance": 2, "abundance": 3, "memo": ""}}, {"type": "Feature", "geometry": {"type": "Point", "coordinates": [127.963766, 37.106107]}, "properties": {"id": "DH-67", "type": "배설물", "ws": "목계수위표", "date": "2026-03-27", "width": 11, "depth": "1", "quality": "3", "dist_water": 0.1, "dist_ground": 0.1, "disturbance": 2, "abundance": 2, "memo": "비닐"}}, {"type": "Feature", "geometry": {"type": "Point", "coordinates": [127.965152, 37.107654]}, "properties": {"id": "DH-68", "type": "배설물", "ws": "목계수위표", "date": "2026-03-27", "width": 7, "depth": "1", "quality": "3", "dist_water": 1.0, "dist_ground": 0.5, "disturbance": 2, "abundance": 2, "memo": ""}}, {"type": "Feature", "geometry": {"type": "Point", "coordinates": [127.965145, 37.107607]}, "properties": {"id": "DH-69", "type": "배설물", "ws": "목계수위표", "date": "2026-03-27", "width": 7, "depth": "1", "quality": "3", "dist_water": 1.0, "dist_ground": 0.5, "disturbance": 2, "abundance": 2, "memo": ""}}, {"type": "Feature", "geometry": {"type": "Point", "coordinates": [127.965104, 37.107633]}, "properties": {"id": "DH-70", "type": "배설물", "ws": "목계수위표", "date": "2026-03-27", "width": 7, "depth": "1", "quality": "3", "dist_water": 1.0, "dist_ground": 0.5, "disturbance": 2, "abundance": 2, "memo": ""}}, {"type": "Feature", "geometry": {"type": "Point", "coordinates": [127.968629, 37.110303]}, "properties": {"id": "DH-71", "type": "배설물", "ws": "목계수위표", "date": "2026-03-27", "width": 7, "depth": "1", "quality": "3", "dist_water": 0.2, "dist_ground": 0.2, "disturbance": 2, "abundance": 2, "memo": ""}}, {"type": "Feature", "geometry": {"type": "Point", "coordinates": [127.969251, 37.111342]}, "properties": {"id": "DH-72", "type": "배설물", "ws": "목계수위표", "date": "2026-03-27", "width": 7, "depth": "1", "quality": "3", "dist_water": 0.8, "dist_ground": 0.1, "disturbance": 2, "abundance": 3, "memo": ""}}, {"type": "Feature", "geometry": {"type": "Point", "coordinates": [127.965221, 37.095402]}, "properties": {"id": "DH-74", "type": "배설물", "ws": "목계수위표", "date": "2026-03-27", "width": 22, "depth": "1", "quality": "3", "dist_water": 0.8, "dist_ground": 0.2, "disturbance": 2, "abundance": 2, "memo": ""}}, {"type": "Feature", "geometry": {"type": "Point", "coordinates": [127.969914, 37.098678]}, "properties": {"id": "DH-76", "type": "배설물", "ws": "목계수위표", "date": "2026-03-27", "width": 20, "depth": "1", "quality": "3", "dist_water": 0.5, "dist_ground": 0.3, "disturbance": 2, "abundance": 2, "memo": ""}}, {"type": "Feature", "geometry": {"type": "Point", "coordinates": [127.974313, 37.098768]}, "properties": {"id": "DH-78", "type": "배설물", "ws": "목계수위표", "date": "2026-03-27", "width": 11, "depth": "1", "quality": "3", "dist_water": 2.0, "dist_ground": 0.3, "disturbance": 2, "abundance": 2, "memo": ""}}, {"type": "Feature", "geometry": {"type": "Point", "coordinates": [127.963386, 37.09158]}, "properties": {"id": "DH-79", "type": "배설물", "ws": "목계수위표", "date": "2026-03-27", "width": 36, "depth": "1", "quality": "3", "dist_water": 0.5, "dist_ground": 0.2, "disturbance": 2, "abundance": 2, "memo": ""}}, {"type": "Feature", "geometry": {"type": "Point", "coordinates": [127.966734, 37.091872]}, "properties": {"id": "DH-80", "type": "배설물", "ws": "목계수위표", "date": "2026-03-27", "width": 19, "depth": "1", "quality": "3", "dist_water": 0.1, "dist_ground": 0.1, "disturbance": 2, "abundance": 2, "memo": ""}}, {"type": "Feature", "geometry": {"type": "Point", "coordinates": [127.950634, 37.074245]}, "properties": {"id": "DH-82", "type": "배설물", "ws": "목계수위표", "date": "2026-03-27", "width": 56, "depth": "1", "quality": "3", "dist_water": 0.3, "dist_ground": 0.2, "disturbance": 2, "abundance": 2, "memo": ""}}, {"type": "Feature", "geometry": {"type": "Point", "coordinates": [127.950642, 37.074238]}, "properties": {"id": "DH-83", "type": "배설물", "ws": "목계수위표", "date": "2026-03-27", "width": 56, "depth": "1", "quality": "3", "dist_water": 0.3, "dist_ground": 0.2, "disturbance": 2, "abundance": 2, "memo": ""}}, {"type": "Feature", "geometry": {"type": "Point", "coordinates": [127.950648, 37.07423]}, "properties": {"id": "DH-84", "type": "배설물", "ws": "목계수위표", "date": "2026-03-27", "width": 56, "depth": "1", "quality": "3", "dist_water": 0.3, "dist_ground": 0.2, "disturbance": 2, "abundance": 2, "memo": ""}}, {"type": "Feature", "geometry": {"type": "Point", "coordinates": [127.950656, 37.074222]}, "properties": {"id": "DH-85", "type": "배설물", "ws": "목계수위표", "date": "2026-03-27", "width": 56, "depth": "1", "quality": "3", "dist_water": 0.3, "dist_ground": 0.2, "disturbance": 2, "abundance": 2, "memo": ""}}, {"type": "Feature", "geometry": {"type": "Point", "coordinates": [127.961958, 37.072845]}, "properties": {"id": "DH-88", "type": "배설물", "ws": "목계수위표", "date": "2026-03-27", "width": 26, "depth": "1", "quality": "3", "dist_water": 2.0, "dist_ground": 0.5, "disturbance": 2, "abundance": 2, "memo": ""}}, {"type": "Feature", "geometry": {"type": "Point", "coordinates": [127.961942, 37.072844]}, "properties": {"id": "DH-89", "type": "배설물", "ws": "목계수위표", "date": "2026-03-27", "width": 26, "depth": "1", "quality": "3", "dist_water": 2.0, "dist_ground": 0.5, "disturbance": 2, "abundance": 2, "memo": ""}}, {"type": "Feature", "geometry": {"type": "Point", "coordinates": [127.961937, 37.072844]}, "properties": {"id": "DH-90", "type": "배설물", "ws": "목계수위표", "date": "2026-03-27", "width": 26, "depth": "1", "quality": "3", "dist_water": 2.0, "dist_ground": 0.5, "disturbance": 2, "abundance": 2, "memo": ""}}, {"type": "Feature", "geometry": {"type": "Point", "coordinates": [127.96193, 37.072844]}, "properties": {"id": "DH-91", "type": "배설물", "ws": "목계수위표", "date": "2026-03-27", "width": 26, "depth": "1", "quality": "3", "dist_water": 2.0, "dist_ground": 0.5, "disturbance": 2, "abundance": 2, "memo": ""}}, {"type": "Feature", "geometry": {"type": "Point", "coordinates": [127.961921, 37.072846]}, "properties": {"id": "DH-92", "type": "배설물", "ws": "목계수위표", "date": "2026-03-27", "width": 26, "depth": "1", "quality": "3", "dist_water": 2.0, "dist_ground": 0.5, "disturbance": 2, "abundance": 2, "memo": ""}}, {"type": "Feature", "geometry": {"type": "Point", "coordinates": [127.966838, 37.073609]}, "properties": {"id": "Dh-93", "type": "배설물", "ws": "목계수위표", "date": "2026-03-27", "width": 26, "depth": "1", "quality": "3", "dist_water": 2.0, "dist_ground": 1.0, "disturbance": 2, "abundance": 2, "memo": ""}}, {"type": "Feature", "geometry": {"type": "Point", "coordinates": [127.98453, 37.073917]}, "properties": {"id": "DH-95", "type": "배설물", "ws": "목계수위표", "date": "2026-03-27", "width": 30, "depth": "1", "quality": "3", "dist_water": 1.0, "dist_ground": 0.3, "disturbance": 2, "abundance": 3, "memo": ""}}, {"type": "Feature", "geometry": {"type": "Point", "coordinates": [127.984517, 37.073918]}, "properties": {"id": "DH-96", "type": "배설물", "ws": "목계수위표", "date": "2026-03-27", "width": 30, "depth": "1", "quality": "3", "dist_water": 1.0, "dist_ground": 0.3, "disturbance": 2, "abundance": 3, "memo": ""}}, {"type": "Feature", "geometry": {"type": "Point", "coordinates": [127.984496, 37.073916]}, "properties": {"id": "DH-97", "type": "배설물", "ws": "목계수위표", "date": "2026-03-27", "width": 30, "depth": "1", "quality": "3", "dist_water": 1.0, "dist_ground": 0.3, "disturbance": 2, "abundance": 3, "memo": ""}}, {"type": "Feature", "geometry": {"type": "Point", "coordinates": [127.967851, 37.063134]}, "properties": {"id": "DH-103", "type": "배설물", "ws": "목계수위표", "date": "2026-03-27", "width": 12, "depth": "1", "quality": "3", "dist_water": 2.0, "dist_ground": 0.4, "disturbance": 2, "abundance": 3, "memo": ""}}, {"type": "Feature", "geometry": {"type": "Point", "coordinates": [127.967895, 37.063123]}, "properties": {"id": "DH-104", "type": "배설물", "ws": "목계수위표", "date": "2026-03-27", "width": 12, "depth": "1", "quality": "3", "dist_water": 2.0, "dist_ground": 0.4, "disturbance": 2, "abundance": 3, "memo": ""}}, {"type": "Feature", "geometry": {"type": "Point", "coordinates": [127.966306, 37.064837]}, "properties": {"id": "DH-105", "type": "배설물", "ws": "목계수위표", "date": "2026-03-27", "width": 7, "depth": "1", "quality": "3", "dist_water": 0.5, "dist_ground": 0.3, "disturbance": 2, "abundance": 2, "memo": ""}}, {"type": "Feature", "geometry": {"type": "Point", "coordinates": [127.966293, 37.064842]}, "properties": {"id": "DH-106", "type": "배설물", "ws": "목계수위표", "date": "2026-03-27", "width": 7, "depth": "1", "quality": "3", "dist_water": 0.5, "dist_ground": 0.3, "disturbance": 2, "abundance": 2, "memo": ""}}, {"type": "Feature", "geometry": {"type": "Point", "coordinates": [127.966282, 37.064849]}, "properties": {"id": "DH-107", "type": "배설물", "ws": "목계수위표", "date": "2026-03-27", "width": 7, "depth": "1", "quality": "3", "dist_water": 0.5, "dist_ground": 0.3, "disturbance": 2, "abundance": 2, "memo": ""}}, {"type": "Feature", "geometry": {"type": "Point", "coordinates": [127.960587, 37.068533]}, "properties": {"id": "DH-109", "type": "배설물", "ws": "목계수위표", "date": "2026-03-27", "width": 18, "depth": "1", "quality": "3", "dist_water": 0.4, "dist_ground": 0.1, "disturbance": 2, "abundance": 2, "memo": ""}}, {"type": "Feature", "geometry": {"type": "Point", "coordinates": [127.957969, 37.070505]}, "properties": {"id": "DH-110", "type": "배설물", "ws": "목계수위표", "date": "2026-03-27", "width": 18, "depth": "1", "quality": "3", "dist_water": 0.2, "dist_ground": 0.1, "disturbance": 2, "abundance": 2, "memo": ""}}, {"type": "Feature", "geometry": {"type": "Point", "coordinates": [127.873755, 37.086569]}, "properties": {"id": "GH-01", "type": "배설물", "ws": "목계수위표", "date": "2026-03-22", "width": 76, "depth": "1", "quality": "3", "dist_water": 2.0, "dist_ground": 0.2, "disturbance": 1, "abundance": 2, "memo": ""}}, {"type": "Feature", "geometry": {"type": "Point", "coordinates": [127.873743, 37.086566]}, "properties": {"id": "GH-02", "type": "배설물", "ws": "목계수위표", "date": "2026-03-22", "width": 76, "depth": "1", "quality": "3", "dist_water": 2.0, "dist_ground": 0.2, "disturbance": 1, "abundance": 2, "memo": ""}}, {"type": "Feature", "geometry": {"type": "Point", "coordinates": [127.87373, 37.086564]}, "properties": {"id": "GH-03", "type": "배설물", "ws": "목계수위표", "date": "2026-03-22", "width": 76, "depth": "1", "quality": "3", "dist_water": 2.0, "dist_ground": 0.2, "disturbance": 1, "abundance": 2, "memo": ""}}, {"type": "Feature", "geometry": {"type": "Point", "coordinates": [127.873613, 37.08657]}, "properties": {"id": "GH-04", "type": "배설물", "ws": "목계수위표", "date": "2026-03-22", "width": 76, "depth": "1", "quality": "3", "dist_water": 2.0, "dist_ground": 0.2, "disturbance": 1, "abundance": 2, "memo": ""}}, {"type": "Feature", "geometry": {"type": "Point", "coordinates": [127.873598, 37.08657]}, "properties": {"id": "GH-05", "type": "배설물", "ws": "목계수위표", "date": "2026-03-22", "width": 76, "depth": "1", "quality": "3", "dist_water": 2.0, "dist_ground": 0.2, "disturbance": 1, "abundance": 2, "memo": ""}}, {"type": "Feature", "geometry": {"type": "Point", "coordinates": [127.873591, 37.086566]}, "properties": {"id": "GH-06", "type": "발자국", "ws": "목계수위표", "date": "2026-03-22", "width": 76, "depth": "1", "quality": "3", "dist_water": 2.0, "dist_ground": 0.2, "disturbance": 1, "abundance": 2, "memo": ""}}, {"type": "Feature", "geometry": {"type": "Point", "coordinates": [127.873536, 37.086554]}, "properties": {"id": "GH-07", "type": "배설물", "ws": "목계수위표", "date": "2026-03-22", "width": 76, "depth": "1", "quality": "3", "dist_water": 2.0, "dist_ground": 0.2, "disturbance": 1, "abundance": 2, "memo": ""}}, {"type": "Feature", "geometry": {"type": "Point", "coordinates": [127.873618, 37.086859]}, "properties": {"id": "GH-08", "type": "배설물", "ws": "목계수위표", "date": "2026-03-22", "width": 76, "depth": "1", "quality": "3", "dist_water": 2.0, "dist_ground": 0.2, "disturbance": 1, "abundance": 2, "memo": ""}}, {"type": "Feature", "geometry": {"type": "Point", "coordinates": [127.873612, 37.086829]}, "properties": {"id": "GH-09", "type": "배설물", "ws": "목계수위표", "date": "2026-03-22", "width": 76, "depth": "1", "quality": "3", "dist_water": 2.0, "dist_ground": 0.2, "disturbance": 1, "abundance": 2, "memo": ""}}, {"type": "Feature", "geometry": {"type": "Point", "coordinates": [127.873651, 37.086838]}, "properties": {"id": "GH-10", "type": "배설물", "ws": "목계수위표", "date": "2026-03-22", "width": 76, "depth": "1", "quality": "3", "dist_water": 2.0, "dist_ground": 0.2, "disturbance": 1, "abundance": 2, "memo": ""}}, {"type": "Feature", "geometry": {"type": "Point", "coordinates": [127.873679, 37.086834]}, "properties": {"id": "GH-11", "type": "배설물", "ws": "목계수위표", "date": "2026-03-22", "width": 76, "depth": "1", "quality": "3", "dist_water": 2.0, "dist_ground": 0.2, "disturbance": 1, "abundance": 2, "memo": ""}}, {"type": "Feature", "geometry": {"type": "Point", "coordinates": [127.873688, 37.086885]}, "properties": {"id": "GH-12", "type": "배설물", "ws": "목계수위표", "date": "2026-03-22", "width": 76, "depth": "1", "quality": "3", "dist_water": 2.0, "dist_ground": 0.2, "disturbance": 1, "abundance": 2, "memo": ""}}, {"type": "Feature", "geometry": {"type": "Point", "coordinates": [127.873719, 37.086883]}, "properties": {"id": "GH-13", "type": "배설물", "ws": "목계수위표", "date": "2026-03-22", "width": 76, "depth": "1", "quality": "3", "dist_water": 2.0, "dist_ground": 0.2, "disturbance": 1, "abundance": 2, "memo": ""}}, {"type": "Feature", "geometry": {"type": "Point", "coordinates": [127.873625, 37.086884]}, "properties": {"id": "GH-14", "type": "배설물", "ws": "목계수위표", "date": "2026-03-22", "width": 76, "depth": "1", "quality": "3", "dist_water": 2.0, "dist_ground": 0.2, "disturbance": 1, "abundance": 2, "memo": ""}}, {"type": "Feature", "geometry": {"type": "Point", "coordinates": [127.873656, 37.086916]}, "properties": {"id": "GH-15", "type": "배설물", "ws": "목계수위표", "date": "2026-03-22", "width": 76, "depth": "1", "quality": "3", "dist_water": 2.0, "dist_ground": 0.2, "disturbance": 1, "abundance": 2, "memo": ""}}, {"type": "Feature", "geometry": {"type": "Point", "coordinates": [127.873661, 37.086941]}, "properties": {"id": "GH-16", "type": "배설물", "ws": "목계수위표", "date": "2026-03-22", "width": 76, "depth": "1", "quality": "3", "dist_water": 2.0, "dist_ground": 0.2, "disturbance": 1, "abundance": 2, "memo": ""}}, {"type": "Feature", "geometry": {"type": "Point", "coordinates": [127.873678, 37.086931]}, "properties": {"id": "GH-17", "type": "배설물", "ws": "목계수위표", "date": "2026-03-22", "width": 76, "depth": "1", "quality": "3", "dist_water": 2.0, "dist_ground": 0.2, "disturbance": 1, "abundance": 2, "memo": ""}}, {"type": "Feature", "geometry": {"type": "Point", "coordinates": [127.875605, 37.091623]}, "properties": {"id": "GH-18", "type": "배설물", "ws": "목계수위표", "date": "2026-03-22", "width": 45, "depth": "1", "quality": "3", "dist_water": 0.5, "dist_ground": 0.3, "disturbance": 1, "abundance": 2, "memo": ""}}, {"type": "Feature", "geometry": {"type": "Point", "coordinates": [127.875602, 37.091635]}, "properties": {"id": "GH-19", "type": "배설물", "ws": "목계수위표", "date": "2026-03-22", "width": 45, "depth": "1", "quality": "3", "dist_water": 0.5, "dist_ground": 0.3, "disturbance": 1, "abundance": 2, "memo": ""}}, {"type": "Feature", "geometry": {"type": "Point", "coordinates": [127.875621, 37.091637]}, "properties": {"id": "GH-20", "type": "배설물", "ws": "목계수위표", "date": "2026-03-22", "width": 45, "depth": "1", "quality": "3", "dist_water": 0.5, "dist_ground": 0.3, "disturbance": 1, "abundance": 2, "memo": ""}}, {"type": "Feature", "geometry": {"type": "Point", "coordinates": [127.87559, 37.091615]}, "properties": {"id": "GH-21", "type": "배설물", "ws": "목계수위표", "date": "2026-03-22", "width": 45, "depth": "1", "quality": "3", "dist_water": 0.5, "dist_ground": 0.3, "disturbance": 1, "abundance": 2, "memo": ""}}, {"type": "Feature", "geometry": {"type": "Point", "coordinates": [127.875597, 37.0916]}, "properties": {"id": "GH-22", "type": "배설물", "ws": "목계수위표", "date": "2026-03-22", "width": 45, "depth": "1", "quality": "3", "dist_water": 0.5, "dist_ground": 0.3, "disturbance": 1, "abundance": 2, "memo": ""}}, {"type": "Feature", "geometry": {"type": "Point", "coordinates": [127.875589, 37.091629]}, "properties": {"id": "GH-23", "type": "배설물", "ws": "목계수위표", "date": "2026-03-22", "width": 45, "depth": "1", "quality": "3", "dist_water": 0.5, "dist_ground": 0.3, "disturbance": 1, "abundance": 2, "memo": ""}}, {"type": "Feature", "geometry": {"type": "Point", "coordinates": [127.87551, 37.091645]}, "properties": {"id": "GH-24", "type": "배설물", "ws": "목계수위표", "date": "2026-03-22", "width": 45, "depth": "1", "quality": "3", "dist_water": 0.5, "dist_ground": 0.3, "disturbance": 1, "abundance": 2, "memo": ""}}, {"type": "Feature", "geometry": {"type": "Point", "coordinates": [127.876861, 37.093271]}, "properties": {"id": "GH-26", "type": "배설물", "ws": "목계수위표", "date": "2026-03-22", "width": 40, "depth": "1", "quality": "3", "dist_water": 0.5, "dist_ground": 0.5, "disturbance": 1, "abundance": 2, "memo": ""}}, {"type": "Feature", "geometry": {"type": "Point", "coordinates": [127.876805, 37.0933]}, "properties": {"id": "GH-25", "type": "배설물", "ws": "목계수위표", "date": "2026-03-22", "width": 40, "depth": "1", "quality": "3", "dist_water": 0.5, "dist_ground": 0.5, "disturbance": 1, "abundance": 2, "memo": ""}}, {"type": "Feature", "geometry": {"type": "Point", "coordinates": [127.876818, 37.093274]}, "properties": {"id": "GH-27", "type": "배설물", "ws": "목계수위표", "date": "2026-03-22", "width": 40, "depth": "1", "quality": "3", "dist_water": 0.5, "dist_ground": 0.5, "disturbance": 1, "abundance": 2, "memo": ""}}, {"type": "Feature", "geometry": {"type": "Point", "coordinates": [127.876719, 37.093345]}, "properties": {"id": "GH-28", "type": "배설물", "ws": "목계수위표", "date": "2026-03-22", "width": 40, "depth": "1", "quality": "3", "dist_water": 0.5, "dist_ground": 0.5, "disturbance": 1, "abundance": 2, "memo": ""}}, {"type": "Feature", "geometry": {"type": "Point", "coordinates": [127.876877, 37.093353]}, "properties": {"id": "GH-29", "type": "배설물", "ws": "목계수위표", "date": "2026-03-22", "width": 40, "depth": "1", "quality": "3", "dist_water": 0.5, "dist_ground": 0.5, "disturbance": 1, "abundance": 2, "memo": ""}}, {"type": "Feature", "geometry": {"type": "Point", "coordinates": [127.876704, 37.093359]}, "properties": {"id": "GH-30", "type": "배설물", "ws": "목계수위표", "date": "2026-03-22", "width": 40, "depth": "1", "quality": "3", "dist_water": 0.5, "dist_ground": 0.5, "disturbance": 1, "abundance": 2, "memo": ""}}, {"type": "Feature", "geometry": {"type": "Point", "coordinates": [127.876697, 37.093357]}, "properties": {"id": "GH-31", "type": "배설물", "ws": "목계수위표", "date": "2026-03-22", "width": 40, "depth": "1", "quality": "3", "dist_water": 0.5, "dist_ground": 0.5, "disturbance": 1, "abundance": 2, "memo": ""}}, {"type": "Feature", "geometry": {"type": "Point", "coordinates": [127.876906, 37.093321]}, "properties": {"id": "GH-32", "type": "배설물", "ws": "목계수위표", "date": "2026-03-22", "width": 40, "depth": "1", "quality": "3", "dist_water": 0.5, "dist_ground": 0.5, "disturbance": 1, "abundance": 2, "memo": ""}}, {"type": "Feature", "geometry": {"type": "Point", "coordinates": [127.876949, 37.093196]}, "properties": {"id": "GH-33", "type": "배설물", "ws": "목계수위표", "date": "2026-03-22", "width": 40, "depth": "1", "quality": "3", "dist_water": 0.5, "dist_ground": 0.5, "disturbance": 1, "abundance": 2, "memo": ""}}, {"type": "Feature", "geometry": {"type": "Point", "coordinates": [127.876942, 37.093195]}, "properties": {"id": "GH-34", "type": "배설물", "ws": "목계수위표", "date": "2026-03-22", "width": 40, "depth": "1", "quality": "3", "dist_water": 0.5, "dist_ground": 0.5, "disturbance": 1, "abundance": 2, "memo": ""}}, {"type": "Feature", "geometry": {"type": "Point", "coordinates": [127.876942, 37.093188]}, "properties": {"id": "GH-35", "type": "배설물", "ws": "목계수위표", "date": "2026-03-22", "width": 40, "depth": "1", "quality": "3", "dist_water": 0.5, "dist_ground": 0.5, "disturbance": 1, "abundance": 2, "memo": ""}}, {"type": "Feature", "geometry": {"type": "Point", "coordinates": [127.876935, 37.093192]}, "properties": {"id": "GH-36", "type": "배설물", "ws": "목계수위표", "date": "2026-03-22", "width": 40, "depth": "1", "quality": "3", "dist_water": 0.5, "dist_ground": 0.5, "disturbance": 1, "abundance": 2, "memo": ""}}, {"type": "Feature", "geometry": {"type": "Point", "coordinates": [127.876936, 37.09318]}, "properties": {"id": "GH-37", "type": "배설물", "ws": "목계수위표", "date": "2026-03-22", "width": 40, "depth": "1", "quality": "3", "dist_water": 0.5, "dist_ground": 0.5, "disturbance": 1, "abundance": 2, "memo": ""}}, {"type": "Feature", "geometry": {"type": "Point", "coordinates": [127.876931, 37.093186]}, "properties": {"id": "GH-38", "type": "배설물", "ws": "목계수위표", "date": "2026-03-22", "width": 40, "depth": "1", "quality": "3", "dist_water": 0.5, "dist_ground": 0.5, "disturbance": 1, "abundance": 2, "memo": ""}}, {"type": "Feature", "geometry": {"type": "Point", "coordinates": [127.877038, 37.09438]}, "properties": {"id": "GH-39", "type": "배설물", "ws": "목계수위표", "date": "2026-03-22", "width": 38, "depth": "1", "quality": "3", "dist_water": 0.3, "dist_ground": 0.1, "disturbance": 2, "abundance": 2, "memo": ""}}, {"type": "Feature", "geometry": {"type": "Point", "coordinates": [127.87869, 37.096409]}, "properties": {"id": "GH-43", "type": "배설물", "ws": "목계수위표", "date": "2026-03-22", "width": 50, "depth": "1", "quality": "3", "dist_water": 0.5, "dist_ground": 0.5, "disturbance": 2, "abundance": 2, "memo": ""}}, {"type": "Feature", "geometry": {"type": "Point", "coordinates": [127.878741, 37.09657]}, "properties": {"id": "GH-40", "type": "배설물", "ws": "목계수위표", "date": "2026-03-22", "width": 50, "depth": "1", "quality": "3", "dist_water": 0.5, "dist_ground": 0.5, "disturbance": 2, "abundance": 2, "memo": ""}}, {"type": "Feature", "geometry": {"type": "Point", "coordinates": [127.878728, 37.096555]}, "properties": {"id": "GH-41", "type": "배설물", "ws": "목계수위표", "date": "2026-03-22", "width": 50, "depth": "1", "quality": "3", "dist_water": 0.5, "dist_ground": 0.5, "disturbance": 2, "abundance": 2, "memo": ""}}, {"type": "Feature", "geometry": {"type": "Point", "coordinates": [127.878723, 37.096542]}, "properties": {"id": "GH-42", "type": "배설물", "ws": "목계수위표", "date": "2026-03-22", "width": 50, "depth": "1", "quality": "3", "dist_water": 0.5, "dist_ground": 0.5, "disturbance": 2, "abundance": 2, "memo": ""}}, {"type": "Feature", "geometry": {"type": "Point", "coordinates": [127.878795, 37.096565]}, "properties": {"id": "GH-44", "type": "배설물", "ws": "목계수위표", "date": "2026-03-22", "width": 50, "depth": "1", "quality": "3", "dist_water": 0.5, "dist_ground": 0.5, "disturbance": 2, "abundance": 2, "memo": ""}}, {"type": "Feature", "geometry": {"type": "Point", "coordinates": [127.878792, 37.096572]}, "properties": {"id": "GH-45", "type": "배설물", "ws": "목계수위표", "date": "2026-03-22", "width": 50, "depth": "1", "quality": "3", "dist_water": 0.5, "dist_ground": 0.5, "disturbance": 2, "abundance": 2, "memo": ""}}, {"type": "Feature", "geometry": {"type": "Point", "coordinates": [127.878781, 37.096571]}, "properties": {"id": "GH-46", "type": "배설물", "ws": "목계수위표", "date": "2026-03-22", "width": 50, "depth": "1", "quality": "3", "dist_water": 0.5, "dist_ground": 0.5, "disturbance": 2, "abundance": 2, "memo": ""}}, {"type": "Feature", "geometry": {"type": "Point", "coordinates": [127.878782, 37.096577]}, "properties": {"id": "GH-47", "type": "배설물", "ws": "목계수위표", "date": "2026-03-22", "width": 50, "depth": "1", "quality": "3", "dist_water": 0.5, "dist_ground": 0.5, "disturbance": 2, "abundance": 2, "memo": ""}}, {"type": "Feature", "geometry": {"type": "Point", "coordinates": [127.878708, 37.096608]}, "properties": {"id": "GH-48", "type": "배설물", "ws": "목계수위표", "date": "2026-03-22", "width": 50, "depth": "1", "quality": "3", "dist_water": 0.5, "dist_ground": 0.5, "disturbance": 2, "abundance": 2, "memo": ""}}, {"type": "Feature", "geometry": {"type": "Point", "coordinates": [127.878678, 37.096608]}, "properties": {"id": "GH-49", "type": "배설물", "ws": "목계수위표", "date": "2026-03-22", "width": 50, "depth": "1", "quality": "3", "dist_water": 0.5, "dist_ground": 0.5, "disturbance": 2, "abundance": 2, "memo": ""}}, {"type": "Feature", "geometry": {"type": "Point", "coordinates": [127.87866, 37.096684]}, "properties": {"id": "GH-50", "type": "배설물", "ws": "목계수위표", "date": "2026-03-22", "width": 50, "depth": "1", "quality": "3", "dist_water": 0.5, "dist_ground": 0.5, "disturbance": 2, "abundance": 2, "memo": ""}}, {"type": "Feature", "geometry": {"type": "Point", "coordinates": [127.878665, 37.096681]}, "properties": {"id": "GH-51", "type": "배설물", "ws": "목계수위표", "date": "2026-03-22", "width": 50, "depth": "1", "quality": "3", "dist_water": 0.5, "dist_ground": 0.5, "disturbance": 2, "abundance": 2, "memo": ""}}, {"type": "Feature", "geometry": {"type": "Point", "coordinates": [127.878674, 37.096687]}, "properties": {"id": "GH-52", "type": "배설물", "ws": "목계수위표", "date": "2026-03-22", "width": 50, "depth": "1", "quality": "3", "dist_water": 0.5, "dist_ground": 0.5, "disturbance": 2, "abundance": 2, "memo": ""}}, {"type": "Feature", "geometry": {"type": "Point", "coordinates": [127.878689, 37.096697]}, "properties": {"id": "GH-53", "type": "배설물", "ws": "목계수위표", "date": "2026-03-22", "width": 50, "depth": "1", "quality": "3", "dist_water": 0.5, "dist_ground": 0.5, "disturbance": 2, "abundance": 2, "memo": ""}}, {"type": "Feature", "geometry": {"type": "Point", "coordinates": [127.878692, 37.096696]}, "properties": {"id": "GH-54", "type": "배설물", "ws": "목계수위표", "date": "2026-03-22", "width": 50, "depth": "1", "quality": "3", "dist_water": 0.5, "dist_ground": 0.5, "disturbance": 2, "abundance": 2, "memo": ""}}, {"type": "Feature", "geometry": {"type": "Point", "coordinates": [127.8787, 37.096705]}, "properties": {"id": "GH-55", "type": "배설물", "ws": "목계수위표", "date": "2026-03-22", "width": 50, "depth": "1", "quality": "3", "dist_water": 0.5, "dist_ground": 0.5, "disturbance": 2, "abundance": 2, "memo": ""}}, {"type": "Feature", "geometry": {"type": "Point", "coordinates": [127.878691, 37.096691]}, "properties": {"id": "GH-56", "type": "배설물", "ws": "목계수위표", "date": "2026-03-22", "width": 50, "depth": "1", "quality": "3", "dist_water": 0.5, "dist_ground": 0.5, "disturbance": 2, "abundance": 2, "memo": ""}}, {"type": "Feature", "geometry": {"type": "Point", "coordinates": [127.879518, 37.097237]}, "properties": {"id": "GH-57", "type": "배설물", "ws": "목계수위표", "date": "2026-03-22", "width": 37, "depth": "1", "quality": "3", "dist_water": 0.5, "dist_ground": 0.1, "disturbance": 2, "abundance": 2, "memo": ""}}, {"type": "Feature", "geometry": {"type": "Point", "coordinates": [127.879572, 37.09722]}, "properties": {"id": "GH-58", "type": "배설물", "ws": "목계수위표", "date": "2026-03-22", "width": 37, "depth": "1", "quality": "3", "dist_water": 0.5, "dist_ground": 0.1, "disturbance": 2, "abundance": 2, "memo": ""}}, {"type": "Feature", "geometry": {"type": "Point", "coordinates": [127.880907, 37.099192]}, "properties": {"id": "GH-59", "type": "배설물", "ws": "목계수위표", "date": "2026-03-22", "width": 31, "depth": "1", "quality": "3", "dist_water": 0.3, "dist_ground": 0.5, "disturbance": 2, "abundance": 2, "memo": ""}}, {"type": "Feature", "geometry": {"type": "Point", "coordinates": [127.88068, 37.099157]}, "properties": {"id": "GH-60", "type": "배설물", "ws": "목계수위표", "date": "2026-03-22", "width": 31, "depth": "1", "quality": "3", "dist_water": 0.3, "dist_ground": 0.5, "disturbance": 2, "abundance": 2, "memo": ""}}, {"type": "Feature", "geometry": {"type": "Point", "coordinates": [127.878635, 37.102722]}, "properties": {"id": "GH-61", "type": "배설물", "ws": "목계수위표", "date": "2026-03-22", "width": 32, "depth": "1", "quality": "3", "dist_water": 0.5, "dist_ground": 0.3, "disturbance": 2, "abundance": 2, "memo": ""}}, {"type": "Feature", "geometry": {"type": "Point", "coordinates": [127.87874, 37.102742]}, "properties": {"id": "GH-62", "type": "배설물", "ws": "목계수위표", "date": "2026-03-22", "width": 32, "depth": "1", "quality": "3", "dist_water": 0.5, "dist_ground": 0.3, "disturbance": 2, "abundance": 2, "memo": ""}}, {"type": "Feature", "geometry": {"type": "Point", "coordinates": [127.878808, 37.102775]}, "properties": {"id": "GH-63", "type": "배설물", "ws": "목계수위표", "date": "2026-03-22", "width": 32, "depth": "1", "quality": "3", "dist_water": 0.5, "dist_ground": 0.3, "disturbance": 2, "abundance": 2, "memo": ""}}, {"type": "Feature", "geometry": {"type": "Point", "coordinates": [127.878819, 37.10276]}, "properties": {"id": "GH-64", "type": "배설물", "ws": "목계수위표", "date": "2026-03-22", "width": 32, "depth": "1", "quality": "3", "dist_water": 0.5, "dist_ground": 0.3, "disturbance": 2, "abundance": 2, "memo": ""}}, {"type": "Feature", "geometry": {"type": "Point", "coordinates": [127.878872, 37.102765]}, "properties": {"id": "GH-65", "type": "배설물", "ws": "목계수위표", "date": "2026-03-22", "width": 32, "depth": "1", "quality": "3", "dist_water": 0.5, "dist_ground": 0.3, "disturbance": 2, "abundance": 2, "memo": ""}}, {"type": "Feature", "geometry": {"type": "Point", "coordinates": [127.880336, 37.110324]}, "properties": {"id": "GH-69", "type": "배설물", "ws": "목계수위표", "date": "2026-03-22", "width": 24, "depth": "1", "quality": "3", "dist_water": 0.1, "dist_ground": 0.2, "disturbance": 2, "abundance": 2, "memo": ""}}, {"type": "Feature", "geometry": {"type": "Point", "coordinates": [127.879822, 37.112142]}, "properties": {"id": "GH-71", "type": "배설물", "ws": "목계수위표", "date": "2026-03-22", "width": 25, "depth": "1", "quality": "3", "dist_water": 0.3, "dist_ground": 0.1, "disturbance": 2, "abundance": 2, "memo": ""}}, {"type": "Feature", "geometry": {"type": "Point", "coordinates": [127.879879, 37.112168]}, "properties": {"id": "GH-72", "type": "배설물", "ws": "목계수위표", "date": "2026-03-22", "width": 25, "depth": "1", "quality": "3", "dist_water": 0.3, "dist_ground": 0.1, "disturbance": 2, "abundance": 2, "memo": ""}}, {"type": "Feature", "geometry": {"type": "Point", "coordinates": [127.879882, 37.112176]}, "properties": {"id": "GH-73", "type": "배설물", "ws": "목계수위표", "date": "2026-03-22", "width": 25, "depth": "1", "quality": "3", "dist_water": 0.3, "dist_ground": 0.1, "disturbance": 2, "abundance": 2, "memo": ""}}, {"type": "Feature", "geometry": {"type": "Point", "coordinates": [127.879922, 37.112185]}, "properties": {"id": "GH-74", "type": "배설물", "ws": "목계수위표", "date": "2026-03-22", "width": 25, "depth": "1", "quality": "3", "dist_water": 0.3, "dist_ground": 0.1, "disturbance": 2, "abundance": 2, "memo": ""}}, {"type": "Feature", "geometry": {"type": "Point", "coordinates": [127.879935, 37.112183]}, "properties": {"id": "GH-75", "type": "배설물", "ws": "목계수위표", "date": "2026-03-22", "width": 25, "depth": "1", "quality": "3", "dist_water": 0.3, "dist_ground": 0.1, "disturbance": 2, "abundance": 2, "memo": ""}}, {"type": "Feature", "geometry": {"type": "Point", "coordinates": [127.879259, 37.115481]}, "properties": {"id": "GH-76", "type": "배설물", "ws": "목계수위표", "date": "2026-03-22", "width": 21, "depth": "1", "quality": "3", "dist_water": 0.3, "dist_ground": 0.2, "disturbance": 2, "abundance": 2, "memo": "갈대"}}, {"type": "Feature", "geometry": {"type": "Point", "coordinates": [127.879256, 37.115474]}, "properties": {"id": "GH-77", "type": "배설물", "ws": "목계수위표", "date": "2026-03-22", "width": 21, "depth": "1", "quality": "3", "dist_water": 0.3, "dist_ground": 0.2, "disturbance": 2, "abundance": 2, "memo": "갈대"}}, {"type": "Feature", "geometry": {"type": "Point", "coordinates": [127.879844, 37.116603]}, "properties": {"id": "GH-78", "type": "배설물", "ws": "목계수위표", "date": "2026-03-22", "width": 25, "depth": "1", "quality": "3", "dist_water": 0.3, "dist_ground": 0.2, "disturbance": 2, "abundance": 3, "memo": ""}}, {"type": "Feature", "geometry": {"type": "Point", "coordinates": [127.879594, 37.116626]}, "properties": {"id": "GH-79", "type": "배설물", "ws": "목계수위표", "date": "2026-03-22", "width": 25, "depth": "1", "quality": "3", "dist_water": 0.3, "dist_ground": 0.2, "disturbance": 2, "abundance": 3, "memo": ""}}, {"type": "Feature", "geometry": {"type": "Point", "coordinates": [127.878956, 37.116808]}, "properties": {"id": "GH-80", "type": "배설물", "ws": "목계수위표", "date": "2026-03-22", "width": 12, "depth": "1", "quality": "3", "dist_water": 0.1, "dist_ground": 0.1, "disturbance": 1, "abundance": 1, "memo": ""}}, {"type": "Feature", "geometry": {"type": "Point", "coordinates": [127.878972, 37.116873]}, "properties": {"id": "GH-81", "type": "배설물", "ws": "목계수위표", "date": "2026-03-22", "width": 12, "depth": "1", "quality": "3", "dist_water": 0.1, "dist_ground": 0.1, "disturbance": 1, "abundance": 1, "memo": ""}}, {"type": "Feature", "geometry": {"type": "Point", "coordinates": [127.87896, 37.116878]}, "properties": {"id": "GH-82", "type": "배설물", "ws": "목계수위표", "date": "2026-03-22", "width": 12, "depth": "1", "quality": "3", "dist_water": 0.1, "dist_ground": 0.1, "disturbance": 1, "abundance": 1, "memo": ""}}, {"type": "Feature", "geometry": {"type": "Point", "coordinates": [127.878944, 37.11689]}, "properties": {"id": "GH-83", "type": "배설물", "ws": "목계수위표", "date": "2026-03-22", "width": 12, "depth": "1", "quality": "3", "dist_water": 0.1, "dist_ground": 0.1, "disturbance": 1, "abundance": 1, "memo": ""}}, {"type": "Feature", "geometry": {"type": "Point", "coordinates": [127.878079, 37.121769]}, "properties": {"id": "GH-85", "type": "배설물", "ws": "목계수위표", "date": "2026-03-22", "width": 42, "depth": "1", "quality": "3", "dist_water": 0.5, "dist_ground": 0.5, "disturbance": 2, "abundance": 2, "memo": ""}}, {"type": "Feature", "geometry": {"type": "Point", "coordinates": [127.878363, 37.121668]}, "properties": {"id": "GH-86", "type": "배설물", "ws": "목계수위표", "date": "2026-03-22", "width": 42, "depth": "1", "quality": "3", "dist_water": 0.5, "dist_ground": 0.5, "disturbance": 2, "abundance": 2, "memo": ""}}, {"type": "Feature", "geometry": {"type": "Point", "coordinates": [127.878086, 37.122009]}, "properties": {"id": "GH-87", "type": "배설물", "ws": "목계수위표", "date": "2026-03-22", "width": 42, "depth": "1", "quality": "3", "dist_water": 0.5, "dist_ground": 0.5, "disturbance": 2, "abundance": 2, "memo": ""}}, {"type": "Feature", "geometry": {"type": "Point", "coordinates": [127.878119, 37.121995]}, "properties": {"id": "GH-88", "type": "배설물", "ws": "목계수위표", "date": "2026-03-22", "width": 42, "depth": "1", "quality": "3", "dist_water": 0.5, "dist_ground": 0.5, "disturbance": 2, "abundance": 2, "memo": ""}}, {"type": "Feature", "geometry": {"type": "Point", "coordinates": [127.878059, 37.121996]}, "properties": {"id": "GH-89", "type": "배설물", "ws": "목계수위표", "date": "2026-03-22", "width": 42, "depth": "1", "quality": "3", "dist_water": 0.5, "dist_ground": 0.5, "disturbance": 2, "abundance": 2, "memo": "각목"}}, {"type": "Feature", "geometry": {"type": "Point", "coordinates": [127.878071, 37.121943]}, "properties": {"id": "GH-90", "type": "배설물", "ws": "목계수위표", "date": "2026-03-22", "width": 42, "depth": "1", "quality": "3", "dist_water": 0.5, "dist_ground": 0.5, "disturbance": 2, "abundance": 2, "memo": ""}}, {"type": "Feature", "geometry": {"type": "Point", "coordinates": [127.87811, 37.121936]}, "properties": {"id": "GH-91", "type": "배설물", "ws": "목계수위표", "date": "2026-03-22", "width": 42, "depth": "1", "quality": "3", "dist_water": 0.5, "dist_ground": 0.5, "disturbance": 2, "abundance": 2, "memo": ""}}, {"type": "Feature", "geometry": {"type": "Point", "coordinates": [127.878067, 37.121829]}, "properties": {"id": "GH-92", "type": "배설물", "ws": "목계수위표", "date": "2026-03-22", "width": 42, "depth": "1", "quality": "3", "dist_water": 0.5, "dist_ground": 0.5, "disturbance": 2, "abundance": 2, "memo": ""}}, {"type": "Feature", "geometry": {"type": "Point", "coordinates": [127.878101, 37.121817]}, "properties": {"id": "GH-93", "type": "배설물", "ws": "목계수위표", "date": "2026-03-22", "width": 42, "depth": "1", "quality": "3", "dist_water": 0.5, "dist_ground": 0.5, "disturbance": 2, "abundance": 2, "memo": ""}}, {"type": "Feature", "geometry": {"type": "Point", "coordinates": [127.878083, 37.12181]}, "properties": {"id": "GH-94", "type": "배설물", "ws": "목계수위표", "date": "2026-03-22", "width": 42, "depth": "1", "quality": "3", "dist_water": 0.5, "dist_ground": 0.5, "disturbance": 2, "abundance": 2, "memo": ""}}, {"type": "Feature", "geometry": {"type": "Point", "coordinates": [127.878112, 37.121801]}, "properties": {"id": "GH-95", "type": "배설물", "ws": "목계수위표", "date": "2026-03-22", "width": 42, "depth": "1", "quality": "3", "dist_water": 0.5, "dist_ground": 0.5, "disturbance": 2, "abundance": 2, "memo": ""}}, {"type": "Feature", "geometry": {"type": "Point", "coordinates": [127.878134, 37.121797]}, "properties": {"id": "GH-96", "type": "배설물", "ws": "목계수위표", "date": "2026-03-22", "width": 42, "depth": "1", "quality": "3", "dist_water": 0.5, "dist_ground": 0.5, "disturbance": 2, "abundance": 2, "memo": ""}}, {"type": "Feature", "geometry": {"type": "Point", "coordinates": [127.878126, 37.121886]}, "properties": {"id": "GH-97", "type": "배설물", "ws": "목계수위표", "date": "2026-03-22", "width": 42, "depth": "1", "quality": "3", "dist_water": 0.5, "dist_ground": 0.5, "disturbance": 2, "abundance": 2, "memo": ""}}, {"type": "Feature", "geometry": {"type": "Point", "coordinates": [127.878089, 37.121899]}, "properties": {"id": "GH-98", "type": "배설물", "ws": "목계수위표", "date": "2026-03-22", "width": 42, "depth": "1", "quality": "3", "dist_water": 0.5, "dist_ground": 0.5, "disturbance": 2, "abundance": 2, "memo": ""}}, {"type": "Feature", "geometry": {"type": "Point", "coordinates": [127.878113, 37.121753]}, "properties": {"id": "GH-99", "type": "배설물", "ws": "목계수위표", "date": "2026-03-22", "width": 42, "depth": "1", "quality": "3", "dist_water": 0.5, "dist_ground": 0.5, "disturbance": 2, "abundance": 2, "memo": ""}}, {"type": "Feature", "geometry": {"type": "Point", "coordinates": [127.877942, 37.124281]}, "properties": {"id": "GH-100", "type": "배설물", "ws": "목계수위표", "date": "2026-03-22", "width": 10, "depth": "1", "quality": "3", "dist_water": 0.3, "dist_ground": 0.5, "disturbance": 2, "abundance": 2, "memo": ""}}, {"type": "Feature", "geometry": {"type": "Point", "coordinates": [127.877915, 37.124292]}, "properties": {"id": "GH-101", "type": "배설물", "ws": "목계수위표", "date": "2026-03-22", "width": 10, "depth": "1", "quality": "3", "dist_water": 0.3, "dist_ground": 0.5, "disturbance": 2, "abundance": 2, "memo": ""}}, {"type": "Feature", "geometry": {"type": "Point", "coordinates": [127.877941, 37.1243]}, "properties": {"id": "GH-102", "type": "배설물", "ws": "목계수위표", "date": "2026-03-22", "width": 10, "depth": "1", "quality": "3", "dist_water": 0.3, "dist_ground": 0.5, "disturbance": 2, "abundance": 2, "memo": ""}}, {"type": "Feature", "geometry": {"type": "Point", "coordinates": [127.877956, 37.124301]}, "properties": {"id": "GH-103", "type": "배설물", "ws": "목계수위표", "date": "2026-03-22", "width": 10, "depth": "1", "quality": "3", "dist_water": 0.3, "dist_ground": 0.5, "disturbance": 2, "abundance": 2, "memo": ""}}, {"type": "Feature", "geometry": {"type": "Point", "coordinates": [127.8769, 37.127956]}, "properties": {"id": "GH-105", "type": "배설물", "ws": "목계수위표", "date": "2026-03-22", "width": 12, "depth": "1", "quality": "3", "dist_water": 0.2, "dist_ground": 0.5, "disturbance": 2, "abundance": 2, "memo": ""}}, {"type": "Feature", "geometry": {"type": "Point", "coordinates": [127.876865, 37.127957]}, "properties": {"id": "GH-106", "type": "배설물", "ws": "목계수위표", "date": "2026-03-22", "width": 12, "depth": "1", "quality": "3", "dist_water": 0.2, "dist_ground": 0.5, "disturbance": 2, "abundance": 2, "memo": ""}}, {"type": "Feature", "geometry": {"type": "Point", "coordinates": [127.877411, 37.128383]}, "properties": {"id": "GH-107", "type": "배설물", "ws": "목계수위표", "date": "2026-03-22", "width": 11, "depth": "1", "quality": "3", "dist_water": 0.2, "dist_ground": 0.1, "disturbance": 2, "abundance": 3, "memo": ""}}, {"type": "Feature", "geometry": {"type": "Point", "coordinates": [127.877411, 37.12837]}, "properties": {"id": "GH-108", "type": "배설물", "ws": "목계수위표", "date": "2026-03-22", "width": 11, "depth": "1", "quality": "3", "dist_water": 0.2, "dist_ground": 0.1, "disturbance": 2, "abundance": 3, "memo": ""}}, {"type": "Feature", "geometry": {"type": "Point", "coordinates": [127.879243, 37.130774]}, "properties": {"id": "GH-109", "type": "배설물", "ws": "목계수위표", "date": "2026-03-22", "width": 21, "depth": "1", "quality": "4", "dist_water": 1.0, "dist_ground": 0.3, "disturbance": 2, "abundance": 2, "memo": ""}}, {"type": "Feature", "geometry": {"type": "Point", "coordinates": [127.879286, 37.13078]}, "properties": {"id": "GH-110", "type": "배설물", "ws": "목계수위표", "date": "2026-03-22", "width": 21, "depth": "1", "quality": "4", "dist_water": 1.0, "dist_ground": 0.3, "disturbance": 2, "abundance": 2, "memo": ""}}, {"type": "Feature", "geometry": {"type": "Point", "coordinates": [127.879294, 37.130768]}, "properties": {"id": "GH-111", "type": "배설물", "ws": "목계수위표", "date": "2026-03-22", "width": 21, "depth": "1", "quality": "4", "dist_water": 1.0, "dist_ground": 0.3, "disturbance": 2, "abundance": 2, "memo": ""}}, {"type": "Feature", "geometry": {"type": "Point", "coordinates": [127.879331, 37.130728]}, "properties": {"id": "GH-112", "type": "배설물", "ws": "목계수위표", "date": "2026-03-22", "width": 21, "depth": "1", "quality": "4", "dist_water": 1.0, "dist_ground": 0.3, "disturbance": 2, "abundance": 2, "memo": ""}}, {"type": "Feature", "geometry": {"type": "Point", "coordinates": [127.881122, 37.136419]}, "properties": {"id": "GH-113", "type": "배설물", "ws": "목계수위표", "date": "2026-03-22", "width": 12, "depth": "6", "quality": "6", "dist_water": 1.0, "dist_ground": 0.5, "disturbance": 1, "abundance": 1, "memo": "건천"}}, {"type": "Feature", "geometry": {"type": "Point", "coordinates": [127.881125, 37.136405]}, "properties": {"id": "GH-114", "type": "배설물", "ws": "목계수위표", "date": "2026-03-22", "width": 12, "depth": "6", "quality": "6", "dist_water": 1.0, "dist_ground": 0.5, "disturbance": 1, "abundance": 1, "memo": "건천"}}, {"type": "Feature", "geometry": {"type": "Point", "coordinates": [127.881129, 37.136395]}, "properties": {"id": "GH-115", "type": "배설물", "ws": "목계수위표", "date": "2026-03-22", "width": 12, "depth": "6", "quality": "6", "dist_water": 1.0, "dist_ground": 0.5, "disturbance": 1, "abundance": 1, "memo": "건천"}}, {"type": "Feature", "geometry": {"type": "Point", "coordinates": [127.881225, 37.136398]}, "properties": {"id": "GH-116", "type": "배설물", "ws": "목계수위표", "date": "2026-03-22", "width": 12, "depth": "6", "quality": "6", "dist_water": 1.0, "dist_ground": 0.5, "disturbance": 1, "abundance": 1, "memo": "건천"}}, {"type": "Feature", "geometry": {"type": "Point", "coordinates": [127.881149, 37.13636]}, "properties": {"id": "GH-117", "type": "배설물", "ws": "목계수위표", "date": "2026-03-22", "width": 12, "depth": "6", "quality": "6", "dist_water": 1.0, "dist_ground": 0.5, "disturbance": 1, "abundance": 1, "memo": "건천"}}, {"type": "Feature", "geometry": {"type": "Point", "coordinates": [127.883386, 37.137926]}, "properties": {"id": "GH-118", "type": "배설물", "ws": "목계수위표", "date": "2026-03-22", "width": 300, "depth": "5", "quality": "4", "dist_water": 0.2, "dist_ground": 0.3, "disturbance": 2, "abundance": 3, "memo": ""}}, {"type": "Feature", "geometry": {"type": "Point", "coordinates": [127.881836, 37.09983]}, "properties": {"id": "GH-119", "type": "배설물", "ws": "목계수위표", "date": "2026-03-22", "width": 14, "depth": "1", "quality": "3", "dist_water": 0.2, "dist_ground": 0.1, "disturbance": 2, "abundance": 2, "memo": ""}}, {"type": "Feature", "geometry": {"type": "Point", "coordinates": [127.881824, 37.099824]}, "properties": {"id": "GH-120", "type": "배설물", "ws": "목계수위표", "date": "2026-03-22", "width": 14, "depth": "1", "quality": "3", "dist_water": 0.2, "dist_ground": 0.1, "disturbance": 2, "abundance": 2, "memo": ""}}, {"type": "Feature", "geometry": {"type": "Point", "coordinates": [127.88181, 37.099816]}, "properties": {"id": "GH-121", "type": "배설물", "ws": "목계수위표", "date": "2026-03-22", "width": 14, "depth": "1", "quality": "3", "dist_water": 0.2, "dist_ground": 0.1, "disturbance": 2, "abundance": 2, "memo": ""}}, {"type": "Feature", "geometry": {"type": "Point", "coordinates": [127.886722, 37.100192]}, "properties": {"id": "GH-122", "type": "배설물", "ws": "목계수위표", "date": "2026-03-22", "width": 8, "depth": "1", "quality": "3", "dist_water": 0.3, "dist_ground": 0.2, "disturbance": 2, "abundance": 2, "memo": ""}}, {"type": "Feature", "geometry": {"type": "Point", "coordinates": [127.888866, 37.100375]}, "properties": {"id": "GH-123", "type": "배설물", "ws": "목계수위표", "date": "2026-03-22", "width": 15, "depth": "1", "quality": "3", "dist_water": 0.3, "dist_ground": 0.2, "disturbance": 2, "abundance": 2, "memo": ""}}, {"type": "Feature", "geometry": {"type": "Point", "coordinates": [127.88886, 37.100364]}, "properties": {"id": "GH-124", "type": "배설물", "ws": "목계수위표", "date": "2026-03-22", "width": 15, "depth": "1", "quality": "3", "dist_water": 0.3, "dist_ground": 0.2, "disturbance": 2, "abundance": 2, "memo": ""}}, {"type": "Feature", "geometry": {"type": "Point", "coordinates": [127.888794, 37.100432]}, "properties": {"id": "GH-125", "type": "배설물", "ws": "목계수위표", "date": "2026-03-22", "width": 15, "depth": "1", "quality": "3", "dist_water": 0.3, "dist_ground": 0.2, "disturbance": 2, "abundance": 2, "memo": ""}}, {"type": "Feature", "geometry": {"type": "Point", "coordinates": [127.888779, 37.100425]}, "properties": {"id": "GH-126", "type": "배설물", "ws": "목계수위표", "date": "2026-03-22", "width": 15, "depth": "1", "quality": "3", "dist_water": 0.3, "dist_ground": 0.2, "disturbance": 2, "abundance": 2, "memo": ""}}, {"type": "Feature", "geometry": {"type": "Point", "coordinates": [127.891968, 37.100995]}, "properties": {"id": "GH-127", "type": "배설물", "ws": "목계수위표", "date": "2026-03-22", "width": 8, "depth": "1", "quality": "3", "dist_water": 0.1, "dist_ground": 0.1, "disturbance": 2, "abundance": 2, "memo": ""}}, {"type": "Feature", "geometry": {"type": "Point", "coordinates": [127.894711, 37.103514]}, "properties": {"id": "GH-128", "type": "배설물", "ws": "목계수위표", "date": "2026-03-22", "width": 8, "depth": "1", "quality": "3", "dist_water": 0.3, "dist_ground": 0.1, "disturbance": 2, "abundance": 2, "memo": ""}}, {"type": "Feature", "geometry": {"type": "Point", "coordinates": [127.894726, 37.103522]}, "properties": {"id": "GH-129", "type": "배설물", "ws": "목계수위표", "date": "2026-03-22", "width": 8, "depth": "1", "quality": "3", "dist_water": 0.3, "dist_ground": 0.1, "disturbance": 2, "abundance": 2, "memo": ""}}, {"type": "Feature", "geometry": {"type": "Point", "coordinates": [127.89474, 37.103518]}, "properties": {"id": "GH-130", "type": "배설물", "ws": "목계수위표", "date": "2026-03-22", "width": 8, "depth": "1", "quality": "3", "dist_water": 0.3, "dist_ground": 0.1, "disturbance": 2, "abundance": 2, "memo": ""}}, {"type": "Feature", "geometry": {"type": "Point", "coordinates": [127.894748, 37.103524]}, "properties": {"id": "GH-131", "type": "배설물", "ws": "목계수위표", "date": "2026-03-22", "width": 8, "depth": "1", "quality": "3", "dist_water": 0.3, "dist_ground": 0.1, "disturbance": 2, "abundance": 2, "memo": ""}}, {"type": "Feature", "geometry": {"type": "Point", "coordinates": [127.89966, 37.106362]}, "properties": {"id": "GH-133", "type": "배설물", "ws": "목계수위표", "date": "2026-03-22", "width": 8, "depth": "1", "quality": "3", "dist_water": 1.0, "dist_ground": 0.5, "disturbance": 2, "abundance": 2, "memo": ""}}, {"type": "Feature", "geometry": {"type": "Point", "coordinates": [127.899674, 37.10637]}, "properties": {"id": "GH-134", "type": "배설물", "ws": "목계수위표", "date": "2026-03-22", "width": 8, "depth": "1", "quality": "3", "dist_water": 1.0, "dist_ground": 0.5, "disturbance": 2, "abundance": 2, "memo": ""}}, {"type": "Feature", "geometry": {"type": "Point", "coordinates": [127.89968, 37.106365]}, "properties": {"id": "GH-135", "type": "배설물", "ws": "목계수위표", "date": "2026-03-22", "width": 8, "depth": "1", "quality": "3", "dist_water": 1.0, "dist_ground": 0.5, "disturbance": 2, "abundance": 2, "memo": ""}}, {"type": "Feature", "geometry": {"type": "Point", "coordinates": [127.899444, 37.110727]}, "properties": {"id": "GH-137", "type": "배설물", "ws": "목계수위표", "date": "2026-03-22", "width": 7, "depth": "1", "quality": "3", "dist_water": 0.2, "dist_ground": 0.1, "disturbance": 2, "abundance": 3, "memo": ""}}, {"type": "Feature", "geometry": {"type": "Point", "coordinates": [127.905671, 37.102643]}, "properties": {"id": "GH-138", "type": "배설물", "ws": "목계수위표", "date": "2026-03-22", "width": 10, "depth": "1", "quality": "3", "dist_water": 0.3, "dist_ground": 0.2, "disturbance": 2, "abundance": 2, "memo": ""}}, {"type": "Feature", "geometry": {"type": "Point", "coordinates": [127.905665, 37.10264]}, "properties": {"id": "GH-139", "type": "배설물", "ws": "목계수위표", "date": "2026-03-22", "width": 10, "depth": "1", "quality": "3", "dist_water": 0.3, "dist_ground": 0.2, "disturbance": 2, "abundance": 2, "memo": ""}}, {"type": "Feature", "geometry": {"type": "Point", "coordinates": [127.905651, 37.10263]}, "properties": {"id": "GH-140", "type": "배설물", "ws": "목계수위표", "date": "2026-03-22", "width": 10, "depth": "1", "quality": "3", "dist_water": 0.3, "dist_ground": 0.2, "disturbance": 2, "abundance": 2, "memo": ""}}, {"type": "Feature", "geometry": {"type": "Point", "coordinates": [127.905644, 37.102647]}, "properties": {"id": "GH-141", "type": "배설물", "ws": "목계수위표", "date": "2026-03-22", "width": 10, "depth": "1", "quality": "3", "dist_water": 0.3, "dist_ground": 0.2, "disturbance": 2, "abundance": 2, "memo": ""}}, {"type": "Feature", "geometry": {"type": "Point", "coordinates": [127.905613, 37.102644]}, "properties": {"id": "GH-142", "type": "배설물", "ws": "목계수위표", "date": "2026-03-22", "width": 10, "depth": "1", "quality": "3", "dist_water": 0.3, "dist_ground": 0.2, "disturbance": 2, "abundance": 2, "memo": ""}}, {"type": "Feature", "geometry": {"type": "Point", "coordinates": [127.905602, 37.102636]}, "properties": {"id": "GH-143", "type": "배설물", "ws": "목계수위표", "date": "2026-03-22", "width": 10, "depth": "1", "quality": "3", "dist_water": 0.3, "dist_ground": 0.2, "disturbance": 2, "abundance": 2, "memo": ""}}, {"type": "Feature", "geometry": {"type": "Point", "coordinates": [127.905594, 37.102645]}, "properties": {"id": "GH-144", "type": "배설물", "ws": "목계수위표", "date": "2026-03-22", "width": 10, "depth": "1", "quality": "3", "dist_water": 0.3, "dist_ground": 0.2, "disturbance": 2, "abundance": 2, "memo": "비닐"}}, {"type": "Feature", "geometry": {"type": "Point", "coordinates": [127.904747, 37.100268]}, "properties": {"id": "GH-145", "type": "배설물", "ws": "목계수위표", "date": "2026-03-22", "width": 9, "depth": "1", "quality": "3", "dist_water": 1.0, "dist_ground": 0.5, "disturbance": 2, "abundance": 2, "memo": "비닐"}}, {"type": "Feature", "geometry": {"type": "Point", "coordinates": [127.903282, 37.098951]}, "properties": {"id": "GH-147", "type": "배설물", "ws": "목계수위표", "date": "2026-03-22", "width": 8, "depth": "1", "quality": "3", "dist_water": 0.5, "dist_ground": 0.1, "disturbance": 2, "abundance": 2, "memo": "방수포"}}, {"type": "Feature", "geometry": {"type": "Point", "coordinates": [127.90329, 37.098943]}, "properties": {"id": "GH-146", "type": "배설물", "ws": "목계수위표", "date": "2026-03-22", "width": 8, "depth": "1", "quality": "3", "dist_water": 0.5, "dist_ground": 0.1, "disturbance": 2, "abundance": 2, "memo": ""}}, {"type": "Feature", "geometry": {"type": "Point", "coordinates": [127.902303, 37.09519]}, "properties": {"id": "GH-148", "type": "배설물", "ws": "목계수위표", "date": "2026-03-22", "width": 17, "depth": "1", "quality": "3", "dist_water": 1.0, "dist_ground": 0.2, "disturbance": 2, "abundance": 1, "memo": ""}}, {"type": "Feature", "geometry": {"type": "Point", "coordinates": [127.902271, 37.095192]}, "properties": {"id": "GH-149", "type": "배설물", "ws": "목계수위표", "date": "2026-03-22", "width": 17, "depth": "1", "quality": "3", "dist_water": 1.0, "dist_ground": 0.2, "disturbance": 2, "abundance": 1, "memo": ""}}, {"type": "Feature", "geometry": {"type": "Point", "coordinates": [127.902251, 37.0952]}, "properties": {"id": "GH-150", "type": "배설물", "ws": "목계수위표", "date": "2026-03-22", "width": 17, "depth": "1", "quality": "3", "dist_water": 1.0, "dist_ground": 0.2, "disturbance": 2, "abundance": 1, "memo": ""}}, {"type": "Feature", "geometry": {"type": "Point", "coordinates": [127.901683, 37.093228]}, "properties": {"id": "GH-152", "type": "배설물", "ws": "목계수위표", "date": "2026-03-22", "width": 17, "depth": "1", "quality": "3", "dist_water": 0.5, "dist_ground": 0.1, "disturbance": 2, "abundance": 2, "memo": ""}}, {"type": "Feature", "geometry": {"type": "Point", "coordinates": [127.901647, 37.093233]}, "properties": {"id": "GH-151", "type": "배설물", "ws": "목계수위표", "date": "2026-03-22", "width": 17, "depth": "1", "quality": "3", "dist_water": 0.5, "dist_ground": 0.1, "disturbance": 2, "abundance": 2, "memo": ""}}, {"type": "Feature", "geometry": {"type": "Point", "coordinates": [127.901634, 37.090978]}, "properties": {"id": "GH-153", "type": "배설물", "ws": "목계수위표", "date": "2026-03-22", "width": 22, "depth": "1", "quality": "3", "dist_water": 2.0, "dist_ground": 0.3, "disturbance": 2, "abundance": 2, "memo": ""}}, {"type": "Feature", "geometry": {"type": "Point", "coordinates": [127.901639, 37.090982]}, "properties": {"id": "GH-154", "type": "배설물", "ws": "목계수위표", "date": "2026-03-22", "width": 22, "depth": "1", "quality": "3", "dist_water": 2.0, "dist_ground": 0.3, "disturbance": 2, "abundance": 2, "memo": ""}}, {"type": "Feature", "geometry": {"type": "Point", "coordinates": [127.901639, 37.090991]}, "properties": {"id": "GH-155", "type": "배설물", "ws": "목계수위표", "date": "2026-03-22", "width": 22, "depth": "1", "quality": "3", "dist_water": 2.0, "dist_ground": 0.3, "disturbance": 2, "abundance": 2, "memo": ""}}, {"type": "Feature", "geometry": {"type": "Point", "coordinates": [127.901649, 37.090995]}, "properties": {"id": "GH-156", "type": "배설물", "ws": "목계수위표", "date": "2026-03-22", "width": 22, "depth": "1", "quality": "3", "dist_water": 2.0, "dist_ground": 0.3, "disturbance": 2, "abundance": 2, "memo": ""}}, {"type": "Feature", "geometry": {"type": "Point", "coordinates": [127.901639, 37.090996]}, "properties": {"id": "GH-157", "type": "배설물", "ws": "목계수위표", "date": "2026-03-22", "width": 22, "depth": "1", "quality": "3", "dist_water": 2.0, "dist_ground": 0.3, "disturbance": 2, "abundance": 2, "memo": ""}}, {"type": "Feature", "geometry": {"type": "Point", "coordinates": [127.901604, 37.090984]}, "properties": {"id": "GH-158", "type": "배설물", "ws": "목계수위표", "date": "2026-03-22", "width": 22, "depth": "1", "quality": "3", "dist_water": 2.0, "dist_ground": 0.3, "disturbance": 2, "abundance": 2, "memo": ""}}, {"type": "Feature", "geometry": {"type": "Point", "coordinates": [127.901609, 37.09099]}, "properties": {"id": "GH-159", "type": "배설물", "ws": "목계수위표", "date": "2026-03-22", "width": 22, "depth": "1", "quality": "3", "dist_water": 2.0, "dist_ground": 0.3, "disturbance": 2, "abundance": 2, "memo": ""}}, {"type": "Feature", "geometry": {"type": "Point", "coordinates": [127.901613, 37.090992]}, "properties": {"id": "GH-160", "type": "배설물", "ws": "목계수위표", "date": "2026-03-22", "width": 22, "depth": "1", "quality": "3", "dist_water": 2.0, "dist_ground": 0.3, "disturbance": 2, "abundance": 2, "memo": ""}}, {"type": "Feature", "geometry": {"type": "Point", "coordinates": [127.901616, 37.090991]}, "properties": {"id": "GH-161", "type": "배설물", "ws": "목계수위표", "date": "2026-03-22", "width": 22, "depth": "1", "quality": "3", "dist_water": 2.0, "dist_ground": 0.3, "disturbance": 2, "abundance": 2, "memo": ""}}, {"type": "Feature", "geometry": {"type": "Point", "coordinates": [127.901629, 37.091003]}, "properties": {"id": "GH-162", "type": "배설물", "ws": "목계수위표", "date": "2026-03-22", "width": 22, "depth": "1", "quality": "3", "dist_water": 2.0, "dist_ground": 0.3, "disturbance": 2, "abundance": 2, "memo": ""}}, {"type": "Feature", "geometry": {"type": "Point", "coordinates": [127.901631, 37.091007]}, "properties": {"id": "GH-163", "type": "배설물", "ws": "목계수위표", "date": "2026-03-22", "width": 22, "depth": "1", "quality": "3", "dist_water": 2.0, "dist_ground": 0.3, "disturbance": 2, "abundance": 2, "memo": ""}}, {"type": "Feature", "geometry": {"type": "Point", "coordinates": [127.901634, 37.091004]}, "properties": {"id": "GH-164", "type": "배설물", "ws": "목계수위표", "date": "2026-03-22", "width": 22, "depth": "1", "quality": "3", "dist_water": 2.0, "dist_ground": 0.3, "disturbance": 2, "abundance": 2, "memo": ""}}, {"type": "Feature", "geometry": {"type": "Point", "coordinates": [127.901636, 37.091006]}, "properties": {"id": "GH-165", "type": "배설물", "ws": "목계수위표", "date": "2026-03-22", "width": 22, "depth": "1", "quality": "3", "dist_water": 2.0, "dist_ground": 0.3, "disturbance": 2, "abundance": 2, "memo": ""}}, {"type": "Feature", "geometry": {"type": "Point", "coordinates": [127.901638, 37.09101]}, "properties": {"id": "GH-166", "type": "배설물", "ws": "목계수위표", "date": "2026-03-22", "width": 22, "depth": "1", "quality": "3", "dist_water": 2.0, "dist_ground": 0.3, "disturbance": 2, "abundance": 2, "memo": ""}}, {"type": "Feature", "geometry": {"type": "Point", "coordinates": [127.901636, 37.091009]}, "properties": {"id": "GH-167", "type": "배설물", "ws": "목계수위표", "date": "2026-03-22", "width": 22, "depth": "1", "quality": "3", "dist_water": 2.0, "dist_ground": 0.3, "disturbance": 2, "abundance": 2, "memo": ""}}, {"type": "Feature", "geometry": {"type": "Point", "coordinates": [127.901642, 37.091018]}, "properties": {"id": "GH-168", "type": "배설물", "ws": "목계수위표", "date": "2026-03-22", "width": 22, "depth": "1", "quality": "3", "dist_water": 2.0, "dist_ground": 0.3, "disturbance": 2, "abundance": 2, "memo": ""}}, {"type": "Feature", "geometry": {"type": "Point", "coordinates": [127.901599, 37.091023]}, "properties": {"id": "GH-169", "type": "배설물", "ws": "목계수위표", "date": "2026-03-22", "width": 22, "depth": "1", "quality": "3", "dist_water": 2.0, "dist_ground": 0.3, "disturbance": 2, "abundance": 2, "memo": ""}}, {"type": "Feature", "geometry": {"type": "Point", "coordinates": [127.901597, 37.091019]}, "properties": {"id": "GH-170", "type": "배설물", "ws": "목계수위표", "date": "2026-03-22", "width": 22, "depth": "1", "quality": "3", "dist_water": 2.0, "dist_ground": 0.3, "disturbance": 2, "abundance": 2, "memo": ""}}, {"type": "Feature", "geometry": {"type": "Point", "coordinates": [127.901595, 37.091016]}, "properties": {"id": "GH-171", "type": "배설물", "ws": "목계수위표", "date": "2026-03-22", "width": 22, "depth": "1", "quality": "3", "dist_water": 2.0, "dist_ground": 0.3, "disturbance": 2, "abundance": 2, "memo": ""}}, {"type": "Feature", "geometry": {"type": "Point", "coordinates": [127.901584, 37.091018]}, "properties": {"id": "GH-172", "type": "배설물", "ws": "목계수위표", "date": "2026-03-22", "width": 22, "depth": "1", "quality": "3", "dist_water": 2.0, "dist_ground": 0.3, "disturbance": 2, "abundance": 2, "memo": ""}}, {"type": "Feature", "geometry": {"type": "Point", "coordinates": [127.901583, 37.091016]}, "properties": {"id": "GH-173", "type": "배설물", "ws": "목계수위표", "date": "2026-03-22", "width": 22, "depth": "1", "quality": "3", "dist_water": 2.0, "dist_ground": 0.3, "disturbance": 2, "abundance": 2, "memo": ""}}, {"type": "Feature", "geometry": {"type": "Point", "coordinates": [127.901582, 37.091013]}, "properties": {"id": "GH-174", "type": "배설물", "ws": "목계수위표", "date": "2026-03-22", "width": 22, "depth": "1", "quality": "3", "dist_water": 2.0, "dist_ground": 0.3, "disturbance": 2, "abundance": 2, "memo": ""}}, {"type": "Feature", "geometry": {"type": "Point", "coordinates": [127.901583, 37.091036]}, "properties": {"id": "GH-175", "type": "배설물", "ws": "목계수위표", "date": "2026-03-22", "width": 22, "depth": "1", "quality": "3", "dist_water": 2.0, "dist_ground": 0.3, "disturbance": 2, "abundance": 2, "memo": ""}}, {"type": "Feature", "geometry": {"type": "Point", "coordinates": [127.901579, 37.091033]}, "properties": {"id": "GH-176", "type": "배설물", "ws": "목계수위표", "date": "2026-03-22", "width": 22, "depth": "1", "quality": "3", "dist_water": 2.0, "dist_ground": 0.3, "disturbance": 2, "abundance": 2, "memo": ""}}, {"type": "Feature", "geometry": {"type": "Point", "coordinates": [127.901584, 37.091032]}, "properties": {"id": "GH-177", "type": "배설물", "ws": "목계수위표", "date": "2026-03-22", "width": 22, "depth": "1", "quality": "3", "dist_water": 2.0, "dist_ground": 0.3, "disturbance": 2, "abundance": 2, "memo": ""}}, {"type": "Feature", "geometry": {"type": "Point", "coordinates": [127.901526, 37.089414]}, "properties": {"id": "GH-179", "type": "배설물", "ws": "목계수위표", "date": "2026-03-22", "width": 18, "depth": "1", "quality": "3", "dist_water": 1.0, "dist_ground": 0.2, "disturbance": 2, "abundance": 2, "memo": ""}}, {"type": "Feature", "geometry": {"type": "Point", "coordinates": [127.901531, 37.089429]}, "properties": {"id": "GH-180", "type": "배설물", "ws": "목계수위표", "date": "2026-03-22", "width": 18, "depth": "1", "quality": "3", "dist_water": 1.0, "dist_ground": 0.2, "disturbance": 2, "abundance": 2, "memo": ""}}, {"type": "Feature", "geometry": {"type": "Point", "coordinates": [127.901578, 37.09103]}, "properties": {"id": "GH-178", "type": "배설물", "ws": "목계수위표", "date": "2026-03-22", "width": 22, "depth": "1", "quality": "3", "dist_water": 2.0, "dist_ground": 0.3, "disturbance": 2, "abundance": 2, "memo": ""}}, {"type": "Feature", "geometry": {"type": "Point", "coordinates": [127.901277, 37.088636]}, "properties": {"id": "GH-181", "type": "배설물", "ws": "목계수위표", "date": "2026-03-22", "width": 20, "depth": "1", "quality": "3", "dist_water": 0.2, "dist_ground": 0.1, "disturbance": 2, "abundance": 2, "memo": ""}}, {"type": "Feature", "geometry": {"type": "Point", "coordinates": [127.901395, 37.088647]}, "properties": {"id": "GH-182", "type": "배설물", "ws": "목계수위표", "date": "2026-03-22", "width": 20, "depth": "1", "quality": "3", "dist_water": 0.2, "dist_ground": 0.1, "disturbance": 2, "abundance": 2, "memo": ""}}, {"type": "Feature", "geometry": {"type": "Point", "coordinates": [127.901211, 37.08767]}, "properties": {"id": "GH-183", "type": "배설물", "ws": "목계수위표", "date": "2026-03-22", "width": 20, "depth": "1", "quality": "3", "dist_water": 0.2, "dist_ground": 0.2, "disturbance": 2, "abundance": 2, "memo": ""}}, {"type": "Feature", "geometry": {"type": "Point", "coordinates": [127.901293, 37.087683]}, "properties": {"id": "GH-184", "type": "배설물", "ws": "목계수위표", "date": "2026-03-22", "width": 20, "depth": "1", "quality": "3", "dist_water": 0.2, "dist_ground": 0.2, "disturbance": 2, "abundance": 2, "memo": ""}}, {"type": "Feature", "geometry": {"type": "Point", "coordinates": [127.900823, 37.083981]}, "properties": {"id": "GH-188", "type": "배설물", "ws": "목계수위표", "date": "2026-03-22", "width": 18, "depth": "1", "quality": "3", "dist_water": 0.3, "dist_ground": 0.2, "disturbance": 2, "abundance": 2, "memo": ""}}, {"type": "Feature", "geometry": {"type": "Point", "coordinates": [127.900818, 37.083977]}, "properties": {"id": "GH-189", "type": "배설물", "ws": "목계수위표", "date": "2026-03-22", "width": 18, "depth": "1", "quality": "3", "dist_water": 0.3, "dist_ground": 0.2, "disturbance": 2, "abundance": 2, "memo": ""}}, {"type": "Feature", "geometry": {"type": "Point", "coordinates": [127.900802, 37.083983]}, "properties": {"id": "GH-185", "type": "배설물", "ws": "목계수위표", "date": "2026-03-22", "width": 18, "depth": "1", "quality": "3", "dist_water": 0.3, "dist_ground": 0.2, "disturbance": 2, "abundance": 2, "memo": ""}}, {"type": "Feature", "geometry": {"type": "Point", "coordinates": [127.9008, 37.083976]}, "properties": {"id": "GH-186", "type": "배설물", "ws": "목계수위표", "date": "2026-03-22", "width": 18, "depth": "1", "quality": "3", "dist_water": 0.3, "dist_ground": 0.2, "disturbance": 2, "abundance": 2, "memo": ""}}, {"type": "Feature", "geometry": {"type": "Point", "coordinates": [127.900795, 37.083979]}, "properties": {"id": "GH-187", "type": "배설물", "ws": "목계수위표", "date": "2026-03-22", "width": 18, "depth": "1", "quality": "3", "dist_water": 0.3, "dist_ground": 0.2, "disturbance": 2, "abundance": 2, "memo": ""}}, {"type": "Feature", "geometry": {"type": "Point", "coordinates": [127.900745, 37.083986]}, "properties": {"id": "GH-190", "type": "배설물", "ws": "목계수위표", "date": "2026-03-22", "width": 18, "depth": "1", "quality": "3", "dist_water": 0.3, "dist_ground": 0.2, "disturbance": 2, "abundance": 2, "memo": ""}}, {"type": "Feature", "geometry": {"type": "Point", "coordinates": [127.900677, 37.082545]}, "properties": {"id": "GH-191", "type": "배설물", "ws": "목계수위표", "date": "2026-03-22", "width": 20, "depth": "1", "quality": "3", "dist_water": 0.7, "dist_ground": 0.2, "disturbance": 2, "abundance": 2, "memo": ""}}, {"type": "Feature", "geometry": {"type": "Point", "coordinates": [127.900674, 37.082554]}, "properties": {"id": "GH-192", "type": "배설물", "ws": "목계수위표", "date": "2026-03-22", "width": 20, "depth": "1", "quality": "3", "dist_water": 0.7, "dist_ground": 0.2, "disturbance": 2, "abundance": 2, "memo": ""}}, {"type": "Feature", "geometry": {"type": "Point", "coordinates": [127.900648, 37.08255]}, "properties": {"id": "GH-193", "type": "배설물", "ws": "목계수위표", "date": "2026-03-22", "width": 20, "depth": "1", "quality": "3", "dist_water": 0.7, "dist_ground": 0.2, "disturbance": 2, "abundance": 2, "memo": ""}}, {"type": "Feature", "geometry": {"type": "Point", "coordinates": [127.900598, 37.082554]}, "properties": {"id": "GH-194", "type": "배설물", "ws": "목계수위표", "date": "2026-03-22", "width": 20, "depth": "1", "quality": "3", "dist_water": 0.7, "dist_ground": 0.2, "disturbance": 2, "abundance": 2, "memo": ""}}, {"type": "Feature", "geometry": {"type": "Point", "coordinates": [127.900564, 37.082555]}, "properties": {"id": "GH-195", "type": "배설물", "ws": "목계수위표", "date": "2026-03-22", "width": 20, "depth": "1", "quality": "3", "dist_water": 0.7, "dist_ground": 0.2, "disturbance": 2, "abundance": 2, "memo": ""}}, {"type": "Feature", "geometry": {"type": "Point", "coordinates": [127.900556, 37.082548]}, "properties": {"id": "GH-196", "type": "배설물", "ws": "목계수위표", "date": "2026-03-22", "width": 20, "depth": "1", "quality": "3", "dist_water": 0.7, "dist_ground": 0.2, "disturbance": 2, "abundance": 2, "memo": ""}}, {"type": "Feature", "geometry": {"type": "Point", "coordinates": [127.900264, 37.079123]}, "properties": {"id": "GH-198", "type": "배설물", "ws": "목계수위표", "date": "2026-03-22", "width": 18, "depth": "1", "quality": "3", "dist_water": 0.5, "dist_ground": 0.3, "disturbance": 2, "abundance": 2, "memo": ""}}, {"type": "Feature", "geometry": {"type": "Point", "coordinates": [127.900258, 37.079122]}, "properties": {"id": "GH-199", "type": "배설물", "ws": "목계수위표", "date": "2026-03-22", "width": 18, "depth": "1", "quality": "3", "dist_water": 0.5, "dist_ground": 0.3, "disturbance": 2, "abundance": 2, "memo": ""}}, {"type": "Feature", "geometry": {"type": "Point", "coordinates": [127.9002, 37.079153]}, "properties": {"id": "GH-197", "type": "배설물", "ws": "목계수위표", "date": "2026-03-22", "width": 18, "depth": "1", "quality": "3", "dist_water": 0.5, "dist_ground": 0.3, "disturbance": 2, "abundance": 2, "memo": ""}}, {"type": "Feature", "geometry": {"type": "Point", "coordinates": [127.900144, 37.079158]}, "properties": {"id": "GH-200", "type": "배설물", "ws": "목계수위표", "date": "2026-03-22", "width": 18, "depth": "1", "quality": "3", "dist_water": 0.5, "dist_ground": 0.3, "disturbance": 2, "abundance": 2, "memo": ""}}, {"type": "Feature", "geometry": {"type": "Point", "coordinates": [127.899256, 37.077011]}, "properties": {"id": "GH-201", "type": "배설물", "ws": "목계수위표", "date": "2026-03-22", "width": 19, "depth": "1", "quality": "3", "dist_water": 0.2, "dist_ground": 0.2, "disturbance": 2, "abundance": 2, "memo": ""}}, {"type": "Feature", "geometry": {"type": "Point", "coordinates": [127.899261, 37.077016]}, "properties": {"id": "GH-202", "type": "배설물", "ws": "목계수위표", "date": "2026-03-22", "width": 19, "depth": "1", "quality": "3", "dist_water": 0.2, "dist_ground": 0.2, "disturbance": 2, "abundance": 2, "memo": ""}}, {"type": "Feature", "geometry": {"type": "Point", "coordinates": [127.899214, 37.077056]}, "properties": {"id": "GH-203", "type": "배설물", "ws": "목계수위표", "date": "2026-03-22", "width": 19, "depth": "1", "quality": "3", "dist_water": 0.2, "dist_ground": 0.2, "disturbance": 2, "abundance": 2, "memo": ""}}, {"type": "Feature", "geometry": {"type": "Point", "coordinates": [127.899204, 37.077065]}, "properties": {"id": "GH-204", "type": "배설물", "ws": "목계수위표", "date": "2026-03-22", "width": 19, "depth": "1", "quality": "3", "dist_water": 0.2, "dist_ground": 0.2, "disturbance": 2, "abundance": 2, "memo": ""}}, {"type": "Feature", "geometry": {"type": "Point", "coordinates": [127.898093, 37.076248]}, "properties": {"id": "GH-205", "type": "배설물", "ws": "목계수위표", "date": "2026-03-22", "width": 13, "depth": "1", "quality": "3", "dist_water": 0.4, "dist_ground": 0.2, "disturbance": 2, "abundance": 2, "memo": ""}}, {"type": "Feature", "geometry": {"type": "Point", "coordinates": [127.897708, 37.076524]}, "properties": {"id": "GH-206", "type": "배설물", "ws": "목계수위표", "date": "2026-03-22", "width": 6, "depth": "1", "quality": "3", "dist_water": 1.0, "dist_ground": 0.4, "disturbance": 1, "abundance": 1, "memo": ""}}, {"type": "Feature", "geometry": {"type": "Point", "coordinates": [127.897716, 37.076533]}, "properties": {"id": "GH-207", "type": "배설물", "ws": "목계수위표", "date": "2026-03-22", "width": 6, "depth": "1", "quality": "3", "dist_water": 1.0, "dist_ground": 0.4, "disturbance": 1, "abundance": 1, "memo": ""}}, {"type": "Feature", "geometry": {"type": "Point", "coordinates": [127.894938, 37.07339]}, "properties": {"id": "GH-208", "type": "배설물", "ws": "목계수위표", "date": "2026-03-22", "width": 13, "depth": "1", "quality": "3", "dist_water": 0.3, "dist_ground": 0.1, "disturbance": 2, "abundance": 2, "memo": ""}}, {"type": "Feature", "geometry": {"type": "Point", "coordinates": [127.894922, 37.073388]}, "properties": {"id": "GH-209", "type": "배설물", "ws": "목계수위표", "date": "2026-03-22", "width": 13, "depth": "1", "quality": "3", "dist_water": 0.3, "dist_ground": 0.1, "disturbance": 2, "abundance": 2, "memo": ""}}, {"type": "Feature", "geometry": {"type": "Point", "coordinates": [127.893645, 37.071628]}, "properties": {"id": "GH-210", "type": "배설물", "ws": "목계수위표", "date": "2026-03-22", "width": 10, "depth": "1", "quality": "3", "dist_water": 0.3, "dist_ground": 0.2, "disturbance": 2, "abundance": 3, "memo": ""}}, {"type": "Feature", "geometry": {"type": "Point", "coordinates": [127.900282, 37.072402]}, "properties": {"id": "GH-211", "type": "배설물", "ws": "목계수위표", "date": "2026-03-22", "width": 101, "depth": "1", "quality": "3", "dist_water": 0.5, "dist_ground": 0.2, "disturbance": 2, "abundance": 2, "memo": ""}}, {"type": "Feature", "geometry": {"type": "Point", "coordinates": [127.900269, 37.072403]}, "properties": {"id": "GH-212", "type": "배설물", "ws": "목계수위표", "date": "2026-03-22", "width": 101, "depth": "1", "quality": "3", "dist_water": 0.5, "dist_ground": 0.2, "disturbance": 2, "abundance": 2, "memo": ""}}, {"type": "Feature", "geometry": {"type": "Point", "coordinates": [127.900258, 37.072613]}, "properties": {"id": "GH-213", "type": "배설물", "ws": "목계수위표", "date": "2026-03-22", "width": 101, "depth": "1", "quality": "3", "dist_water": 0.5, "dist_ground": 0.2, "disturbance": 2, "abundance": 2, "memo": ""}}, {"type": "Feature", "geometry": {"type": "Point", "coordinates": [127.900249, 37.072548]}, "properties": {"id": "GH-214", "type": "배설물", "ws": "목계수위표", "date": "2026-03-22", "width": 101, "depth": "1", "quality": "3", "dist_water": 0.5, "dist_ground": 0.2, "disturbance": 2, "abundance": 2, "memo": ""}}, {"type": "Feature", "geometry": {"type": "Point", "coordinates": [127.931017, 37.093834]}, "properties": {"id": "GH-218", "type": "배설물", "ws": "목계수위표", "date": "2026-03-22", "width": 65, "depth": "2", "quality": "3", "dist_water": 0.3, "dist_ground": 0.2, "disturbance": 4, "abundance": 3, "memo": "공사흔적"}}, {"type": "Feature", "geometry": {"type": "Point", "coordinates": [127.930969, 37.093854]}, "properties": {"id": "GH-215", "type": "배설물", "ws": "목계수위표", "date": "2026-03-22", "width": 65, "depth": "2", "quality": "3", "dist_water": 0.3, "dist_ground": 0.2, "disturbance": 4, "abundance": 3, "memo": "공사흔적"}}, {"type": "Feature", "geometry": {"type": "Point", "coordinates": [127.930993, 37.09386]}, "properties": {"id": "GH-216", "type": "배설물", "ws": "목계수위표", "date": "2026-03-22", "width": 65, "depth": "2", "quality": "3", "dist_water": 0.3, "dist_ground": 0.2, "disturbance": 4, "abundance": 3, "memo": "공사흔적"}}, {"type": "Feature", "geometry": {"type": "Point", "coordinates": [127.931011, 37.093869]}, "properties": {"id": "GH-217", "type": "배설물", "ws": "목계수위표", "date": "2026-03-22", "width": 65, "depth": "2", "quality": "3", "dist_water": 0.3, "dist_ground": 0.2, "disturbance": 4, "abundance": 3, "memo": "공사흔적"}}, {"type": "Feature", "geometry": {"type": "Point", "coordinates": [127.930934, 37.093899]}, "properties": {"id": "GH-219", "type": "배설물", "ws": "목계수위표", "date": "2026-03-22", "width": 65, "depth": "2", "quality": "3", "dist_water": 0.3, "dist_ground": 0.2, "disturbance": 4, "abundance": 3, "memo": "갈대, 공사흔적"}}, {"type": "Feature", "geometry": {"type": "Point", "coordinates": [127.929746, 37.093116]}, "properties": {"id": "GH-220", "type": "배설물", "ws": "목계수위표", "date": "2026-03-22", "width": 80, "depth": "2", "quality": "3", "dist_water": 0.2, "dist_ground": 0.1, "disturbance": 4, "abundance": 3, "memo": "공사흔적"}}, {"type": "Feature", "geometry": {"type": "Point", "coordinates": [127.929677, 37.093127]}, "properties": {"id": "GH-221", "type": "배설물", "ws": "목계수위표", "date": "2026-03-22", "width": 80, "depth": "2", "quality": "3", "dist_water": 0.2, "dist_ground": 0.1, "disturbance": 4, "abundance": 3, "memo": "공사흔적"}}, {"type": "Feature", "geometry": {"type": "Point", "coordinates": [127.929589, 37.093187]}, "properties": {"id": "GH-222", "type": "배설물", "ws": "목계수위표", "date": "2026-03-22", "width": 80, "depth": "2", "quality": "3", "dist_water": 0.2, "dist_ground": 0.1, "disturbance": 4, "abundance": 3, "memo": "공사흔적"}}, {"type": "Feature", "geometry": {"type": "Point", "coordinates": [127.927753, 37.091972]}, "properties": {"id": "GH-223", "type": "배설물", "ws": "목계수위표", "date": "2026-03-22", "width": 66, "depth": "1", "quality": "3", "dist_water": 8.0, "dist_ground": 2.0, "disturbance": 2, "abundance": 2, "memo": ""}}, {"type": "Feature", "geometry": {"type": "Point", "coordinates": [127.927365, 37.092397]}, "properties": {"id": "GH-224", "type": "배설물", "ws": "목계수위표", "date": "2026-03-22", "width": 66, "depth": "1", "quality": "3", "dist_water": 8.0, "dist_ground": 2.0, "disturbance": 2, "abundance": 2, "memo": ""}}, {"type": "Feature", "geometry": {"type": "Point", "coordinates": [127.926856, 37.091904]}, "properties": {"id": "GH-225", "type": "배설물", "ws": "목계수위표", "date": "2026-03-22", "width": 70, "depth": "1", "quality": "3", "dist_water": 0.5, "dist_ground": 0.1, "disturbance": 2, "abundance": 3, "memo": ""}}, {"type": "Feature", "geometry": {"type": "Point", "coordinates": [127.92455, 37.090256]}, "properties": {"id": "GH-226", "type": "배설물", "ws": "목계수위표", "date": "2026-03-22", "width": 70, "depth": "2", "quality": "3", "dist_water": 0.5, "dist_ground": 0.5, "disturbance": 2, "abundance": 2, "memo": ""}}, {"type": "Feature", "geometry": {"type": "Point", "coordinates": [127.924387, 37.090318]}, "properties": {"id": "GH-227", "type": "배설물", "ws": "목계수위표", "date": "2026-03-22", "width": 70, "depth": "2", "quality": "3", "dist_water": 0.5, "dist_ground": 0.5, "disturbance": 2, "abundance": 2, "memo": ""}}, {"type": "Feature", "geometry": {"type": "Point", "coordinates": [127.924354, 37.090327]}, "properties": {"id": "GH-228", "type": "배설물", "ws": "목계수위표", "date": "2026-03-22", "width": 70, "depth": "2", "quality": "3", "dist_water": 0.5, "dist_ground": 0.5, "disturbance": 2, "abundance": 2, "memo": ""}}, {"type": "Feature", "geometry": {"type": "Point", "coordinates": [127.924272, 37.090362]}, "properties": {"id": "GH-229", "type": "배설물", "ws": "목계수위표", "date": "2026-03-22", "width": 70, "depth": "2", "quality": "3", "dist_water": 0.5, "dist_ground": 0.5, "disturbance": 2, "abundance": 2, "memo": ""}}, {"type": "Feature", "geometry": {"type": "Point", "coordinates": [127.924152, 37.090405]}, "properties": {"id": "GH-230", "type": "배설물", "ws": "목계수위표", "date": "2026-03-22", "width": 70, "depth": "2", "quality": "3", "dist_water": 0.5, "dist_ground": 0.5, "disturbance": 2, "abundance": 2, "memo": ""}}, {"type": "Feature", "geometry": {"type": "Point", "coordinates": [127.918897, 37.085125]}, "properties": {"id": "GH-236", "type": "배설물", "ws": "목계수위표", "date": "2026-03-22", "width": 74, "depth": "2", "quality": "3", "dist_water": 0.2, "dist_ground": 0.8, "disturbance": 2, "abundance": 2, "memo": ""}}, {"type": "Feature", "geometry": {"type": "Point", "coordinates": [127.918958, 37.085314]}, "properties": {"id": "GH-231", "type": "배설물", "ws": "목계수위표", "date": "2026-03-22", "width": 74, "depth": "2", "quality": "3", "dist_water": 0.2, "dist_ground": 0.8, "disturbance": 2, "abundance": 2, "memo": ""}}, {"type": "Feature", "geometry": {"type": "Point", "coordinates": [127.918943, 37.085281]}, "properties": {"id": "GH-232", "type": "배설물", "ws": "목계수위표", "date": "2026-03-22", "width": 74, "depth": "2", "quality": "3", "dist_water": 0.2, "dist_ground": 0.8, "disturbance": 2, "abundance": 2, "memo": ""}}, {"type": "Feature", "geometry": {"type": "Point", "coordinates": [127.918727, 37.085341]}, "properties": {"id": "GH-233", "type": "배설물", "ws": "목계수위표", "date": "2026-03-22", "width": 74, "depth": "2", "quality": "3", "dist_water": 0.2, "dist_ground": 0.8, "disturbance": 2, "abundance": 2, "memo": ""}}, {"type": "Feature", "geometry": {"type": "Point", "coordinates": [127.918719, 37.085348]}, "properties": {"id": "GH-234", "type": "배설물", "ws": "목계수위표", "date": "2026-03-22", "width": 74, "depth": "2", "quality": "3", "dist_water": 0.2, "dist_ground": 0.8, "disturbance": 2, "abundance": 2, "memo": ""}}, {"type": "Feature", "geometry": {"type": "Point", "coordinates": [127.918697, 37.085354]}, "properties": {"id": "GH-235", "type": "배설물", "ws": "목계수위표", "date": "2026-03-22", "width": 74, "depth": "2", "quality": "3", "dist_water": 0.2, "dist_ground": 0.8, "disturbance": 2, "abundance": 2, "memo": ""}}, {"type": "Feature", "geometry": {"type": "Point", "coordinates": [127.917603, 37.085657]}, "properties": {"id": "GH-237", "type": "배설물", "ws": "목계수위표", "date": "2026-03-22", "width": 70, "depth": "1", "quality": "3", "dist_water": 2.0, "dist_ground": 0.5, "disturbance": 2, "abundance": 3, "memo": ""}}, {"type": "Feature", "geometry": {"type": "Point", "coordinates": [127.917646, 37.085657]}, "properties": {"id": "GH-238", "type": "배설물", "ws": "목계수위표", "date": "2026-03-22", "width": 70, "depth": "1", "quality": "3", "dist_water": 2.0, "dist_ground": 0.5, "disturbance": 2, "abundance": 3, "memo": ""}}, {"type": "Feature", "geometry": {"type": "Point", "coordinates": [127.917536, 37.085586]}, "properties": {"id": "GH-239", "type": "배설물", "ws": "목계수위표", "date": "2026-03-22", "width": 70, "depth": "1", "quality": "3", "dist_water": 2.0, "dist_ground": 0.5, "disturbance": 2, "abundance": 3, "memo": ""}}, {"type": "Feature", "geometry": {"type": "Point", "coordinates": [127.917578, 37.08558]}, "properties": {"id": "GH-240", "type": "배설물", "ws": "목계수위표", "date": "2026-03-22", "width": 70, "depth": "1", "quality": "3", "dist_water": 2.0, "dist_ground": 0.5, "disturbance": 2, "abundance": 3, "memo": ""}}, {"type": "Feature", "geometry": {"type": "Point", "coordinates": [127.917612, 37.085586]}, "properties": {"id": "GH-241", "type": "배설물", "ws": "목계수위표", "date": "2026-03-22", "width": 70, "depth": "1", "quality": "3", "dist_water": 2.0, "dist_ground": 0.5, "disturbance": 2, "abundance": 3, "memo": ""}}, {"type": "Feature", "geometry": {"type": "Point", "coordinates": [127.917599, 37.08558]}, "properties": {"id": "GH-242", "type": "배설물", "ws": "목계수위표", "date": "2026-03-22", "width": 70, "depth": "1", "quality": "3", "dist_water": 2.0, "dist_ground": 0.5, "disturbance": 2, "abundance": 3, "memo": ""}}, {"type": "Feature", "geometry": {"type": "Point", "coordinates": [127.917591, 37.085571]}, "properties": {"id": "GH-243", "type": "배설물", "ws": "목계수위표", "date": "2026-03-22", "width": 70, "depth": "1", "quality": "3", "dist_water": 2.0, "dist_ground": 0.5, "disturbance": 2, "abundance": 3, "memo": ""}}, {"type": "Feature", "geometry": {"type": "Point", "coordinates": [127.917483, 37.08552]}, "properties": {"id": "GH-244", "type": "배설물", "ws": "목계수위표", "date": "2026-03-22", "width": 70, "depth": "1", "quality": "3", "dist_water": 2.0, "dist_ground": 0.5, "disturbance": 2, "abundance": 3, "memo": ""}}, {"type": "Feature", "geometry": {"type": "Point", "coordinates": [127.917499, 37.085513]}, "properties": {"id": "GH-245", "type": "배설물", "ws": "목계수위표", "date": "2026-03-22", "width": 70, "depth": "1", "quality": "3", "dist_water": 2.0, "dist_ground": 0.5, "disturbance": 2, "abundance": 3, "memo": ""}}, {"type": "Feature", "geometry": {"type": "Point", "coordinates": [127.917497, 37.085518]}, "properties": {"id": "GH-246", "type": "배설물", "ws": "목계수위표", "date": "2026-03-22", "width": 70, "depth": "1", "quality": "3", "dist_water": 2.0, "dist_ground": 0.5, "disturbance": 2, "abundance": 3, "memo": ""}}, {"type": "Feature", "geometry": {"type": "Point", "coordinates": [127.917533, 37.085515]}, "properties": {"id": "GH-247", "type": "배설물", "ws": "목계수위표", "date": "2026-03-22", "width": 70, "depth": "1", "quality": "3", "dist_water": 2.0, "dist_ground": 0.5, "disturbance": 2, "abundance": 3, "memo": ""}}, {"type": "Feature", "geometry": {"type": "Point", "coordinates": [127.917433, 37.085443]}, "properties": {"id": "GH-248", "type": "배설물", "ws": "목계수위표", "date": "2026-03-22", "width": 70, "depth": "1", "quality": "3", "dist_water": 2.0, "dist_ground": 0.5, "disturbance": 2, "abundance": 3, "memo": ""}}, {"type": "Feature", "geometry": {"type": "Point", "coordinates": [127.914728, 37.085222]}, "properties": {"id": "GH-249", "type": "배설물", "ws": "목계수위표", "date": "2026-03-22", "width": 73, "depth": "1", "quality": "3", "dist_water": 0.3, "dist_ground": 0.3, "disturbance": 2, "abundance": 3, "memo": ""}}, {"type": "Feature", "geometry": {"type": "Point", "coordinates": [127.914734, 37.085195]}, "properties": {"id": "GH-250", "type": "배설물", "ws": "목계수위표", "date": "2026-03-22", "width": 73, "depth": "1", "quality": "3", "dist_water": 0.3, "dist_ground": 0.3, "disturbance": 2, "abundance": 3, "memo": ""}}, {"type": "Feature", "geometry": {"type": "Point", "coordinates": [127.914786, 37.085215]}, "properties": {"id": "GH-251", "type": "배설물", "ws": "목계수위표", "date": "2026-03-22", "width": 73, "depth": "1", "quality": "3", "dist_water": 0.3, "dist_ground": 0.3, "disturbance": 2, "abundance": 3, "memo": ""}}, {"type": "Feature", "geometry": {"type": "Point", "coordinates": [127.914716, 37.085129]}, "properties": {"id": "GH-252", "type": "배설물", "ws": "목계수위표", "date": "2026-03-22", "width": 73, "depth": "1", "quality": "3", "dist_water": 0.3, "dist_ground": 0.3, "disturbance": 2, "abundance": 3, "memo": ""}}, {"type": "Feature", "geometry": {"type": "Point", "coordinates": [127.911415, 37.084454]}, "properties": {"id": "GH-254", "type": "배설물", "ws": "목계수위표", "date": "2026-03-22", "width": 70, "depth": "2", "quality": "3", "dist_water": 0.4, "dist_ground": 0.8, "disturbance": 2, "abundance": 3, "memo": ""}}, {"type": "Feature", "geometry": {"type": "Point", "coordinates": [127.911611, 37.084348]}, "properties": {"id": "GH-255", "type": "배설물", "ws": "목계수위표", "date": "2026-03-22", "width": 70, "depth": "2", "quality": "3", "dist_water": 0.4, "dist_ground": 0.8, "disturbance": 2, "abundance": 3, "memo": "철구조물"}}, {"type": "Feature", "geometry": {"type": "Point", "coordinates": [127.911655, 37.084319]}, "properties": {"id": "GH-256", "type": "배설물", "ws": "목계수위표", "date": "2026-03-22", "width": 70, "depth": "2", "quality": "3", "dist_water": 0.4, "dist_ground": 0.8, "disturbance": 2, "abundance": 3, "memo": "철구조물"}}, {"type": "Feature", "geometry": {"type": "Point", "coordinates": [127.911836, 37.084214]}, "properties": {"id": "GH-257", "type": "배설물", "ws": "목계수위표", "date": "2026-03-22", "width": 70, "depth": "2", "quality": "3", "dist_water": 0.4, "dist_ground": 0.8, "disturbance": 2, "abundance": 3, "memo": "철구조물"}}, {"type": "Feature", "geometry": {"type": "Point", "coordinates": [127.906649, 37.081729]}, "properties": {"id": "GH-258", "type": "배설물", "ws": "목계수위표", "date": "2026-03-22", "width": 10, "depth": "1", "quality": "3", "dist_water": 0.3, "dist_ground": 0.3, "disturbance": 2, "abundance": 3, "memo": ""}}, {"type": "Feature", "geometry": {"type": "Point", "coordinates": [127.845738, 37.081828]}, "properties": {"id": "ES-2", "type": "배설물", "ws": "목계수위표", "date": "2026-03-21", "width": 70, "depth": "4", "quality": "3", "dist_water": 0.2, "dist_ground": 0.2, "disturbance": 3, "abundance": 3, "memo": "캠핑장"}}, {"type": "Feature", "geometry": {"type": "Point", "coordinates": [127.899931, 36.950957]}, "properties": {"id": "GH-05", "type": "배설물", "ws": "달천하류", "date": "2026-04-20", "width": 15, "depth": "1", "quality": "3", "dist_water": 0.2, "dist_ground": 0.3, "disturbance": 2, "abundance": 1, "memo": "흔적 못치움"}}, {"type": "Feature", "geometry": {"type": "Point", "coordinates": [127.90555, 36.952961]}, "properties": {"id": "GH-07", "type": "배설물", "ws": "달천하류", "date": "2026-04-20", "width": 14, "depth": "1", "quality": "3", "dist_water": 0.1, "dist_ground": 0.5, "disturbance": 2, "abundance": 1, "memo": ""}}, {"type": "Feature", "geometry": {"type": "Point", "coordinates": [127.907989, 36.953876]}, "properties": {"id": "GH-08", "type": "배설물", "ws": "달천하류", "date": "2026-04-20", "width": 14, "depth": "1", "quality": "3", "dist_water": 1.0, "dist_ground": 0.1, "disturbance": 1, "abundance": 3, "memo": "못치움"}}, {"type": "Feature", "geometry": {"type": "Point", "coordinates": [127.911971, 36.954573]}, "properties": {"id": "GH-12", "type": "배설물", "ws": "달천하류", "date": "2026-04-20", "width": 10, "depth": "1", "quality": "3", "dist_water": 0.3, "dist_ground": 0.2, "disturbance": 2, "abundance": 2, "memo": ""}}, {"type": "Feature", "geometry": {"type": "Point", "coordinates": [127.911983, 36.954529]}, "properties": {"id": "GH-11", "type": "배설물", "ws": "달천하류", "date": "2026-04-20", "width": 10, "depth": "1", "quality": "3", "dist_water": 0.3, "dist_ground": 0.2, "disturbance": 2, "abundance": 2, "memo": ""}}, {"type": "Feature", "geometry": {"type": "Point", "coordinates": [127.911986, 36.954568]}, "properties": {"id": "GH-13", "type": "배설물", "ws": "달천하류", "date": "2026-04-20", "width": 10, "depth": "1", "quality": "3", "dist_water": 0.3, "dist_ground": 0.2, "disturbance": 2, "abundance": 2, "memo": ""}}, {"type": "Feature", "geometry": {"type": "Point", "coordinates": [127.911985, 36.954584]}, "properties": {"id": "GH-14", "type": "배설물", "ws": "달천하류", "date": "2026-04-20", "width": 10, "depth": "1", "quality": "3", "dist_water": 0.3, "dist_ground": 0.2, "disturbance": 2, "abundance": 2, "memo": "나무뿌리"}}, {"type": "Feature", "geometry": {"type": "Point", "coordinates": [127.912008, 36.954557]}, "properties": {"id": "GH-15", "type": "배설물", "ws": "달천하류", "date": "2026-04-20", "width": 10, "depth": "1", "quality": "3", "dist_water": 0.3, "dist_ground": 0.2, "disturbance": 2, "abundance": 2, "memo": "건초"}}, {"type": "Feature", "geometry": {"type": "Point", "coordinates": [127.926224, 36.958672]}, "properties": {"id": "GH-19", "type": "배설물", "ws": "달천하류", "date": "2026-04-20", "width": 110, "depth": "3", "quality": "4", "dist_water": 0.2, "dist_ground": 0.3, "disturbance": 3, "abundance": 2, "memo": ""}}, {"type": "Feature", "geometry": {"type": "Point", "coordinates": [127.926215, 36.958647]}, "properties": {"id": "GH-20", "type": "배설물", "ws": "달천하류", "date": "2026-04-20", "width": 110, "depth": "3", "quality": "4", "dist_water": 0.2, "dist_ground": 0.3, "disturbance": 3, "abundance": 2, "memo": "못치움"}}, {"type": "Feature", "geometry": {"type": "Point", "coordinates": [127.926532, 36.959678]}, "properties": {"id": "GH-22", "type": "배설물", "ws": "달천하류", "date": "2026-04-20", "width": 56, "depth": "3", "quality": "4", "dist_water": 0.8, "dist_ground": 0.1, "disturbance": 3, "abundance": 3, "memo": ""}}, {"type": "Feature", "geometry": {"type": "Point", "coordinates": [127.926534, 36.959647]}, "properties": {"id": "GH-21", "type": "배설물", "ws": "달천하류", "date": "2026-04-20", "width": 56, "depth": "3", "quality": "4", "dist_water": 0.8, "dist_ground": 0.1, "disturbance": 3, "abundance": 3, "memo": ""}}, {"type": "Feature", "geometry": {"type": "Point", "coordinates": [127.923844, 36.95935]}, "properties": {"id": "GH-24", "type": "배설물", "ws": "달천하류", "date": "2026-04-20", "width": 150, "depth": "5", "quality": "4", "dist_water": 0.1, "dist_ground": 0.1, "disturbance": 4, "abundance": 3, "memo": ""}}, {"type": "Feature", "geometry": {"type": "Point", "coordinates": [127.923889, 36.959307]}, "properties": {"id": "GH-25", "type": "배설물", "ws": "달천하류", "date": "2026-04-20", "width": 150, "depth": "5", "quality": "4", "dist_water": 0.1, "dist_ground": 0.1, "disturbance": 4, "abundance": 3, "memo": ""}}, {"type": "Feature", "geometry": {"type": "Point", "coordinates": [127.92156, 36.960246]}, "properties": {"id": "GH-26", "type": "배설물", "ws": "달천하류", "date": "2026-04-20", "width": 150, "depth": "5", "quality": "4", "dist_water": 0.1, "dist_ground": 0.5, "disturbance": 4, "abundance": 3, "memo": ""}}, {"type": "Feature", "geometry": {"type": "Point", "coordinates": [127.919542, 36.961938]}, "properties": {"id": "GH-27", "type": "배설물", "ws": "달천하류", "date": "2026-04-20", "width": 102, "depth": "5", "quality": "4", "dist_water": 0.1, "dist_ground": 0.5, "disturbance": 4, "abundance": 3, "memo": ""}}, {"type": "Feature", "geometry": {"type": "Point", "coordinates": [127.915705, 36.963889]}, "properties": {"id": "GH-30", "type": "배설물", "ws": "달천하류", "date": "2026-04-20", "width": 9, "depth": "1", "quality": "3", "dist_water": 0.5, "dist_ground": 0.2, "disturbance": 3, "abundance": 1, "memo": "못치움"}}, {"type": "Feature", "geometry": {"type": "Point", "coordinates": [127.915704, 36.963896]}, "properties": {"id": "GH-31", "type": "배설물", "ws": "달천하류", "date": "2026-04-20", "width": 9, "depth": "1", "quality": "3", "dist_water": 0.5, "dist_ground": 0.2, "disturbance": 3, "abundance": 1, "memo": ""}}, {"type": "Feature", "geometry": {"type": "Point", "coordinates": [127.911382, 36.965226]}, "properties": {"id": "GH-35", "type": "배설물", "ws": "달천하류", "date": "2026-04-20", "width": 10, "depth": "1", "quality": "3", "dist_water": 0.4, "dist_ground": 0.1, "disturbance": 3, "abundance": 1, "memo": "못치움"}}, {"type": "Feature", "geometry": {"type": "Point", "coordinates": [127.910048, 36.96575]}, "properties": {"id": "GH-36", "type": "배설물", "ws": "달천하류", "date": "2026-04-20", "width": 9, "depth": "1", "quality": "3", "dist_water": 0.3, "dist_ground": 0.2, "disturbance": 3, "abundance": 1, "memo": ""}}, {"type": "Feature", "geometry": {"type": "Point", "coordinates": [127.905363, 36.967868]}, "properties": {"id": "GH-40", "type": "배설물", "ws": "달천하류", "date": "2026-04-20", "width": 11, "depth": "1", "quality": "3", "dist_water": 0.5, "dist_ground": 0.1, "disturbance": 2, "abundance": 1, "memo": ""}}, {"type": "Feature", "geometry": {"type": "Point", "coordinates": [127.926571, 36.976759]}, "properties": {"id": "GT-01", "type": "배설물", "ws": "달천하류", "date": "2026-04-20", "width": 46, "depth": "1", "quality": "3", "dist_water": 2.0, "dist_ground": 1.5, "disturbance": 2, "abundance": 3, "memo": "산책로"}}, {"type": "Feature", "geometry": {"type": "Point", "coordinates": [127.926591, 36.976757]}, "properties": {"id": "GT-02", "type": "배설물", "ws": "달천하류", "date": "2026-04-20", "width": 46, "depth": "1", "quality": "3", "dist_water": 2.0, "dist_ground": 1.5, "disturbance": 2, "abundance": 3, "memo": "산책로"}}, {"type": "Feature", "geometry": {"type": "Point", "coordinates": [127.9266, 36.976756]}, "properties": {"id": "GT-03", "type": "배설물", "ws": "달천하류", "date": "2026-04-20", "width": 46, "depth": "1", "quality": "3", "dist_water": 2.0, "dist_ground": 1.5, "disturbance": 2, "abundance": 3, "memo": "산책로"}}, {"type": "Feature", "geometry": {"type": "Point", "coordinates": [127.926599, 36.976761]}, "properties": {"id": "GT-04", "type": "배설물", "ws": "달천하류", "date": "2026-04-20", "width": 46, "depth": "1", "quality": "3", "dist_water": 2.0, "dist_ground": 1.5, "disturbance": 2, "abundance": 3, "memo": "산책로"}}, {"type": "Feature", "geometry": {"type": "Point", "coordinates": [127.924337, 36.977922]}, "properties": {"id": "GT-05", "type": "배설물", "ws": "달천하류", "date": "2026-04-20", "width": 35, "depth": "1", "quality": "3", "dist_water": 1.0, "dist_ground": 0.4, "disturbance": 2, "abundance": 3, "memo": "산책로"}}, {"type": "Feature", "geometry": {"type": "Point", "coordinates": [127.924266, 36.977926]}, "properties": {"id": "GT-06", "type": "배설물", "ws": "달천하류", "date": "2026-04-20", "width": 35, "depth": "1", "quality": "3", "dist_water": 1.0, "dist_ground": 0.4, "disturbance": 2, "abundance": 3, "memo": "산책로"}}, {"type": "Feature", "geometry": {"type": "Point", "coordinates": [127.923383, 36.978168]}, "properties": {"id": "GT-07", "type": "기타흔적", "ws": "달천하류", "date": "2026-04-20", "width": 35, "depth": "1", "quality": "3", "dist_water": 3.0, "dist_ground": 0.0, "disturbance": 2, "abundance": 3, "memo": "산책로"}}, {"type": "Feature", "geometry": {"type": "Point", "coordinates": [127.92036, 36.97726]}, "properties": {"id": "GT-08", "type": "배설물", "ws": "달천하류", "date": "2026-04-20", "width": 43, "depth": "1", "quality": "3", "dist_water": 1.0, "dist_ground": 1.0, "disturbance": 2, "abundance": 3, "memo": "산책로"}}, {"type": "Feature", "geometry": {"type": "Point", "coordinates": [127.920332, 36.977228]}, "properties": {"id": "GT-09", "type": "배설물", "ws": "달천하류", "date": "2026-04-20", "width": 43, "depth": "1", "quality": "3", "dist_water": 1.0, "dist_ground": 1.0, "disturbance": 2, "abundance": 3, "memo": "산책로"}}, {"type": "Feature", "geometry": {"type": "Point", "coordinates": [127.920323, 36.977225]}, "properties": {"id": "GT-10", "type": "배설물", "ws": "달천하류", "date": "2026-04-20", "width": 43, "depth": "1", "quality": "3", "dist_water": 1.0, "dist_ground": 1.0, "disturbance": 2, "abundance": 3, "memo": "산책로"}}, {"type": "Feature", "geometry": {"type": "Point", "coordinates": [127.920323, 36.977227]}, "properties": {"id": "GT-11", "type": "배설물", "ws": "달천하류", "date": "2026-04-20", "width": 43, "depth": "1", "quality": "3", "dist_water": 1.0, "dist_ground": 1.0, "disturbance": 2, "abundance": 3, "memo": "산책로"}}, {"type": "Feature", "geometry": {"type": "Point", "coordinates": [127.920319, 36.977222]}, "properties": {"id": "GT-12", "type": "배설물", "ws": "달천하류", "date": "2026-04-20", "width": 43, "depth": "1", "quality": "3", "dist_water": 1.0, "dist_ground": 1.0, "disturbance": 2, "abundance": 3, "memo": "산책로"}}, {"type": "Feature", "geometry": {"type": "Point", "coordinates": [127.920309, 36.977214]}, "properties": {"id": "GT-13", "type": "배설물", "ws": "달천하류", "date": "2026-04-20", "width": 43, "depth": "1", "quality": "3", "dist_water": 1.0, "dist_ground": 1.0, "disturbance": 2, "abundance": 3, "memo": "산책로"}}, {"type": "Feature", "geometry": {"type": "Point", "coordinates": [127.920302, 36.977216]}, "properties": {"id": "GT-14", "type": "배설물", "ws": "달천하류", "date": "2026-04-20", "width": 43, "depth": "1", "quality": "3", "dist_water": 1.0, "dist_ground": 1.0, "disturbance": 2, "abundance": 3, "memo": "산책로"}}, {"type": "Feature", "geometry": {"type": "Point", "coordinates": [127.920293, 36.977198]}, "properties": {"id": "GT-15", "type": "배설물", "ws": "달천하류", "date": "2026-04-20", "width": 43, "depth": "1", "quality": "3", "dist_water": 1.0, "dist_ground": 1.0, "disturbance": 2, "abundance": 3, "memo": "산책로"}}, {"type": "Feature", "geometry": {"type": "Point", "coordinates": [127.920284, 36.977194]}, "properties": {"id": "GT-16", "type": "배설물", "ws": "달천하류", "date": "2026-04-20", "width": 43, "depth": "1", "quality": "3", "dist_water": 1.0, "dist_ground": 1.0, "disturbance": 2, "abundance": 3, "memo": "산책로"}}, {"type": "Feature", "geometry": {"type": "Point", "coordinates": [127.920279, 36.977185]}, "properties": {"id": "GT-17", "type": "배설물", "ws": "달천하류", "date": "2026-04-20", "width": 43, "depth": "1", "quality": "3", "dist_water": 1.0, "dist_ground": 1.0, "disturbance": 2, "abundance": 3, "memo": "산책로"}}, {"type": "Feature", "geometry": {"type": "Point", "coordinates": [127.92027, 36.977182]}, "properties": {"id": "GT-18", "type": "배설물", "ws": "달천하류", "date": "2026-04-20", "width": 43, "depth": "1", "quality": "3", "dist_water": 1.0, "dist_ground": 1.0, "disturbance": 2, "abundance": 3, "memo": "산책로"}}, {"type": "Feature", "geometry": {"type": "Point", "coordinates": [127.920265, 36.977175]}, "properties": {"id": "GT-19", "type": "배설물", "ws": "달천하류", "date": "2026-04-20", "width": 43, "depth": "1", "quality": "3", "dist_water": 1.0, "dist_ground": 1.0, "disturbance": 2, "abundance": 3, "memo": "산책로"}}, {"type": "Feature", "geometry": {"type": "Point", "coordinates": [127.918618, 36.975377]}, "properties": {"id": "GT-20", "type": "배설물", "ws": "달천하류", "date": "2026-04-20", "width": 45, "depth": "2", "quality": "3", "dist_water": 0.3, "dist_ground": 1.5, "disturbance": 2, "abundance": 3, "memo": "산책로"}}, {"type": "Feature", "geometry": {"type": "Point", "coordinates": [127.91862, 36.97537]}, "properties": {"id": "GT-21", "type": "배설물", "ws": "달천하류", "date": "2026-04-20", "width": 45, "depth": "2", "quality": "3", "dist_water": 0.3, "dist_ground": 1.5, "disturbance": 2, "abundance": 3, "memo": "산책로"}}, {"type": "Feature", "geometry": {"type": "Point", "coordinates": [127.91852, 36.975364]}, "properties": {"id": "GT-23", "type": "배설물", "ws": "달천하류", "date": "2026-04-20", "width": 45, "depth": "2", "quality": "3", "dist_water": 0.3, "dist_ground": 1.5, "disturbance": 2, "abundance": 3, "memo": "산책로"}}, {"type": "Feature", "geometry": {"type": "Point", "coordinates": [127.918511, 36.975371]}, "properties": {"id": "GT-24", "type": "배설물", "ws": "달천하류", "date": "2026-04-20", "width": 45, "depth": "2", "quality": "3", "dist_water": 0.3, "dist_ground": 1.5, "disturbance": 2, "abundance": 3, "memo": "산책로"}}, {"type": "Feature", "geometry": {"type": "Point", "coordinates": [127.91851, 36.975364]}, "properties": {"id": "GT-25", "type": "배설물", "ws": "달천하류", "date": "2026-04-20", "width": 45, "depth": "2", "quality": "3", "dist_water": 0.3, "dist_ground": 1.5, "disturbance": 2, "abundance": 3, "memo": "산책로"}}, {"type": "Feature", "geometry": {"type": "Point", "coordinates": [127.918504, 36.975367]}, "properties": {"id": "GT-26", "type": "배설물", "ws": "달천하류", "date": "2026-04-20", "width": 45, "depth": "2", "quality": "3", "dist_water": 0.3, "dist_ground": 1.5, "disturbance": 2, "abundance": 3, "memo": "산책로"}}, {"type": "Feature", "geometry": {"type": "Point", "coordinates": [127.915889, 36.97595]}, "properties": {"id": "GT-27", "type": "배설물", "ws": "달천하류", "date": "2026-04-20", "width": 43, "depth": "2", "quality": "3", "dist_water": 0.3, "dist_ground": 0.3, "disturbance": 2, "abundance": 3, "memo": "산책로"}}, {"type": "Feature", "geometry": {"type": "Point", "coordinates": [127.915793, 36.975781]}, "properties": {"id": "GT-28", "type": "배설물", "ws": "달천하류", "date": "2026-04-20", "width": 43, "depth": "2", "quality": "3", "dist_water": 0.3, "dist_ground": 0.3, "disturbance": 2, "abundance": 3, "memo": "산책로"}}, {"type": "Feature", "geometry": {"type": "Point", "coordinates": [127.915799, 36.975768]}, "properties": {"id": "GT-29", "type": "배설물", "ws": "달천하류", "date": "2026-04-20", "width": 43, "depth": "2", "quality": "3", "dist_water": 0.3, "dist_ground": 0.3, "disturbance": 2, "abundance": 3, "memo": "산책로"}}, {"type": "Feature", "geometry": {"type": "Point", "coordinates": [127.915703, 36.975811]}, "properties": {"id": "GT-30", "type": "배설물", "ws": "달천하류", "date": "2026-04-20", "width": 43, "depth": "2", "quality": "3", "dist_water": 0.3, "dist_ground": 0.3, "disturbance": 2, "abundance": 3, "memo": "산책로"}}, {"type": "Feature", "geometry": {"type": "Point", "coordinates": [127.914071, 36.976055]}, "properties": {"id": "GT-31", "type": "배설물", "ws": "달천하류", "date": "2026-04-20", "width": 41, "depth": "2", "quality": "3", "dist_water": 0.3, "dist_ground": 0.5, "disturbance": 2, "abundance": 3, "memo": "산책로"}}, {"type": "Feature", "geometry": {"type": "Point", "coordinates": [127.914065, 36.976058]}, "properties": {"id": "GT-32", "type": "배설물", "ws": "달천하류", "date": "2026-04-20", "width": 41, "depth": "2", "quality": "3", "dist_water": 0.3, "dist_ground": 0.5, "disturbance": 2, "abundance": 3, "memo": "산책로"}}, {"type": "Feature", "geometry": {"type": "Point", "coordinates": [127.914059, 36.976059]}, "properties": {"id": "GT-33", "type": "배설물", "ws": "달천하류", "date": "2026-04-20", "width": 41, "depth": "2", "quality": "3", "dist_water": 0.3, "dist_ground": 0.5, "disturbance": 2, "abundance": 3, "memo": "산책로"}}, {"type": "Feature", "geometry": {"type": "Point", "coordinates": [127.914052, 36.976059]}, "properties": {"id": "GT-34", "type": "배설물", "ws": "달천하류", "date": "2026-04-20", "width": 41, "depth": "2", "quality": "3", "dist_water": 0.3, "dist_ground": 0.5, "disturbance": 2, "abundance": 3, "memo": "산책로"}}, {"type": "Feature", "geometry": {"type": "Point", "coordinates": [127.914046, 36.976061]}, "properties": {"id": "GT-35", "type": "배설물", "ws": "달천하류", "date": "2026-04-20", "width": 41, "depth": "2", "quality": "3", "dist_water": 0.3, "dist_ground": 0.5, "disturbance": 2, "abundance": 3, "memo": "산책로"}}, {"type": "Feature", "geometry": {"type": "Point", "coordinates": [127.914039, 36.976064]}, "properties": {"id": "GT-36", "type": "배설물", "ws": "달천하류", "date": "2026-04-20", "width": 41, "depth": "2", "quality": "3", "dist_water": 0.3, "dist_ground": 0.5, "disturbance": 2, "abundance": 3, "memo": "산책로"}}, {"type": "Feature", "geometry": {"type": "Point", "coordinates": [127.914033, 36.976065]}, "properties": {"id": "GT-37", "type": "배설물", "ws": "달천하류", "date": "2026-04-20", "width": 41, "depth": "2", "quality": "3", "dist_water": 0.3, "dist_ground": 0.5, "disturbance": 2, "abundance": 3, "memo": "산책로"}}, {"type": "Feature", "geometry": {"type": "Point", "coordinates": [127.914027, 36.976066]}, "properties": {"id": "GT-38", "type": "배설물", "ws": "달천하류", "date": "2026-04-20", "width": 41, "depth": "2", "quality": "3", "dist_water": 0.3, "dist_ground": 0.5, "disturbance": 2, "abundance": 3, "memo": "산책로"}}, {"type": "Feature", "geometry": {"type": "Point", "coordinates": [127.91402, 36.976068]}, "properties": {"id": "GT-39", "type": "배설물", "ws": "달천하류", "date": "2026-04-20", "width": 41, "depth": "2", "quality": "3", "dist_water": 0.3, "dist_ground": 0.5, "disturbance": 2, "abundance": 3, "memo": "산책로"}}, {"type": "Feature", "geometry": {"type": "Point", "coordinates": [127.914005, 36.976071]}, "properties": {"id": "GT-40", "type": "배설물", "ws": "달천하류", "date": "2026-04-20", "width": 41, "depth": "2", "quality": "3", "dist_water": 0.3, "dist_ground": 0.5, "disturbance": 2, "abundance": 3, "memo": "산책로"}}, {"type": "Feature", "geometry": {"type": "Point", "coordinates": [127.914094, 36.97621]}, "properties": {"id": "GT-41", "type": "배설물", "ws": "달천하류", "date": "2026-04-20", "width": 41, "depth": "2", "quality": "3", "dist_water": 0.3, "dist_ground": 0.5, "disturbance": 2, "abundance": 3, "memo": "산책로"}}, {"type": "Feature", "geometry": {"type": "Point", "coordinates": [127.914075, 36.976218]}, "properties": {"id": "GT-42", "type": "배설물", "ws": "달천하류", "date": "2026-04-20", "width": 41, "depth": "2", "quality": "3", "dist_water": 0.3, "dist_ground": 0.5, "disturbance": 2, "abundance": 3, "memo": "산책로"}}, {"type": "Feature", "geometry": {"type": "Point", "coordinates": [127.91405, 36.976228]}, "properties": {"id": "GT-43", "type": "배설물", "ws": "달천하류", "date": "2026-04-20", "width": 41, "depth": "2", "quality": "3", "dist_water": 0.3, "dist_ground": 0.5, "disturbance": 2, "abundance": 3, "memo": "산책로"}}, {"type": "Feature", "geometry": {"type": "Point", "coordinates": [127.913279, 36.976506]}, "properties": {"id": "GT-44", "type": "배설물", "ws": "달천하류", "date": "2026-04-20", "width": 41, "depth": "2", "quality": "3", "dist_water": 0.3, "dist_ground": 0.3, "disturbance": 2, "abundance": 3, "memo": "산책로"}}, {"type": "Feature", "geometry": {"type": "Point", "coordinates": [127.913177, 36.976552]}, "properties": {"id": "GT-45", "type": "배설물", "ws": "달천하류", "date": "2026-04-20", "width": 41, "depth": "2", "quality": "3", "dist_water": 0.3, "dist_ground": 0.3, "disturbance": 2, "abundance": 3, "memo": "산책로"}}, {"type": "Feature", "geometry": {"type": "Point", "coordinates": [127.911293, 36.978237]}, "properties": {"id": "GT-46", "type": "발자국", "ws": "달천하류", "date": "2026-04-20", "width": 55, "depth": "1", "quality": "3", "dist_water": 20.0, "dist_ground": 0.0, "disturbance": 2, "abundance": 3, "memo": "산책로"}}, {"type": "Feature", "geometry": {"type": "Point", "coordinates": [127.974641, 36.937874]}, "properties": {"id": "GT-01", "type": "배설물", "ws": "달천하류", "date": "2026-04-21", "width": 4, "depth": "1", "quality": "3", "dist_water": 0.2, "dist_ground": 0.2, "disturbance": 2, "abundance": 1, "memo": ""}}, {"type": "Feature", "geometry": {"type": "Point", "coordinates": [127.974464, 36.937995]}, "properties": {"id": "GT-02", "type": "배설물", "ws": "달천하류", "date": "2026-04-21", "width": 5, "depth": "1", "quality": "2", "dist_water": 1.5, "dist_ground": 0.3, "disturbance": 2, "abundance": 1, "memo": ""}}, {"type": "Feature", "geometry": {"type": "Point", "coordinates": [127.974462, 36.937988]}, "properties": {"id": "GT-03", "type": "배설물", "ws": "달천하류", "date": "2026-04-21", "width": 5, "depth": "1", "quality": "2", "dist_water": 1.5, "dist_ground": 0.3, "disturbance": 2, "abundance": 1, "memo": ""}}, {"type": "Feature", "geometry": {"type": "Point", "coordinates": [127.97446, 36.937977]}, "properties": {"id": "GT-04", "type": "배설물", "ws": "달천하류", "date": "2026-04-21", "width": 5, "depth": "1", "quality": "2", "dist_water": 1.5, "dist_ground": 0.3, "disturbance": 2, "abundance": 1, "memo": ""}}, {"type": "Feature", "geometry": {"type": "Point", "coordinates": [127.974469, 36.937985]}, "properties": {"id": "GT-05", "type": "배설물", "ws": "달천하류", "date": "2026-04-21", "width": 5, "depth": "1", "quality": "2", "dist_water": 1.5, "dist_ground": 0.3, "disturbance": 2, "abundance": 1, "memo": ""}}, {"type": "Feature", "geometry": {"type": "Point", "coordinates": [127.974266, 36.938753]}, "properties": {"id": "GT-06", "type": "배설물", "ws": "달천하류", "date": "2026-04-21", "width": 4, "depth": "1", "quality": "2", "dist_water": 1.0, "dist_ground": 0.5, "disturbance": 2, "abundance": 1, "memo": ""}}, {"type": "Feature", "geometry": {"type": "Point", "coordinates": [127.974278, 36.938765]}, "properties": {"id": "GT-07", "type": "배설물", "ws": "달천하류", "date": "2026-04-21", "width": 4, "depth": "1", "quality": "2", "dist_water": 1.0, "dist_ground": 0.5, "disturbance": 2, "abundance": 1, "memo": ""}}, {"type": "Feature", "geometry": {"type": "Point", "coordinates": [127.972267, 36.939797]}, "properties": {"id": "GT-08", "type": "배설물", "ws": "달천하류", "date": "2026-04-21", "width": 9, "depth": "1", "quality": "3", "dist_water": 0.2, "dist_ground": 0.3, "disturbance": 2, "abundance": 1, "memo": ""}}, {"type": "Feature", "geometry": {"type": "Point", "coordinates": [127.972271, 36.939788]}, "properties": {"id": "GT-09", "type": "배설물", "ws": "달천하류", "date": "2026-04-21", "width": 9, "depth": "1", "quality": "3", "dist_water": 0.2, "dist_ground": 0.3, "disturbance": 2, "abundance": 1, "memo": ""}}, {"type": "Feature", "geometry": {"type": "Point", "coordinates": [127.957174, 36.943857]}, "properties": {"id": "GT-16", "type": "배설물", "ws": "달천하류", "date": "2026-04-21", "width": 15, "depth": "1", "quality": "2", "dist_water": 0.2, "dist_ground": 0.3, "disturbance": 2, "abundance": 2, "memo": ""}}, {"type": "Feature", "geometry": {"type": "Point", "coordinates": [127.943096, 36.951662]}, "properties": {"id": "GT-19", "type": "배설물", "ws": "달천하류", "date": "2026-04-21", "width": 14, "depth": "1", "quality": "2", "dist_water": 1.0, "dist_ground": 0.3, "disturbance": 2, "abundance": 2, "memo": ""}}, {"type": "Feature", "geometry": {"type": "Point", "coordinates": [127.943098, 36.95168]}, "properties": {"id": "GT-20", "type": "배설물", "ws": "달천하류", "date": "2026-04-21", "width": 14, "depth": "1", "quality": "2", "dist_water": 1.0, "dist_ground": 0.3, "disturbance": 2, "abundance": 2, "memo": ""}}, {"type": "Feature", "geometry": {"type": "Point", "coordinates": [127.943109, 36.951681]}, "properties": {"id": "GT-21", "type": "배설물", "ws": "달천하류", "date": "2026-04-21", "width": 14, "depth": "1", "quality": "2", "dist_water": 1.0, "dist_ground": 0.3, "disturbance": 2, "abundance": 2, "memo": ""}}, {"type": "Feature", "geometry": {"type": "Point", "coordinates": [127.934603, 36.957424]}, "properties": {"id": "GT-24", "type": "배설물", "ws": "달천하류", "date": "2026-04-21", "width": 19, "depth": "1", "quality": "2", "dist_water": 0.2, "dist_ground": 0.5, "disturbance": 3, "abundance": 3, "memo": ""}}, {"type": "Feature", "geometry": {"type": "Point", "coordinates": [127.934573, 36.957768]}, "properties": {"id": "GT-25", "type": "배설물", "ws": "달천하류", "date": "2026-04-21", "width": 19, "depth": "1", "quality": "2", "dist_water": 0.2, "dist_ground": 0.5, "disturbance": 3, "abundance": 3, "memo": ""}}, {"type": "Feature", "geometry": {"type": "Point", "coordinates": [127.934571, 36.957772]}, "properties": {"id": "GT-26", "type": "배설물", "ws": "달천하류", "date": "2026-04-21", "width": 19, "depth": "1", "quality": "2", "dist_water": 0.5, "dist_ground": 0.5, "disturbance": 3, "abundance": 3, "memo": ""}}, {"type": "Feature", "geometry": {"type": "Point", "coordinates": [127.934573, 36.957778]}, "properties": {"id": "GT-27", "type": "배설물", "ws": "달천하류", "date": "2026-04-21", "width": 19, "depth": "1", "quality": "2", "dist_water": 0.5, "dist_ground": 0.5, "disturbance": 3, "abundance": 3, "memo": ""}}, {"type": "Feature", "geometry": {"type": "Point", "coordinates": [127.935048, 36.961349]}, "properties": {"id": "GT-29", "type": "배설물", "ws": "달천하류", "date": "2026-04-21", "width": 23, "depth": "2", "quality": "2", "dist_water": 0.1, "dist_ground": 0.3, "disturbance": 3, "abundance": 3, "memo": ""}}, {"type": "Feature", "geometry": {"type": "Point", "coordinates": [127.935061, 36.961441]}, "properties": {"id": "GT-30", "type": "배설물", "ws": "달천하류", "date": "2026-04-21", "width": 23, "depth": "2", "quality": "2", "dist_water": 0.1, "dist_ground": 0.3, "disturbance": 3, "abundance": 3, "memo": ""}}, {"type": "Feature", "geometry": {"type": "Point", "coordinates": [127.935074, 36.961517]}, "properties": {"id": "GT-31", "type": "배설물", "ws": "달천하류", "date": "2026-04-21", "width": 23, "depth": "2", "quality": "2", "dist_water": 0.1, "dist_ground": 0.3, "disturbance": 3, "abundance": 3, "memo": ""}}, {"type": "Feature", "geometry": {"type": "Point", "coordinates": [127.934662, 36.963648]}, "properties": {"id": "GT-32", "type": "배설물", "ws": "달천하류", "date": "2026-04-21", "width": 27, "depth": "1", "quality": "2", "dist_water": 0.5, "dist_ground": 1.0, "disturbance": 3, "abundance": 3, "memo": ""}}, {"type": "Feature", "geometry": {"type": "Point", "coordinates": [127.934655, 36.963675]}, "properties": {"id": "GT-33", "type": "배설물", "ws": "달천하류", "date": "2026-04-21", "width": 27, "depth": "1", "quality": "2", "dist_water": 0.5, "dist_ground": 1.0, "disturbance": 3, "abundance": 3, "memo": ""}}, {"type": "Feature", "geometry": {"type": "Point", "coordinates": [127.931058, 36.969321]}, "properties": {"id": "GT-36", "type": "배설물", "ws": "달천하류", "date": "2026-04-21", "width": 26, "depth": "2", "quality": "2", "dist_water": 0.2, "dist_ground": 0.5, "disturbance": 3, "abundance": 3, "memo": ""}}, {"type": "Feature", "geometry": {"type": "Point", "coordinates": [127.929328, 36.972776]}, "properties": {"id": "GT-40", "type": "배설물", "ws": "달천하류", "date": "2026-04-21", "width": 35, "depth": "1", "quality": "3", "dist_water": 0.2, "dist_ground": 0.5, "disturbance": 3, "abundance": 3, "memo": ""}}, {"type": "Feature", "geometry": {"type": "Point", "coordinates": [127.929418, 36.972824]}, "properties": {"id": "GT-41", "type": "발자국", "ws": "달천하류", "date": "2026-04-21", "width": 35, "depth": "1", "quality": "3", "dist_water": 0.2, "dist_ground": 0.5, "disturbance": 3, "abundance": 3, "memo": ""}}, {"type": "Feature", "geometry": {"type": "Point", "coordinates": [127.928913, 36.973715]}, "properties": {"id": "GT-42", "type": "배설물", "ws": "달천하류", "date": "2026-04-21", "width": 33, "depth": "1", "quality": "3", "dist_water": 0.1, "dist_ground": 0.3, "disturbance": 2, "abundance": 3, "memo": ""}}, {"type": "Feature", "geometry": {"type": "Point", "coordinates": [127.928433, 36.974828]}, "properties": {"id": "GT-44", "type": "기타흔적", "ws": "달천하류", "date": "2026-04-21", "width": 25, "depth": "1", "quality": "3", "dist_water": 2.0, "dist_ground": 1.0, "disturbance": 2, "abundance": 3, "memo": "모래섬"}}, {"type": "Feature", "geometry": {"type": "Point", "coordinates": [127.928363, 36.97603]}, "properties": {"id": "GT-46", "type": "배설물", "ws": "달천하류", "date": "2026-04-21", "width": 30, "depth": "1", "quality": "3", "dist_water": 0.5, "dist_ground": 0.5, "disturbance": 2, "abundance": 3, "memo": ""}}, {"type": "Feature", "geometry": {"type": "Point", "coordinates": [127.928388, 36.976023]}, "properties": {"id": "GT-47", "type": "배설물", "ws": "달천하류", "date": "2026-04-21", "width": 30, "depth": "1", "quality": "3", "dist_water": 0.5, "dist_ground": 0.5, "disturbance": 2, "abundance": 3, "memo": ""}}, {"type": "Feature", "geometry": {"type": "Point", "coordinates": [127.928435, 36.976012]}, "properties": {"id": "GT-48", "type": "배설물", "ws": "달천하류", "date": "2026-04-21", "width": 30, "depth": "1", "quality": "3", "dist_water": 0.5, "dist_ground": 0.5, "disturbance": 2, "abundance": 3, "memo": ""}}, {"type": "Feature", "geometry": {"type": "Point", "coordinates": [127.928801, 36.975966]}, "properties": {"id": "GT-49", "type": "배설물", "ws": "달천하류", "date": "2026-04-21", "width": 30, "depth": "1", "quality": "3", "dist_water": 0.5, "dist_ground": 0.5, "disturbance": 2, "abundance": 3, "memo": ""}}, {"type": "Feature", "geometry": {"type": "Point", "coordinates": [127.928832, 36.975964]}, "properties": {"id": "GT-50", "type": "배설물", "ws": "달천하류", "date": "2026-04-21", "width": 30, "depth": "1", "quality": "3", "dist_water": 0.5, "dist_ground": 0.5, "disturbance": 2, "abundance": 3, "memo": ""}}, {"type": "Feature", "geometry": {"type": "Point", "coordinates": [127.928926, 36.975951]}, "properties": {"id": "GT-51", "type": "배설물", "ws": "달천하류", "date": "2026-04-21", "width": 30, "depth": "1", "quality": "3", "dist_water": 0.5, "dist_ground": 0.5, "disturbance": 2, "abundance": 3, "memo": ""}}, {"type": "Feature", "geometry": {"type": "Point", "coordinates": [127.928918, 36.97595]}, "properties": {"id": "GT-52", "type": "배설물", "ws": "달천하류", "date": "2026-04-21", "width": 30, "depth": "1", "quality": "3", "dist_water": 0.5, "dist_ground": 0.5, "disturbance": 2, "abundance": 3, "memo": ""}}, {"type": "Feature", "geometry": {"type": "Point", "coordinates": [127.929978, 36.975794]}, "properties": {"id": "GT-53", "type": "배설물", "ws": "달천하류", "date": "2026-04-21", "width": 30, "depth": "1", "quality": "3", "dist_water": 0.5, "dist_ground": 0.5, "disturbance": 2, "abundance": 3, "memo": ""}}, {"type": "Feature", "geometry": {"type": "Point", "coordinates": [127.929992, 36.975787]}, "properties": {"id": "GT-54", "type": "발자국", "ws": "달천하류", "date": "2026-04-21", "width": 30, "depth": "1", "quality": "3", "dist_water": 0.5, "dist_ground": 0.5, "disturbance": 2, "abundance": 3, "memo": ""}}, {"type": "Feature", "geometry": {"type": "Point", "coordinates": [127.930674, 36.975739]}, "properties": {"id": "GT-55", "type": "배설물", "ws": "달천하류", "date": "2026-04-21", "width": 30, "depth": "1", "quality": "3", "dist_water": 0.5, "dist_ground": 0.5, "disturbance": 2, "abundance": 3, "memo": ""}}, {"type": "Feature", "geometry": {"type": "Point", "coordinates": [127.930636, 36.975661]}, "properties": {"id": "GT-56", "type": "배설물", "ws": "달천하류", "date": "2026-04-21", "width": 30, "depth": "1", "quality": "3", "dist_water": 0.5, "dist_ground": 0.5, "disturbance": 2, "abundance": 3, "memo": ""}}, {"type": "Feature", "geometry": {"type": "Point", "coordinates": [127.930663, 36.975649]}, "properties": {"id": "GT-57", "type": "발자국", "ws": "달천하류", "date": "2026-04-21", "width": 30, "depth": "1", "quality": "3", "dist_water": 0.5, "dist_ground": 0.5, "disturbance": 2, "abundance": 3, "memo": ""}}, {"type": "Feature", "geometry": {"type": "Point", "coordinates": [127.931928, 36.975166]}, "properties": {"id": "GT-58", "type": "배설물", "ws": "달천하류", "date": "2026-04-21", "width": 30, "depth": "1", "quality": "4", "dist_water": 0.5, "dist_ground": 0.5, "disturbance": 2, "abundance": 3, "memo": ""}}, {"type": "Feature", "geometry": {"type": "Point", "coordinates": [127.931907, 36.97518]}, "properties": {"id": "GT-59", "type": "발자국", "ws": "달천하류", "date": "2026-04-21", "width": 30, "depth": "1", "quality": "4", "dist_water": 0.5, "dist_ground": 0.5, "disturbance": 2, "abundance": 3, "memo": ""}}, {"type": "Feature", "geometry": {"type": "Point", "coordinates": [127.93231, 36.974929]}, "properties": {"id": "GT-60", "type": "배설물", "ws": "달천하류", "date": "2026-04-21", "width": 30, "depth": "1", "quality": "4", "dist_water": 0.5, "dist_ground": 0.5, "disturbance": 2, "abundance": 3, "memo": ""}}, {"type": "Feature", "geometry": {"type": "Point", "coordinates": [127.932283, 36.974914]}, "properties": {"id": "GT-61", "type": "배설물", "ws": "달천하류", "date": "2026-04-21", "width": 30, "depth": "1", "quality": "4", "dist_water": 0.5, "dist_ground": 0.5, "disturbance": 2, "abundance": 3, "memo": ""}}, {"type": "Feature", "geometry": {"type": "Point", "coordinates": [127.934644, 36.973409]}, "properties": {"id": "GT-62", "type": "발자국", "ws": "달천하류", "date": "2026-04-21", "width": 30, "depth": "1", "quality": "4", "dist_water": 0.5, "dist_ground": 0.5, "disturbance": 2, "abundance": 3, "memo": ""}}, {"type": "Feature", "geometry": {"type": "Point", "coordinates": [127.934861, 36.973285]}, "properties": {"id": "GT-63", "type": "배설물", "ws": "달천하류", "date": "2026-04-21", "width": 30, "depth": "1", "quality": "4", "dist_water": 0.5, "dist_ground": 0.5, "disturbance": 2, "abundance": 3, "memo": ""}}, {"type": "Feature", "geometry": {"type": "Point", "coordinates": [127.936238, 36.972395]}, "properties": {"id": "GT-64", "type": "발자국", "ws": "달천하류", "date": "2026-04-21", "width": 30, "depth": "2", "quality": "4", "dist_water": 1.0, "dist_ground": 1.0, "disturbance": 2, "abundance": 3, "memo": ""}}, {"type": "Feature", "geometry": {"type": "Point", "coordinates": [127.936288, 36.972372]}, "properties": {"id": "GT-65", "type": "배설물", "ws": "달천하류", "date": "2026-04-21", "width": 30, "depth": "2", "quality": "4", "dist_water": 1.0, "dist_ground": 1.0, "disturbance": 2, "abundance": 3, "memo": ""}}, {"type": "Feature", "geometry": {"type": "Point", "coordinates": [127.938587, 36.970953]}, "properties": {"id": "GT-66", "type": "배설물", "ws": "달천하류", "date": "2026-04-21", "width": 30, "depth": "2", "quality": "4", "dist_water": 0.3, "dist_ground": 0.2, "disturbance": 2, "abundance": 3, "memo": ""}}, {"type": "Feature", "geometry": {"type": "Point", "coordinates": [127.938532, 36.970867]}, "properties": {"id": "GT-67", "type": "배설물", "ws": "달천하류", "date": "2026-04-21", "width": 30, "depth": "2", "quality": "4", "dist_water": 0.3, "dist_ground": 0.2, "disturbance": 2, "abundance": 3, "memo": ""}}, {"type": "Feature", "geometry": {"type": "Point", "coordinates": [127.939669, 36.97037]}, "properties": {"id": "GT-68", "type": "배설물", "ws": "달천하류", "date": "2026-04-21", "width": 30, "depth": "1", "quality": "4", "dist_water": 0.2, "dist_ground": 1.0, "disturbance": 2, "abundance": 3, "memo": ""}}, {"type": "Feature", "geometry": {"type": "Point", "coordinates": [127.941235, 36.969495]}, "properties": {"id": "GT-69", "type": "배설물", "ws": "달천하류", "date": "2026-04-21", "width": 34, "depth": "1", "quality": "4", "dist_water": 0.1, "dist_ground": 0.8, "disturbance": 2, "abundance": 3, "memo": ""}}, {"type": "Feature", "geometry": {"type": "Point", "coordinates": [127.941374, 36.969504]}, "properties": {"id": "GT-70", "type": "배설물", "ws": "달천하류", "date": "2026-04-21", "width": 34, "depth": "1", "quality": "4", "dist_water": 0.1, "dist_ground": 0.8, "disturbance": 2, "abundance": 3, "memo": ""}}, {"type": "Feature", "geometry": {"type": "Point", "coordinates": [127.94135, 36.969516]}, "properties": {"id": "GT-71", "type": "배설물", "ws": "달천하류", "date": "2026-04-21", "width": 34, "depth": "1", "quality": "4", "dist_water": 0.1, "dist_ground": 0.8, "disturbance": 2, "abundance": 3, "memo": ""}}, {"type": "Feature", "geometry": {"type": "Point", "coordinates": [127.941543, 36.969465]}, "properties": {"id": "GT-72", "type": "배설물", "ws": "달천하류", "date": "2026-04-21", "width": 34, "depth": "1", "quality": "4", "dist_water": 0.1, "dist_ground": 0.8, "disturbance": 2, "abundance": 3, "memo": ""}}, {"type": "Feature", "geometry": {"type": "Point", "coordinates": [127.941529, 36.969466]}, "properties": {"id": "GT-73", "type": "배설물", "ws": "달천하류", "date": "2026-04-21", "width": 34, "depth": "1", "quality": "4", "dist_water": 0.1, "dist_ground": 0.8, "disturbance": 2, "abundance": 3, "memo": ""}}, {"type": "Feature", "geometry": {"type": "Point", "coordinates": [127.941612, 36.969458]}, "properties": {"id": "GT-74", "type": "배설물", "ws": "달천하류", "date": "2026-04-21", "width": 34, "depth": "1", "quality": "4", "dist_water": 0.1, "dist_ground": 0.8, "disturbance": 2, "abundance": 3, "memo": ""}}, {"type": "Feature", "geometry": {"type": "Point", "coordinates": [127.9465, 36.969898]}, "properties": {"id": "GT-76", "type": "배설물", "ws": "달천하류", "date": "2026-04-21", "width": 16, "depth": "1", "quality": "4", "dist_water": 0.1, "dist_ground": 0.2, "disturbance": 2, "abundance": 3, "memo": ""}}, {"type": "Feature", "geometry": {"type": "Point", "coordinates": [127.946537, 36.969871]}, "properties": {"id": "GT-77", "type": "배설물", "ws": "달천하류", "date": "2026-04-21", "width": 16, "depth": "1", "quality": "4", "dist_water": 0.1, "dist_ground": 0.2, "disturbance": 2, "abundance": 3, "memo": ""}}, {"type": "Feature", "geometry": {"type": "Point", "coordinates": [127.953746, 36.972733]}, "properties": {"id": "GT-79", "type": "배설물", "ws": "달천하류", "date": "2026-04-21", "width": 22, "depth": "1", "quality": "3", "dist_water": 0.2, "dist_ground": 0.2, "disturbance": 2, "abundance": 3, "memo": ""}}, {"type": "Feature", "geometry": {"type": "Point", "coordinates": [127.953744, 36.972771]}, "properties": {"id": "GT-80", "type": "발자국", "ws": "달천하류", "date": "2026-04-21", "width": 22, "depth": "1", "quality": "3", "dist_water": 0.2, "dist_ground": 0.2, "disturbance": 2, "abundance": 3, "memo": ""}}, {"type": "Feature", "geometry": {"type": "Point", "coordinates": [127.904803, 36.968134]}, "properties": {"id": "GT-01", "type": "배설물", "ws": "달천하류", "date": "2026-04-22", "width": 12, "depth": "1", "quality": "3", "dist_water": 0.3, "dist_ground": 0.1, "disturbance": 2, "abundance": 1, "memo": ""}}, {"type": "Feature", "geometry": {"type": "Point", "coordinates": [127.904804, 36.968127]}, "properties": {"id": "GT-02", "type": "배설물", "ws": "달천하류", "date": "2026-04-22", "width": 12, "depth": "1", "quality": "3", "dist_water": 0.3, "dist_ground": 0.1, "disturbance": 2, "abundance": 1, "memo": ""}}, {"type": "Feature", "geometry": {"type": "Point", "coordinates": [127.904405, 36.968866]}, "properties": {"id": "GT-03", "type": "배설물", "ws": "달천하류", "date": "2026-04-22", "width": 20, "depth": "2", "quality": "5", "dist_water": 2.0, "dist_ground": 0.1, "disturbance": 2, "abundance": 1, "memo": ""}}, {"type": "Feature", "geometry": {"type": "Point", "coordinates": [127.904395, 36.968861]}, "properties": {"id": "GT-04", "type": "발자국", "ws": "달천하류", "date": "2026-04-22", "width": 20, "depth": "2", "quality": "5", "dist_water": 2.0, "dist_ground": 0.1, "disturbance": 2, "abundance": 1, "memo": ""}}, {"type": "Feature", "geometry": {"type": "Point", "coordinates": [127.904387, 36.968855]}, "properties": {"id": "GT-05", "type": "배설물", "ws": "달천하류", "date": "2026-04-22", "width": 20, "depth": "2", "quality": "5", "dist_water": 2.0, "dist_ground": 0.1, "disturbance": 2, "abundance": 1, "memo": ""}}, {"type": "Feature", "geometry": {"type": "Point", "coordinates": [127.904349, 36.968785]}, "properties": {"id": "GT-06", "type": "배설물", "ws": "달천하류", "date": "2026-04-22", "width": 20, "depth": "2", "quality": "5", "dist_water": 2.0, "dist_ground": 0.1, "disturbance": 2, "abundance": 1, "memo": ""}}, {"type": "Feature", "geometry": {"type": "Point", "coordinates": [127.904606, 36.96882]}, "properties": {"id": "GT-07", "type": "배설물", "ws": "달천하류", "date": "2026-04-22", "width": 20, "depth": "2", "quality": "5", "dist_water": 2.0, "dist_ground": 0.1, "disturbance": 2, "abundance": 1, "memo": ""}}, {"type": "Feature", "geometry": {"type": "Point", "coordinates": [127.904587, 36.968807]}, "properties": {"id": "GT-08", "type": "배설물", "ws": "달천하류", "date": "2026-04-22", "width": 20, "depth": "2", "quality": "5", "dist_water": 2.0, "dist_ground": 0.1, "disturbance": 2, "abundance": 1, "memo": ""}}, {"type": "Feature", "geometry": {"type": "Point", "coordinates": [127.904538, 36.968735]}, "properties": {"id": "GT-09", "type": "배설물", "ws": "달천하류", "date": "2026-04-22", "width": 20, "depth": "2", "quality": "5", "dist_water": 2.0, "dist_ground": 0.1, "disturbance": 2, "abundance": 1, "memo": ""}}, {"type": "Feature", "geometry": {"type": "Point", "coordinates": [127.90435, 36.968781]}, "properties": {"id": "GT-10", "type": "발자국", "ws": "달천하류", "date": "2026-04-22", "width": 20, "depth": "2", "quality": "5", "dist_water": 2.0, "dist_ground": 0.1, "disturbance": 2, "abundance": 1, "memo": ""}}, {"type": "Feature", "geometry": {"type": "Point", "coordinates": [127.902079, 36.968737]}, "properties": {"id": "GT-11", "type": "배설물", "ws": "달천하류", "date": "2026-04-22", "width": 13, "depth": "1", "quality": "3", "dist_water": 1.0, "dist_ground": 0.1, "disturbance": 2, "abundance": 1, "memo": ""}}, {"type": "Feature", "geometry": {"type": "Point", "coordinates": [127.902073, 36.968734]}, "properties": {"id": "GT-12", "type": "발자국", "ws": "달천하류", "date": "2026-04-22", "width": 13, "depth": "1", "quality": "3", "dist_water": 1.0, "dist_ground": 0.1, "disturbance": 2, "abundance": 1, "memo": ""}}, {"type": "Feature", "geometry": {"type": "Point", "coordinates": [127.902048, 36.968761]}, "properties": {"id": "GT-13", "type": "발자국", "ws": "달천하류", "date": "2026-04-22", "width": 13, "depth": "1", "quality": "3", "dist_water": 1.0, "dist_ground": 0.1, "disturbance": 2, "abundance": 1, "memo": ""}}, {"type": "Feature", "geometry": {"type": "Point", "coordinates": [127.901925, 36.968734]}, "properties": {"id": "GT-14", "type": "배설물", "ws": "달천하류", "date": "2026-04-22", "width": 13, "depth": "1", "quality": "3", "dist_water": 1.0, "dist_ground": 0.1, "disturbance": 2, "abundance": 1, "memo": ""}}, {"type": "Feature", "geometry": {"type": "Point", "coordinates": [127.898351, 36.969584]}, "properties": {"id": "GT-16", "type": "발자국", "ws": "달천하류", "date": "2026-04-22", "width": 10, "depth": "1", "quality": "4", "dist_water": 0.1, "dist_ground": 0.0, "disturbance": 2, "abundance": 1, "memo": ""}}, {"type": "Feature", "geometry": {"type": "Point", "coordinates": [127.902501, 36.975927]}, "properties": {"id": "GT-18", "type": "배설물", "ws": "달천하류", "date": "2026-04-22", "width": 14, "depth": "2", "quality": "4", "dist_water": 0.3, "dist_ground": 0.3, "disturbance": 2, "abundance": 1, "memo": ""}}, {"type": "Feature", "geometry": {"type": "Point", "coordinates": [127.905791, 36.979832]}, "properties": {"id": "GT-22", "type": "배설물", "ws": "달천하류", "date": "2026-04-22", "width": 73, "depth": "2", "quality": "3", "dist_water": 0.4, "dist_ground": 0.4, "disturbance": 2, "abundance": 2, "memo": ""}}, {"type": "Feature", "geometry": {"type": "Point", "coordinates": [127.905784, 36.979807]}, "properties": {"id": "GT-23", "type": "배설물", "ws": "달천하류", "date": "2026-04-22", "width": 73, "depth": "2", "quality": "3", "dist_water": 0.4, "dist_ground": 0.4, "disturbance": 2, "abundance": 2, "memo": ""}}, {"type": "Feature", "geometry": {"type": "Point", "coordinates": [127.906803, 36.97959]}, "properties": {"id": "GT-24", "type": "배설물", "ws": "달천하류", "date": "2026-04-22", "width": 73, "depth": "1", "quality": "3", "dist_water": 0.3, "dist_ground": 0.3, "disturbance": 2, "abundance": 2, "memo": ""}}, {"type": "Feature", "geometry": {"type": "Point", "coordinates": [127.906829, 36.97954]}, "properties": {"id": "GT-25", "type": "배설물", "ws": "달천하류", "date": "2026-04-22", "width": 73, "depth": "1", "quality": "3", "dist_water": 0.3, "dist_ground": 0.3, "disturbance": 2, "abundance": 2, "memo": ""}}, {"type": "Feature", "geometry": {"type": "Point", "coordinates": [127.906845, 36.979532]}, "properties": {"id": "GT-26", "type": "배설물", "ws": "달천하류", "date": "2026-04-22", "width": 73, "depth": "1", "quality": "3", "dist_water": 0.3, "dist_ground": 0.3, "disturbance": 2, "abundance": 2, "memo": ""}}, {"type": "Feature", "geometry": {"type": "Point", "coordinates": [127.907087, 36.979698]}, "properties": {"id": "GT-27", "type": "발자국", "ws": "달천하류", "date": "2026-04-22", "width": 73, "depth": "1", "quality": "3", "dist_water": 0.3, "dist_ground": 0.3, "disturbance": 2, "abundance": 2, "memo": ""}}, {"type": "Feature", "geometry": {"type": "Point", "coordinates": [127.90748, 36.981114]}, "properties": {"id": "GT-29", "type": "배설물", "ws": "달천하류", "date": "2026-04-22", "width": 48, "depth": "1", "quality": "3", "dist_water": 0.2, "dist_ground": 0.2, "disturbance": 2, "abundance": 2, "memo": ""}}, {"type": "Feature", "geometry": {"type": "Point", "coordinates": [127.908394, 36.981992]}, "properties": {"id": "GT-30", "type": "배설물", "ws": "달천하류", "date": "2026-04-22", "width": 34, "depth": "1", "quality": "3", "dist_water": 0.5, "dist_ground": 0.0, "disturbance": 2, "abundance": 2, "memo": ""}}, {"type": "Feature", "geometry": {"type": "Point", "coordinates": [127.908938, 36.982513]}, "properties": {"id": "GT-31", "type": "배설물", "ws": "달천하류", "date": "2026-04-22", "width": 34, "depth": "1", "quality": "3", "dist_water": 0.5, "dist_ground": 0.0, "disturbance": 2, "abundance": 2, "memo": ""}}, {"type": "Feature", "geometry": {"type": "Point", "coordinates": [127.909197, 36.982769]}, "properties": {"id": "GT-32", "type": "배설물", "ws": "달천하류", "date": "2026-04-22", "width": 41, "depth": "1", "quality": "3", "dist_water": 0.1, "dist_ground": 0.1, "disturbance": 2, "abundance": 2, "memo": ""}}, {"type": "Feature", "geometry": {"type": "Point", "coordinates": [127.909492, 36.982919]}, "properties": {"id": "GT-33", "type": "배설물", "ws": "달천하류", "date": "2026-04-22", "width": 41, "depth": "1", "quality": "3", "dist_water": 10.0, "dist_ground": 0.1, "disturbance": 2, "abundance": 2, "memo": ""}}, {"type": "Feature", "geometry": {"type": "Point", "coordinates": [127.909484, 36.982923]}, "properties": {"id": "GT-34", "type": "배설물", "ws": "달천하류", "date": "2026-04-22", "width": 41, "depth": "1", "quality": "3", "dist_water": 10.0, "dist_ground": 0.1, "disturbance": 2, "abundance": 2, "memo": ""}}, {"type": "Feature", "geometry": {"type": "Point", "coordinates": [127.90948, 36.982909]}, "properties": {"id": "GT-35", "type": "배설물", "ws": "달천하류", "date": "2026-04-22", "width": 41, "depth": "1", "quality": "3", "dist_water": 10.0, "dist_ground": 0.1, "disturbance": 2, "abundance": 2, "memo": ""}}, {"type": "Feature", "geometry": {"type": "Point", "coordinates": [127.909469, 36.982914]}, "properties": {"id": "GT-36", "type": "배설물", "ws": "달천하류", "date": "2026-04-22", "width": 41, "depth": "1", "quality": "3", "dist_water": 10.0, "dist_ground": 0.1, "disturbance": 2, "abundance": 2, "memo": ""}}, {"type": "Feature", "geometry": {"type": "Point", "coordinates": [127.909462, 36.982923]}, "properties": {"id": "GT-37", "type": "발자국", "ws": "달천하류", "date": "2026-04-22", "width": 41, "depth": "1", "quality": "3", "dist_water": 10.0, "dist_ground": 0.1, "disturbance": 2, "abundance": 2, "memo": ""}}, {"type": "Feature", "geometry": {"type": "Point", "coordinates": [127.912693, 36.984068]}, "properties": {"id": "GT-38", "type": "배설물", "ws": "달천하류", "date": "2026-04-22", "width": 32, "depth": "1", "quality": "3", "dist_water": 0.3, "dist_ground": 0.3, "disturbance": 2, "abundance": 2, "memo": ""}}, {"type": "Feature", "geometry": {"type": "Point", "coordinates": [127.933238, 36.927939]}, "properties": {"id": "GT-01", "type": "배설물", "ws": "달천하류", "date": "2026-04-24", "width": 40, "depth": "1", "quality": "2", "dist_water": 0.3, "dist_ground": 0.3, "disturbance": 2, "abundance": 2, "memo": ""}}, {"type": "Feature", "geometry": {"type": "Point", "coordinates": [127.933234, 36.927944]}, "properties": {"id": "GT-02", "type": "배설물", "ws": "달천하류", "date": "2026-04-24", "width": 40, "depth": "1", "quality": "2", "dist_water": 0.3, "dist_ground": 0.3, "disturbance": 2, "abundance": 2, "memo": ""}}, {"type": "Feature", "geometry": {"type": "Point", "coordinates": [127.933228, 36.927938]}, "properties": {"id": "GT-03", "type": "배설물", "ws": "달천하류", "date": "2026-04-24", "width": 40, "depth": "1", "quality": "2", "dist_water": 0.3, "dist_ground": 0.3, "disturbance": 2, "abundance": 2, "memo": ""}}, {"type": "Feature", "geometry": {"type": "Point", "coordinates": [127.933268, 36.927818]}, "properties": {"id": "GT-04", "type": "배설물", "ws": "달천하류", "date": "2026-04-24", "width": 40, "depth": "1", "quality": "2", "dist_water": 0.3, "dist_ground": 0.3, "disturbance": 2, "abundance": 2, "memo": ""}}, {"type": "Feature", "geometry": {"type": "Point", "coordinates": [127.933383, 36.927738]}, "properties": {"id": "GT-05", "type": "배설물", "ws": "달천하류", "date": "2026-04-24", "width": 40, "depth": "1", "quality": "2", "dist_water": 0.3, "dist_ground": 0.3, "disturbance": 2, "abundance": 2, "memo": ""}}, {"type": "Feature", "geometry": {"type": "Point", "coordinates": [127.933369, 36.92771]}, "properties": {"id": "GT-06", "type": "발자국", "ws": "달천하류", "date": "2026-04-24", "width": 40, "depth": "1", "quality": "2", "dist_water": 0.3, "dist_ground": 0.3, "disturbance": 2, "abundance": 2, "memo": ""}}, {"type": "Feature", "geometry": {"type": "Point", "coordinates": [127.9369, 36.926085]}, "properties": {"id": "GT-07", "type": "배설물", "ws": "달천하류", "date": "2026-04-24", "width": 35, "depth": "1", "quality": "2", "dist_water": 10.0, "dist_ground": 0.3, "disturbance": 2, "abundance": 2, "memo": ""}}, {"type": "Feature", "geometry": {"type": "Point", "coordinates": [127.929209, 36.928775]}, "properties": {"id": "GT-08", "type": "배설물", "ws": "달천하류", "date": "2026-04-24", "width": 157, "depth": "2", "quality": "2", "dist_water": 1.0, "dist_ground": 0.3, "disturbance": 2, "abundance": 2, "memo": ""}}, {"type": "Feature", "geometry": {"type": "Point", "coordinates": [127.929225, 36.928773]}, "properties": {"id": "GT-09", "type": "배설물", "ws": "달천하류", "date": "2026-04-24", "width": 157, "depth": "2", "quality": "2", "dist_water": 1.0, "dist_ground": 0.3, "disturbance": 2, "abundance": 2, "memo": ""}}, {"type": "Feature", "geometry": {"type": "Point", "coordinates": [127.92903, 36.935566]}, "properties": {"id": "GT-10", "type": "배설물", "ws": "달천하류", "date": "2026-04-24", "width": 166, "depth": "5", "quality": "2", "dist_water": 0.5, "dist_ground": 1.0, "disturbance": 2, "abundance": 3, "memo": ""}}, {"type": "Feature", "geometry": {"type": "Point", "coordinates": [127.928252, 36.93499]}, "properties": {"id": "GT-12", "type": "목견", "ws": "달천하류", "date": "2026-04-24", "width": 2, "depth": "5", "quality": "2", "dist_water": 0.0, "dist_ground": 1.0, "disturbance": 2, "abundance": 3, "memo": "수달2마리 목견"}}, {"type": "Feature", "geometry": {"type": "Point", "coordinates": [127.912611, 36.941525]}, "properties": {"id": "GT-14", "type": "발자국", "ws": "달천하류", "date": "2026-04-24", "width": 272, "depth": "2", "quality": "2", "dist_water": 0.5, "dist_ground": 0.0, "disturbance": 2, "abundance": 3, "memo": ""}}, {"type": "Feature", "geometry": {"type": "Point", "coordinates": [127.900364, 36.941732]}, "properties": {"id": "GT-16", "type": "배설물", "ws": "달천하류", "date": "2026-04-24", "width": 289, "depth": "3", "quality": "2", "dist_water": 0.3, "dist_ground": 0.3, "disturbance": 3, "abundance": 3, "memo": "포대자루, 캠핑장"}}, {"type": "Feature", "geometry": {"type": "Point", "coordinates": [127.90034, 36.941723]}, "properties": {"id": "GT-17", "type": "배설물", "ws": "달천하류", "date": "2026-04-24", "width": 289, "depth": "3", "quality": "2", "dist_water": 0.3, "dist_ground": 0.3, "disturbance": 3, "abundance": 3, "memo": "캠핑장"}}, {"type": "Feature", "geometry": {"type": "Point", "coordinates": [127.883622, 36.942538]}, "properties": {"id": "GT-19", "type": "발자국", "ws": "달천하류", "date": "2026-04-24", "width": 25, "depth": "1", "quality": "5", "dist_water": 1.0, "dist_ground": 0.2, "disturbance": 5, "abundance": 1, "memo": "공사"}}, {"type": "Feature", "geometry": {"type": "Point", "coordinates": [127.883605, 36.942545]}, "properties": {"id": "GT-20", "type": "배설물", "ws": "달천하류", "date": "2026-04-24", "width": 25, "depth": "1", "quality": "5", "dist_water": 1.0, "dist_ground": 0.2, "disturbance": 5, "abundance": 1, "memo": "공사"}}, {"type": "Feature", "geometry": {"type": "Point", "coordinates": [127.897859, 36.941491]}, "properties": {"id": "GT-25", "type": "배설물", "ws": "달천하류", "date": "2026-04-24", "width": 240, "depth": "5", "quality": "2", "dist_water": 0.3, "dist_ground": 0.2, "disturbance": 3, "abundance": 3, "memo": "캠핑장"}}, {"type": "Feature", "geometry": {"type": "Point", "coordinates": [127.895935, 36.941071]}, "properties": {"id": "GT-26", "type": "배설물", "ws": "달천하류", "date": "2026-04-24", "width": 290, "depth": "4", "quality": "2", "dist_water": 0.3, "dist_ground": 0.3, "disturbance": 2, "abundance": 3, "memo": ""}}, {"type": "Feature", "geometry": {"type": "Point", "coordinates": [127.894126, 36.940751]}, "properties": {"id": "GT-27", "type": "배설물", "ws": "달천하류", "date": "2026-04-24", "width": 350, "depth": "4", "quality": "2", "dist_water": 0.4, "dist_ground": 0.3, "disturbance": 2, "abundance": 3, "memo": ""}}, {"type": "Feature", "geometry": {"type": "Point", "coordinates": [127.890894, 36.948875]}, "properties": {"id": "GT-31", "type": "배설물", "ws": "달천하류", "date": "2026-04-24", "width": 255, "depth": "5", "quality": "2", "dist_water": 0.3, "dist_ground": 0.3, "disturbance": 2, "abundance": 3, "memo": ""}}, {"type": "Feature", "geometry": {"type": "Point", "coordinates": [127.955184, 36.92912]}, "properties": {"id": "GT-03", "type": "배설물", "ws": "달천하류", "date": "2026-03-28", "width": 5, "depth": "1", "quality": "3", "dist_water": 0.2, "dist_ground": 0.2, "disturbance": 2, "abundance": 2, "memo": ""}}, {"type": "Feature", "geometry": {"type": "Point", "coordinates": [127.954866, 36.929106]}, "properties": {"id": "GT-04", "type": "배설물", "ws": "달천하류", "date": "2026-03-28", "width": 5, "depth": "1", "quality": "3", "dist_water": 0.2, "dist_ground": 0.5, "disturbance": 2, "abundance": 2, "memo": ""}}, {"type": "Feature", "geometry": {"type": "Point", "coordinates": [127.954344, 36.929285]}, "properties": {"id": "GT-05", "type": "배설물", "ws": "달천하류", "date": "2026-03-28", "width": 5, "depth": "1", "quality": "2", "dist_water": 0.3, "dist_ground": 0.3, "disturbance": 2, "abundance": 2, "memo": ""}}, {"type": "Feature", "geometry": {"type": "Point", "coordinates": [127.953737, 36.929275]}, "properties": {"id": "GT-06", "type": "배설물", "ws": "달천하류", "date": "2026-03-28", "width": 4, "depth": "1", "quality": "2", "dist_water": 0.2, "dist_ground": 0.3, "disturbance": 2, "abundance": 2, "memo": ""}}, {"type": "Feature", "geometry": {"type": "Point", "coordinates": [127.953331, 36.929432]}, "properties": {"id": "GT-07", "type": "배설물", "ws": "달천하류", "date": "2026-03-28", "width": 6, "depth": "1", "quality": "2", "dist_water": 1.0, "dist_ground": 0.2, "disturbance": 2, "abundance": 3, "memo": ""}}, {"type": "Feature", "geometry": {"type": "Point", "coordinates": [127.953184, 36.929505]}, "properties": {"id": "GT-08", "type": "배설물", "ws": "달천하류", "date": "2026-03-28", "width": 6, "depth": "2", "quality": "3", "dist_water": 0.5, "dist_ground": 0.5, "disturbance": 2, "abundance": 3, "memo": ""}}, {"type": "Feature", "geometry": {"type": "Point", "coordinates": [127.953175, 36.929506]}, "properties": {"id": "GT-09", "type": "배설물", "ws": "달천하류", "date": "2026-03-28", "width": 6, "depth": "2", "quality": "3", "dist_water": 0.5, "dist_ground": 0.5, "disturbance": 2, "abundance": 3, "memo": ""}}, {"type": "Feature", "geometry": {"type": "Point", "coordinates": [127.953227, 36.929589]}, "properties": {"id": "GT-10", "type": "배설물", "ws": "달천하류", "date": "2026-03-28", "width": 5, "depth": "1", "quality": "2", "dist_water": 0.5, "dist_ground": 0.3, "disturbance": 2, "abundance": 3, "memo": ""}}, {"type": "Feature", "geometry": {"type": "Point", "coordinates": [127.952801, 36.929481]}, "properties": {"id": "GT-11", "type": "배설물", "ws": "달천하류", "date": "2026-03-28", "width": 9, "depth": "1", "quality": "2", "dist_water": 1.0, "dist_ground": 0.3, "disturbance": 2, "abundance": 3, "memo": ""}}, {"type": "Feature", "geometry": {"type": "Point", "coordinates": [127.95279, 36.929479]}, "properties": {"id": "GT-12", "type": "배설물", "ws": "달천하류", "date": "2026-03-28", "width": 9, "depth": "1", "quality": "2", "dist_water": 1.0, "dist_ground": 0.3, "disturbance": 2, "abundance": 3, "memo": ""}}, {"type": "Feature", "geometry": {"type": "Point", "coordinates": [127.952779, 36.929476]}, "properties": {"id": "GT-13", "type": "배설물", "ws": "달천하류", "date": "2026-03-28", "width": 9, "depth": "1", "quality": "2", "dist_water": 1.0, "dist_ground": 0.3, "disturbance": 2, "abundance": 3, "memo": ""}}, {"type": "Feature", "geometry": {"type": "Point", "coordinates": [127.95274, 36.929492]}, "properties": {"id": "GT-14", "type": "배설물", "ws": "달천하류", "date": "2026-03-28", "width": 9, "depth": "1", "quality": "2", "dist_water": 1.0, "dist_ground": 0.3, "disturbance": 2, "abundance": 3, "memo": ""}}, {"type": "Feature", "geometry": {"type": "Point", "coordinates": [127.951968, 36.929356]}, "properties": {"id": "GT-15", "type": "배설물", "ws": "달천하류", "date": "2026-03-28", "width": 9, "depth": "1", "quality": "2", "dist_water": 1.0, "dist_ground": 0.1, "disturbance": 2, "abundance": 3, "memo": ""}}, {"type": "Feature", "geometry": {"type": "Point", "coordinates": [127.9512, 36.928883]}, "properties": {"id": "GT-16", "type": "배설물", "ws": "달천하류", "date": "2026-03-28", "width": 7, "depth": "1", "quality": "2", "dist_water": 0.3, "dist_ground": 0.3, "disturbance": 2, "abundance": 3, "memo": ""}}, {"type": "Feature", "geometry": {"type": "Point", "coordinates": [127.950089, 36.927788]}, "properties": {"id": "GT-18", "type": "배설물", "ws": "달천하류", "date": "2026-03-28", "width": 15, "depth": "1", "quality": "3", "dist_water": 3.0, "dist_ground": 0.5, "disturbance": 2, "abundance": 2, "memo": ""}}, {"type": "Feature", "geometry": {"type": "Point", "coordinates": [127.950084, 36.927759]}, "properties": {"id": "GT-19", "type": "배설물", "ws": "달천하류", "date": "2026-03-28", "width": 15, "depth": "1", "quality": "3", "dist_water": 3.0, "dist_ground": 0.5, "disturbance": 2, "abundance": 2, "memo": ""}}, {"type": "Feature", "geometry": {"type": "Point", "coordinates": [127.950071, 36.927761]}, "properties": {"id": "GT-20", "type": "배설물", "ws": "달천하류", "date": "2026-03-28", "width": 15, "depth": "1", "quality": "3", "dist_water": 3.0, "dist_ground": 0.5, "disturbance": 2, "abundance": 2, "memo": ""}}, {"type": "Feature", "geometry": {"type": "Point", "coordinates": [127.950059, 36.927758]}, "properties": {"id": "GT-21", "type": "배설물", "ws": "달천하류", "date": "2026-03-28", "width": 15, "depth": "1", "quality": "3", "dist_water": 3.0, "dist_ground": 0.5, "disturbance": 2, "abundance": 2, "memo": ""}}, {"type": "Feature", "geometry": {"type": "Point", "coordinates": [127.948095, 36.926322]}, "properties": {"id": "GT-24", "type": "배설물", "ws": "달천하류", "date": "2026-03-28", "width": 8, "depth": "6", "quality": "6", "dist_water": 0.0, "dist_ground": 0.3, "disturbance": 2, "abundance": 1, "memo": "건천"}}, {"type": "Feature", "geometry": {"type": "Point", "coordinates": [127.947773, 36.926239]}, "properties": {"id": "GT-25", "type": "배설물", "ws": "달천하류", "date": "2026-03-28", "width": 8, "depth": "6", "quality": "6", "dist_water": 0.0, "dist_ground": 0.3, "disturbance": 2, "abundance": 1, "memo": "건천"}}, {"type": "Feature", "geometry": {"type": "Point", "coordinates": [127.946986, 36.925778]}, "properties": {"id": "GT-26", "type": "배설물", "ws": "달천하류", "date": "2026-03-28", "width": 7, "depth": "6", "quality": "6", "dist_water": 0.0, "dist_ground": 0.3, "disturbance": 2, "abundance": 1, "memo": "건천"}}, {"type": "Feature", "geometry": {"type": "Point", "coordinates": [127.943707, 36.92294]}, "properties": {"id": "GT-28", "type": "배설물", "ws": "달천하류", "date": "2026-03-28", "width": 11, "depth": "2", "quality": "3", "dist_water": 1.0, "dist_ground": 0.3, "disturbance": 2, "abundance": 3, "memo": ""}}, {"type": "Feature", "geometry": {"type": "Point", "coordinates": [127.94127, 36.921117]}, "properties": {"id": "GT-30", "type": "배설물", "ws": "달천하류", "date": "2026-03-28", "width": 20, "depth": "1", "quality": "3", "dist_water": 1.0, "dist_ground": 0.3, "disturbance": 3, "abundance": 2, "memo": ""}}, {"type": "Feature", "geometry": {"type": "Point", "coordinates": [127.941456, 36.920619]}, "properties": {"id": "GT-31", "type": "배설물", "ws": "달천하류", "date": "2026-03-28", "width": 24, "depth": "2", "quality": "3", "dist_water": 0.3, "dist_ground": 0.3, "disturbance": 2, "abundance": 2, "memo": ""}}, {"type": "Feature", "geometry": {"type": "Point", "coordinates": [127.941849, 36.920331]}, "properties": {"id": "GT-32", "type": "배설물", "ws": "달천하류", "date": "2026-03-28", "width": 24, "depth": "2", "quality": "3", "dist_water": 0.3, "dist_ground": 0.3, "disturbance": 2, "abundance": 2, "memo": ""}}, {"type": "Feature", "geometry": {"type": "Point", "coordinates": [127.942284, 36.920122]}, "properties": {"id": "GT-33", "type": "배설물", "ws": "달천하류", "date": "2026-03-28", "width": 24, "depth": "2", "quality": "3", "dist_water": 0.3, "dist_ground": 0.3, "disturbance": 2, "abundance": 2, "memo": ""}}, {"type": "Feature", "geometry": {"type": "Point", "coordinates": [127.943505, 36.919514]}, "properties": {"id": "GT-34", "type": "배설물", "ws": "달천하류", "date": "2026-03-28", "width": 21, "depth": "1", "quality": "4", "dist_water": 0.3, "dist_ground": 0.2, "disturbance": 2, "abundance": 2, "memo": ""}}, {"type": "Feature", "geometry": {"type": "Point", "coordinates": [127.943821, 36.919307]}, "properties": {"id": "GT-35", "type": "배설물", "ws": "달천하류", "date": "2026-03-28", "width": 21, "depth": "1", "quality": "4", "dist_water": 0.3, "dist_ground": 0.2, "disturbance": 2, "abundance": 2, "memo": ""}}, {"type": "Feature", "geometry": {"type": "Point", "coordinates": [127.943938, 36.919253]}, "properties": {"id": "GT-36", "type": "배설물", "ws": "달천하류", "date": "2026-03-28", "width": 21, "depth": "1", "quality": "4", "dist_water": 0.3, "dist_ground": 0.2, "disturbance": 2, "abundance": 2, "memo": ""}}, {"type": "Feature", "geometry": {"type": "Point", "coordinates": [127.944106, 36.919141]}, "properties": {"id": "GT-37", "type": "배설물", "ws": "달천하류", "date": "2026-03-28", "width": 21, "depth": "1", "quality": "4", "dist_water": 0.3, "dist_ground": 0.2, "disturbance": 2, "abundance": 2, "memo": ""}}, {"type": "Feature", "geometry": {"type": "Point", "coordinates": [127.944157, 36.919104]}, "properties": {"id": "GT-38", "type": "배설물", "ws": "달천하류", "date": "2026-03-28", "width": 21, "depth": "1", "quality": "4", "dist_water": 0.3, "dist_ground": 0.2, "disturbance": 2, "abundance": 2, "memo": ""}}, {"type": "Feature", "geometry": {"type": "Point", "coordinates": [127.944304, 36.919018]}, "properties": {"id": "GT-39", "type": "배설물", "ws": "달천하류", "date": "2026-03-28", "width": 18, "depth": "2", "quality": "3", "dist_water": 0.3, "dist_ground": 0.3, "disturbance": 2, "abundance": 3, "memo": ""}}, {"type": "Feature", "geometry": {"type": "Point", "coordinates": [127.944328, 36.919034]}, "properties": {"id": "GT-40", "type": "배설물", "ws": "달천하류", "date": "2026-03-28", "width": 18, "depth": "2", "quality": "3", "dist_water": 0.3, "dist_ground": 0.3, "disturbance": 2, "abundance": 3, "memo": ""}}, {"type": "Feature", "geometry": {"type": "Point", "coordinates": [127.94472, 36.918798]}, "properties": {"id": "GT-41", "type": "배설물", "ws": "달천하류", "date": "2026-03-28", "width": 18, "depth": "2", "quality": "3", "dist_water": 0.3, "dist_ground": 0.3, "disturbance": 2, "abundance": 3, "memo": ""}}, {"type": "Feature", "geometry": {"type": "Point", "coordinates": [127.944893, 36.91874]}, "properties": {"id": "GT-42", "type": "배설물", "ws": "달천하류", "date": "2026-03-28", "width": 18, "depth": "2", "quality": "3", "dist_water": 0.3, "dist_ground": 0.3, "disturbance": 2, "abundance": 3, "memo": ""}}, {"type": "Feature", "geometry": {"type": "Point", "coordinates": [127.946507, 36.917503]}, "properties": {"id": "GT-43", "type": "배설물", "ws": "달천하류", "date": "2026-03-28", "width": 20, "depth": "1", "quality": "3", "dist_water": 0.2, "dist_ground": 0.5, "disturbance": 2, "abundance": 2, "memo": ""}}, {"type": "Feature", "geometry": {"type": "Point", "coordinates": [127.948362, 36.91422]}, "properties": {"id": "GT-45", "type": "배설물", "ws": "달천하류", "date": "2026-03-28", "width": 28, "depth": "1", "quality": "3", "dist_water": 0.2, "dist_ground": 0.3, "disturbance": 2, "abundance": 2, "memo": ""}}, {"type": "Feature", "geometry": {"type": "Point", "coordinates": [127.951045, 36.9123]}, "properties": {"id": "GT-47", "type": "배설물", "ws": "달천하류", "date": "2026-03-28", "width": 18, "depth": "1", "quality": "3", "dist_water": 0.3, "dist_ground": 0.5, "disturbance": 2, "abundance": 2, "memo": ""}}, {"type": "Feature", "geometry": {"type": "Point", "coordinates": [127.950459, 36.909291]}, "properties": {"id": "GT-48", "type": "배설물", "ws": "달천하류", "date": "2026-03-28", "width": 20, "depth": "1", "quality": "3", "dist_water": 0.1, "dist_ground": 0.1, "disturbance": 2, "abundance": 3, "memo": ""}}, {"type": "Feature", "geometry": {"type": "Point", "coordinates": [127.950453, 36.9093]}, "properties": {"id": "GT-49", "type": "배설물", "ws": "달천하류", "date": "2026-03-28", "width": 20, "depth": "1", "quality": "3", "dist_water": 0.1, "dist_ground": 0.1, "disturbance": 2, "abundance": 3, "memo": ""}}, {"type": "Feature", "geometry": {"type": "Point", "coordinates": [127.950445, 36.909306]}, "properties": {"id": "GT-50", "type": "배설물", "ws": "달천하류", "date": "2026-03-28", "width": 20, "depth": "1", "quality": "3", "dist_water": 0.1, "dist_ground": 0.1, "disturbance": 2, "abundance": 3, "memo": ""}}, {"type": "Feature", "geometry": {"type": "Point", "coordinates": [127.95249, 36.908051]}, "properties": {"id": "GT-51", "type": "배설물", "ws": "달천하류", "date": "2026-03-28", "width": 12, "depth": "1", "quality": "3", "dist_water": 0.2, "dist_ground": 0.2, "disturbance": 2, "abundance": 2, "memo": ""}}, {"type": "Feature", "geometry": {"type": "Point", "coordinates": [127.952668, 36.907932]}, "properties": {"id": "GT-52", "type": "배설물", "ws": "달천하류", "date": "2026-03-28", "width": 12, "depth": "1", "quality": "3", "dist_water": 0.2, "dist_ground": 0.2, "disturbance": 2, "abundance": 2, "memo": ""}}, {"type": "Feature", "geometry": {"type": "Point", "coordinates": [127.956383, 36.90608]}, "properties": {"id": "GT-53", "type": "배설물", "ws": "달천하류", "date": "2026-03-28", "width": 20, "depth": "1", "quality": "3", "dist_water": 0.1, "dist_ground": 0.1, "disturbance": 2, "abundance": 3, "memo": ""}}, {"type": "Feature", "geometry": {"type": "Point", "coordinates": [127.957052, 36.905807]}, "properties": {"id": "GT-54", "type": "배설물", "ws": "달천하류", "date": "2026-03-28", "width": 20, "depth": "1", "quality": "3", "dist_water": 0.1, "dist_ground": 0.1, "disturbance": 2, "abundance": 3, "memo": ""}}, {"type": "Feature", "geometry": {"type": "Point", "coordinates": [127.957137, 36.905701]}, "properties": {"id": "GT-55", "type": "배설물", "ws": "달천하류", "date": "2026-03-28", "width": 15, "depth": "1", "quality": "3", "dist_water": 0.1, "dist_ground": 0.3, "disturbance": 2, "abundance": 3, "memo": ""}}, {"type": "Feature", "geometry": {"type": "Point", "coordinates": [127.957165, 36.905679]}, "properties": {"id": "GT-56", "type": "배설물", "ws": "달천하류", "date": "2026-03-28", "width": 15, "depth": "1", "quality": "3", "dist_water": 0.1, "dist_ground": 0.3, "disturbance": 2, "abundance": 3, "memo": ""}}, {"type": "Feature", "geometry": {"type": "Point", "coordinates": [127.957514, 36.905124]}, "properties": {"id": "GT-57", "type": "배설물", "ws": "달천하류", "date": "2026-03-28", "width": 15, "depth": "1", "quality": "3", "dist_water": 0.1, "dist_ground": 0.3, "disturbance": 2, "abundance": 3, "memo": ""}}, {"type": "Feature", "geometry": {"type": "Point", "coordinates": [127.959001, 36.904868]}, "properties": {"id": "GT-58", "type": "배설물", "ws": "달천하류", "date": "2026-03-28", "width": 19, "depth": "1", "quality": "3", "dist_water": 0.2, "dist_ground": 0.1, "disturbance": 2, "abundance": 2, "memo": ""}}, {"type": "Feature", "geometry": {"type": "Point", "coordinates": [127.9594, 36.9049]}, "properties": {"id": "GT-59", "type": "배설물", "ws": "달천하류", "date": "2026-03-28", "width": 19, "depth": "1", "quality": "3", "dist_water": 0.2, "dist_ground": 0.1, "disturbance": 2, "abundance": 2, "memo": ""}}, {"type": "Feature", "geometry": {"type": "Point", "coordinates": [127.963909, 36.904256]}, "properties": {"id": "GT-61", "type": "배설물", "ws": "달천하류", "date": "2026-03-28", "width": 23, "depth": "1", "quality": "3", "dist_water": 0.1, "dist_ground": 0.2, "disturbance": 2, "abundance": 3, "memo": ""}}, {"type": "Feature", "geometry": {"type": "Point", "coordinates": [127.963888, 36.904192]}, "properties": {"id": "GT-62", "type": "배설물", "ws": "달천하류", "date": "2026-03-28", "width": 23, "depth": "1", "quality": "3", "dist_water": 0.1, "dist_ground": 0.2, "disturbance": 2, "abundance": 3, "memo": ""}}, {"type": "Feature", "geometry": {"type": "Point", "coordinates": [127.966094, 36.902821]}, "properties": {"id": "GT-63", "type": "배설물", "ws": "달천하류", "date": "2026-03-28", "width": 24, "depth": "1", "quality": "3", "dist_water": 0.1, "dist_ground": 0.2, "disturbance": 2, "abundance": 2, "memo": ""}}, {"type": "Feature", "geometry": {"type": "Point", "coordinates": [127.965957, 36.902765]}, "properties": {"id": "GT-64", "type": "배설물", "ws": "달천하류", "date": "2026-03-28", "width": 24, "depth": "1", "quality": "3", "dist_water": 0.1, "dist_ground": 0.2, "disturbance": 2, "abundance": 2, "memo": ""}}, {"type": "Feature", "geometry": {"type": "Point", "coordinates": [127.987753, 36.918521]}, "properties": {"id": "GT-65", "type": "배설물", "ws": "달천하류", "date": "2026-03-28", "width": 6, "depth": "1", "quality": "3", "dist_water": 0.5, "dist_ground": 0.1, "disturbance": 2, "abundance": 2, "memo": ""}}, {"type": "Feature", "geometry": {"type": "Point", "coordinates": [127.985613, 36.911834]}, "properties": {"id": "GT-69", "type": "배설물", "ws": "달천하류", "date": "2026-03-28", "width": 10, "depth": "1", "quality": "3", "dist_water": 0.1, "dist_ground": 0.3, "disturbance": 1, "abundance": 2, "memo": ""}}, {"type": "Feature", "geometry": {"type": "Point", "coordinates": [127.984297, 36.91036]}, "properties": {"id": "GT-70", "type": "배설물", "ws": "달천하류", "date": "2026-03-28", "width": 10, "depth": "1", "quality": "3", "dist_water": 0.1, "dist_ground": 0.3, "disturbance": 2, "abundance": 2, "memo": ""}}, {"type": "Feature", "geometry": {"type": "Point", "coordinates": [127.984297, 36.910364]}, "properties": {"id": "GT-71", "type": "배설물", "ws": "달천하류", "date": "2026-03-28", "width": 10, "depth": "1", "quality": "3", "dist_water": 0.1, "dist_ground": 0.3, "disturbance": 2, "abundance": 2, "memo": ""}}, {"type": "Feature", "geometry": {"type": "Point", "coordinates": [127.984718, 36.909932]}, "properties": {"id": "GT-72", "type": "배설물", "ws": "달천하류", "date": "2026-03-28", "width": 5, "depth": "1", "quality": "3", "dist_water": 0.5, "dist_ground": 0.2, "disturbance": 2, "abundance": 2, "memo": ""}}, {"type": "Feature", "geometry": {"type": "Point", "coordinates": [127.98473, 36.90991]}, "properties": {"id": "GT-73", "type": "배설물", "ws": "달천하류", "date": "2026-03-28", "width": 5, "depth": "1", "quality": "3", "dist_water": 0.5, "dist_ground": 0.2, "disturbance": 2, "abundance": 2, "memo": ""}}, {"type": "Feature", "geometry": {"type": "Point", "coordinates": [127.982604, 36.908526]}, "properties": {"id": "GT-75", "type": "배설물", "ws": "달천하류", "date": "2026-03-28", "width": 10, "depth": "1", "quality": "3", "dist_water": 1.5, "dist_ground": 0.3, "disturbance": 2, "abundance": 2, "memo": ""}}, {"type": "Feature", "geometry": {"type": "Point", "coordinates": [127.98254, 36.90823]}, "properties": {"id": "GT-76", "type": "배설물", "ws": "달천하류", "date": "2026-03-28", "width": 10, "depth": "1", "quality": "3", "dist_water": 0.1, "dist_ground": 0.2, "disturbance": 2, "abundance": 2, "memo": ""}}, {"type": "Feature", "geometry": {"type": "Point", "coordinates": [127.981482, 36.907457]}, "properties": {"id": "GT-77", "type": "배설물", "ws": "달천하류", "date": "2026-03-28", "width": 10, "depth": "1", "quality": "3", "dist_water": 0.1, "dist_ground": 0.2, "disturbance": 2, "abundance": 2, "memo": ""}}, {"type": "Feature", "geometry": {"type": "Point", "coordinates": [127.979586, 36.906725]}, "properties": {"id": "GT-78", "type": "배설물", "ws": "달천하류", "date": "2026-03-28", "width": 12, "depth": "1", "quality": "3", "dist_water": 0.1, "dist_ground": 0.3, "disturbance": 2, "abundance": 3, "memo": ""}}, {"type": "Feature", "geometry": {"type": "Point", "coordinates": [127.976431, 36.904873]}, "properties": {"id": "GT-79", "type": "배설물", "ws": "달천하류", "date": "2026-03-28", "width": 14, "depth": "2", "quality": "3", "dist_water": 0.1, "dist_ground": 0.3, "disturbance": 2, "abundance": 3, "memo": ""}}, {"type": "Feature", "geometry": {"type": "Point", "coordinates": [127.976421, 36.904875]}, "properties": {"id": "GT-80", "type": "배설물", "ws": "달천하류", "date": "2026-03-28", "width": 14, "depth": "2", "quality": "3", "dist_water": 0.1, "dist_ground": 0.3, "disturbance": 2, "abundance": 3, "memo": ""}}, {"type": "Feature", "geometry": {"type": "Point", "coordinates": [127.976419, 36.90487]}, "properties": {"id": "GT-81", "type": "배설물", "ws": "달천하류", "date": "2026-03-28", "width": 14, "depth": "2", "quality": "3", "dist_water": 0.1, "dist_ground": 0.3, "disturbance": 2, "abundance": 3, "memo": ""}}, {"type": "Feature", "geometry": {"type": "Point", "coordinates": [127.976419, 36.904866]}, "properties": {"id": "GT-82", "type": "배설물", "ws": "달천하류", "date": "2026-03-28", "width": 14, "depth": "2", "quality": "3", "dist_water": 0.1, "dist_ground": 0.3, "disturbance": 2, "abundance": 3, "memo": ""}}, {"type": "Feature", "geometry": {"type": "Point", "coordinates": [127.97641, 36.904865]}, "properties": {"id": "GT-83", "type": "배설물", "ws": "달천하류", "date": "2026-03-28", "width": 14, "depth": "2", "quality": "3", "dist_water": 0.1, "dist_ground": 0.3, "disturbance": 2, "abundance": 3, "memo": ""}}, {"type": "Feature", "geometry": {"type": "Point", "coordinates": [127.976405, 36.90486]}, "properties": {"id": "GT-84", "type": "배설물", "ws": "달천하류", "date": "2026-03-28", "width": 14, "depth": "2", "quality": "3", "dist_water": 0.1, "dist_ground": 0.3, "disturbance": 2, "abundance": 3, "memo": ""}}, {"type": "Feature", "geometry": {"type": "Point", "coordinates": [127.976425, 36.904927]}, "properties": {"id": "GT-85", "type": "배설물", "ws": "달천하류", "date": "2026-03-28", "width": 14, "depth": "2", "quality": "3", "dist_water": 0.1, "dist_ground": 0.3, "disturbance": 2, "abundance": 3, "memo": ""}}, {"type": "Feature", "geometry": {"type": "Point", "coordinates": [127.97397, 36.903953]}, "properties": {"id": "GT-86", "type": "배설물", "ws": "달천하류", "date": "2026-03-28", "width": 13, "depth": "1", "quality": "3", "dist_water": 0.2, "dist_ground": 0.3, "disturbance": 2, "abundance": 3, "memo": ""}}, {"type": "Feature", "geometry": {"type": "Point", "coordinates": [127.967539, 36.902973]}, "properties": {"id": "GT-87", "type": "배설물", "ws": "달천하류", "date": "2026-03-28", "width": 16, "depth": "1", "quality": "3", "dist_water": 0.1, "dist_ground": 0.3, "disturbance": 2, "abundance": 3, "memo": ""}}, {"type": "Feature", "geometry": {"type": "Point", "coordinates": [127.966143, 36.902466]}, "properties": {"id": "GT-88", "type": "배설물", "ws": "달천하류", "date": "2026-03-28", "width": 12, "depth": "1", "quality": "3", "dist_water": 0.1, "dist_ground": 0.3, "disturbance": 2, "abundance": 3, "memo": ""}}, {"type": "Feature", "geometry": {"type": "Point", "coordinates": [127.966137, 36.902467]}, "properties": {"id": "GT-89", "type": "배설물", "ws": "달천하류", "date": "2026-03-28", "width": 12, "depth": "1", "quality": "3", "dist_water": 0.1, "dist_ground": 0.3, "disturbance": 2, "abundance": 3, "memo": ""}}, {"type": "Feature", "geometry": {"type": "Point", "coordinates": [127.966705, 36.902158]}, "properties": {"id": "GT-90", "type": "배설물", "ws": "달천하류", "date": "2026-03-28", "width": 13, "depth": "1", "quality": "3", "dist_water": 0.1, "dist_ground": 0.3, "disturbance": 2, "abundance": 3, "memo": ""}}, {"type": "Feature", "geometry": {"type": "Point", "coordinates": [127.967654, 36.901866]}, "properties": {"id": "GT-91", "type": "배설물", "ws": "달천하류", "date": "2026-03-28", "width": 13, "depth": "1", "quality": "3", "dist_water": 0.1, "dist_ground": 0.3, "disturbance": 2, "abundance": 3, "memo": ""}}, {"type": "Feature", "geometry": {"type": "Point", "coordinates": [127.968619, 36.901236]}, "properties": {"id": "GT-92", "type": "배설물", "ws": "달천하류", "date": "2026-03-28", "width": 14, "depth": "1", "quality": "3", "dist_water": 0.2, "dist_ground": 0.5, "disturbance": 2, "abundance": 3, "memo": ""}}, {"type": "Feature", "geometry": {"type": "Point", "coordinates": [127.968655, 36.901207]}, "properties": {"id": "GT-93", "type": "배설물", "ws": "달천하류", "date": "2026-03-28", "width": 14, "depth": "1", "quality": "3", "dist_water": 0.2, "dist_ground": 0.5, "disturbance": 2, "abundance": 3, "memo": ""}}, {"type": "Feature", "geometry": {"type": "Point", "coordinates": [127.968794, 36.901068]}, "properties": {"id": "GT-94", "type": "배설물", "ws": "달천하류", "date": "2026-03-28", "width": 14, "depth": "1", "quality": "3", "dist_water": 0.2, "dist_ground": 0.5, "disturbance": 2, "abundance": 3, "memo": ""}}, {"type": "Feature", "geometry": {"type": "Point", "coordinates": [127.968864, 36.900985]}, "properties": {"id": "GT-95", "type": "배설물", "ws": "달천하류", "date": "2026-03-28", "width": 14, "depth": "1", "quality": "3", "dist_water": 0.2, "dist_ground": 0.5, "disturbance": 2, "abundance": 3, "memo": ""}}, {"type": "Feature", "geometry": {"type": "Point", "coordinates": [127.96901, 36.900945]}, "properties": {"id": "GT-96", "type": "배설물", "ws": "달천하류", "date": "2026-03-28", "width": 14, "depth": "1", "quality": "3", "dist_water": 0.1, "dist_ground": 0.3, "disturbance": 2, "abundance": 3, "memo": ""}}, {"type": "Feature", "geometry": {"type": "Point", "coordinates": [127.969254, 36.90093]}, "properties": {"id": "GT-97", "type": "배설물", "ws": "달천하류", "date": "2026-03-28", "width": 14, "depth": "1", "quality": "3", "dist_water": 0.1, "dist_ground": 0.3, "disturbance": 2, "abundance": 3, "memo": ""}}, {"type": "Feature", "geometry": {"type": "Point", "coordinates": [127.969247, 36.900939]}, "properties": {"id": "GT-98", "type": "배설물", "ws": "달천하류", "date": "2026-03-28", "width": 14, "depth": "1", "quality": "3", "dist_water": 0.1, "dist_ground": 0.3, "disturbance": 2, "abundance": 3, "memo": ""}}, {"type": "Feature", "geometry": {"type": "Point", "coordinates": [127.969777, 36.900772]}, "properties": {"id": "GT-99", "type": "배설물", "ws": "달천하류", "date": "2026-03-28", "width": 14, "depth": "1", "quality": "3", "dist_water": 0.1, "dist_ground": 0.3, "disturbance": 2, "abundance": 3, "memo": ""}}, {"type": "Feature", "geometry": {"type": "Point", "coordinates": [127.969873, 36.900755]}, "properties": {"id": "GT-100", "type": "배설물", "ws": "달천하류", "date": "2026-03-28", "width": 14, "depth": "1", "quality": "3", "dist_water": 0.1, "dist_ground": 0.3, "disturbance": 2, "abundance": 3, "memo": ""}}, {"type": "Feature", "geometry": {"type": "Point", "coordinates": [127.970859, 36.900644]}, "properties": {"id": "GT-101", "type": "배설물", "ws": "달천하류", "date": "2026-03-28", "width": 14, "depth": "1", "quality": "3", "dist_water": 0.1, "dist_ground": 0.3, "disturbance": 2, "abundance": 3, "memo": ""}}, {"type": "Feature", "geometry": {"type": "Point", "coordinates": [127.970857, 36.900655]}, "properties": {"id": "GT-102", "type": "배설물", "ws": "달천하류", "date": "2026-03-28", "width": 14, "depth": "1", "quality": "3", "dist_water": 0.1, "dist_ground": 0.3, "disturbance": 2, "abundance": 3, "memo": ""}}, {"type": "Feature", "geometry": {"type": "Point", "coordinates": [127.971195, 36.900631]}, "properties": {"id": "GT-103", "type": "배설물", "ws": "달천하류", "date": "2026-03-28", "width": 14, "depth": "1", "quality": "3", "dist_water": 0.1, "dist_ground": 0.3, "disturbance": 2, "abundance": 3, "memo": ""}}, {"type": "Feature", "geometry": {"type": "Point", "coordinates": [127.971506, 36.900431]}, "properties": {"id": "GT-104", "type": "배설물", "ws": "달천하류", "date": "2026-03-28", "width": 14, "depth": "1", "quality": "3", "dist_water": 0.1, "dist_ground": 0.3, "disturbance": 2, "abundance": 3, "memo": ""}}, {"type": "Feature", "geometry": {"type": "Point", "coordinates": [127.971521, 36.900425]}, "properties": {"id": "GT-105", "type": "배설물", "ws": "달천하류", "date": "2026-03-28", "width": 14, "depth": "1", "quality": "3", "dist_water": 0.1, "dist_ground": 0.3, "disturbance": 2, "abundance": 3, "memo": ""}}, {"type": "Feature", "geometry": {"type": "Point", "coordinates": [127.975029, 36.898715]}, "properties": {"id": "GT-107", "type": "배설물", "ws": "달천하류", "date": "2026-03-28", "width": 10, "depth": "1", "quality": "3", "dist_water": 0.1, "dist_ground": 0.1, "disturbance": 2, "abundance": 3, "memo": ""}}, {"type": "Feature", "geometry": {"type": "Point", "coordinates": [127.97568, 36.898536]}, "properties": {"id": "GT-108", "type": "배설물", "ws": "달천하류", "date": "2026-03-28", "width": 10, "depth": "1", "quality": "3", "dist_water": 0.1, "dist_ground": 0.1, "disturbance": 2, "abundance": 3, "memo": ""}}, {"type": "Feature", "geometry": {"type": "Point", "coordinates": [127.986838, 36.895285]}, "properties": {"id": "GT-111", "type": "배설물", "ws": "달천하류", "date": "2026-03-28", "width": 17, "depth": "2", "quality": "4", "dist_water": 0.1, "dist_ground": 0.2, "disturbance": 2, "abundance": 2, "memo": ""}}, {"type": "Feature", "geometry": {"type": "Point", "coordinates": [127.986826, 36.895277]}, "properties": {"id": "GT-112", "type": "배설물", "ws": "달천하류", "date": "2026-03-28", "width": 17, "depth": "2", "quality": "4", "dist_water": 0.1, "dist_ground": 0.2, "disturbance": 2, "abundance": 2, "memo": ""}}, {"type": "Feature", "geometry": {"type": "Point", "coordinates": [127.986821, 36.895291]}, "properties": {"id": "GT-113", "type": "배설물", "ws": "달천하류", "date": "2026-03-28", "width": 17, "depth": "2", "quality": "4", "dist_water": 0.1, "dist_ground": 0.2, "disturbance": 2, "abundance": 2, "memo": ""}}, {"type": "Feature", "geometry": {"type": "Point", "coordinates": [127.98681, 36.895283]}, "properties": {"id": "GT-114", "type": "배설물", "ws": "달천하류", "date": "2026-03-28", "width": 17, "depth": "2", "quality": "4", "dist_water": 0.1, "dist_ground": 0.2, "disturbance": 2, "abundance": 2, "memo": ""}}, {"type": "Feature", "geometry": {"type": "Point", "coordinates": [127.986803, 36.895292]}, "properties": {"id": "GT-115", "type": "배설물", "ws": "달천하류", "date": "2026-03-28", "width": 17, "depth": "2", "quality": "4", "dist_water": 0.1, "dist_ground": 0.2, "disturbance": 2, "abundance": 2, "memo": ""}}, {"type": "Feature", "geometry": {"type": "Point", "coordinates": [127.98744, 36.895009]}, "properties": {"id": "GT-116", "type": "배설물", "ws": "달천하류", "date": "2026-03-28", "width": 14, "depth": "1", "quality": "3", "dist_water": 0.1, "dist_ground": 0.2, "disturbance": 2, "abundance": 2, "memo": ""}}, {"type": "Feature", "geometry": {"type": "Point", "coordinates": [127.987429, 36.895007]}, "properties": {"id": "GT-117", "type": "배설물", "ws": "달천하류", "date": "2026-03-28", "width": 14, "depth": "1", "quality": "3", "dist_water": 0.1, "dist_ground": 0.2, "disturbance": 2, "abundance": 2, "memo": ""}}, {"type": "Feature", "geometry": {"type": "Point", "coordinates": [127.927657, 36.926919]}, "properties": {"id": "ES-01", "type": "배설물", "ws": "달천하류", "date": "2026-03-28", "width": 120, "depth": "5", "quality": "3", "dist_water": 0.5, "dist_ground": 0.4, "disturbance": 2, "abundance": 2, "memo": ""}}, {"type": "Feature", "geometry": {"type": "Point", "coordinates": [127.927642, 36.926912]}, "properties": {"id": "ES-02", "type": "배설물", "ws": "달천하류", "date": "2026-03-28", "width": 120, "depth": "5", "quality": "3", "dist_water": 0.5, "dist_ground": 0.4, "disturbance": 2, "abundance": 2, "memo": ""}}, {"type": "Feature", "geometry": {"type": "Point", "coordinates": [127.927621, 36.926921]}, "properties": {"id": "ES-03", "type": "배설물", "ws": "달천하류", "date": "2026-03-28", "width": 120, "depth": "5", "quality": "3", "dist_water": 0.5, "dist_ground": 0.4, "disturbance": 2, "abundance": 2, "memo": ""}}, {"type": "Feature", "geometry": {"type": "Point", "coordinates": [127.927601, 36.926891]}, "properties": {"id": "ES-04", "type": "배설물", "ws": "달천하류", "date": "2026-03-28", "width": 120, "depth": "5", "quality": "3", "dist_water": 0.5, "dist_ground": 0.4, "disturbance": 2, "abundance": 2, "memo": ""}}, {"type": "Feature", "geometry": {"type": "Point", "coordinates": [127.927608, 36.926877]}, "properties": {"id": "ES-05", "type": "배설물", "ws": "달천하류", "date": "2026-03-28", "width": 120, "depth": "5", "quality": "3", "dist_water": 0.5, "dist_ground": 0.4, "disturbance": 2, "abundance": 2, "memo": ""}}, {"type": "Feature", "geometry": {"type": "Point", "coordinates": [127.920434, 36.922064]}, "properties": {"id": "ES-06", "type": "배설물", "ws": "달천하류", "date": "2026-03-28", "width": 92, "depth": "4", "quality": "3", "dist_water": 0.4, "dist_ground": 0.4, "disturbance": 2, "abundance": 2, "memo": ""}}, {"type": "Feature", "geometry": {"type": "Point", "coordinates": [127.920324, 36.921981]}, "properties": {"id": "ES-07", "type": "배설물", "ws": "달천하류", "date": "2026-03-28", "width": 92, "depth": "4", "quality": "3", "dist_water": 0.4, "dist_ground": 0.4, "disturbance": 2, "abundance": 2, "memo": ""}}, {"type": "Feature", "geometry": {"type": "Point", "coordinates": [127.920497, 36.922086]}, "properties": {"id": "ES-08", "type": "발자국", "ws": "달천하류", "date": "2026-03-28", "width": 92, "depth": "4", "quality": "3", "dist_water": 0.4, "dist_ground": 0.4, "disturbance": 2, "abundance": 2, "memo": ""}}, {"type": "Feature", "geometry": {"type": "Point", "coordinates": [127.918554, 36.918836]}, "properties": {"id": "ES-09", "type": "배설물", "ws": "달천하류", "date": "2026-03-28", "width": 130, "depth": "4", "quality": "3", "dist_water": 0.4, "dist_ground": 0.4, "disturbance": 2, "abundance": 2, "memo": ""}}, {"type": "Feature", "geometry": {"type": "Point", "coordinates": [127.913689, 36.914184]}, "properties": {"id": "ES-10", "type": "배설물", "ws": "달천하류", "date": "2026-03-28", "width": 107, "depth": "4", "quality": "3", "dist_water": 0.3, "dist_ground": 0.3, "disturbance": 2, "abundance": 2, "memo": ""}}, {"type": "Feature", "geometry": {"type": "Point", "coordinates": [127.91643, 36.907525]}, "properties": {"id": "ES-12", "type": "배설물", "ws": "달천하류", "date": "2026-03-28", "width": 133, "depth": "3", "quality": "3", "dist_water": 1.0, "dist_ground": 0.2, "disturbance": 2, "abundance": 2, "memo": ""}}, {"type": "Feature", "geometry": {"type": "Point", "coordinates": [127.916254, 36.907669]}, "properties": {"id": "ES-13", "type": "배설물", "ws": "달천하류", "date": "2026-03-28", "width": 133, "depth": "3", "quality": "3", "dist_water": 1.0, "dist_ground": 0.2, "disturbance": 2, "abundance": 2, "memo": ""}}, {"type": "Feature", "geometry": {"type": "Point", "coordinates": [127.916423, 36.907661]}, "properties": {"id": "ES-14", "type": "배설물", "ws": "달천하류", "date": "2026-03-28", "width": 133, "depth": "3", "quality": "3", "dist_water": 1.0, "dist_ground": 0.2, "disturbance": 2, "abundance": 2, "memo": ""}}, {"type": "Feature", "geometry": {"type": "Point", "coordinates": [127.916276, 36.907684]}, "properties": {"id": "ES-15", "type": "배설물", "ws": "달천하류", "date": "2026-03-28", "width": 133, "depth": "3", "quality": "3", "dist_water": 1.0, "dist_ground": 0.2, "disturbance": 2, "abundance": 2, "memo": ""}}, {"type": "Feature", "geometry": {"type": "Point", "coordinates": [127.916285, 36.907671]}, "properties": {"id": "ES-16", "type": "배설물", "ws": "달천하류", "date": "2026-03-28", "width": 133, "depth": "3", "quality": "3", "dist_water": 1.0, "dist_ground": 0.2, "disturbance": 2, "abundance": 2, "memo": ""}}, {"type": "Feature", "geometry": {"type": "Point", "coordinates": [127.91644, 36.907566]}, "properties": {"id": "ES-17", "type": "배설물", "ws": "달천하류", "date": "2026-03-28", "width": 133, "depth": "3", "quality": "3", "dist_water": 1.0, "dist_ground": 0.2, "disturbance": 2, "abundance": 2, "memo": ""}}, {"type": "Feature", "geometry": {"type": "Point", "coordinates": [127.9163, 36.907677]}, "properties": {"id": "ES-18", "type": "배설물", "ws": "달천하류", "date": "2026-03-28", "width": 133, "depth": "3", "quality": "3", "dist_water": 1.0, "dist_ground": 0.2, "disturbance": 2, "abundance": 2, "memo": ""}}, {"type": "Feature", "geometry": {"type": "Point", "coordinates": [127.916009, 36.907641]}, "properties": {"id": "ES-19", "type": "배설물", "ws": "달천하류", "date": "2026-03-28", "width": 138, "depth": "1", "quality": "3", "dist_water": 0.2, "dist_ground": 0.2, "disturbance": 2, "abundance": 2, "memo": ""}}, {"type": "Feature", "geometry": {"type": "Point", "coordinates": [127.916024, 36.90764]}, "properties": {"id": "ES-20", "type": "배설물", "ws": "달천하류", "date": "2026-03-28", "width": 138, "depth": "1", "quality": "3", "dist_water": 0.2, "dist_ground": 0.2, "disturbance": 2, "abundance": 2, "memo": ""}}, {"type": "Feature", "geometry": {"type": "Point", "coordinates": [127.923396, 36.905622]}, "properties": {"id": "ES-21", "type": "배설물", "ws": "달천하류", "date": "2026-03-28", "width": 137, "depth": "2", "quality": "3", "dist_water": 0.2, "dist_ground": 0.2, "disturbance": 2, "abundance": 2, "memo": ""}}, {"type": "Feature", "geometry": {"type": "Point", "coordinates": [127.923698, 36.905471]}, "properties": {"id": "ES-22", "type": "배설물", "ws": "달천하류", "date": "2026-03-28", "width": 137, "depth": "2", "quality": "3", "dist_water": 0.2, "dist_ground": 0.2, "disturbance": 2, "abundance": 2, "memo": ""}}, {"type": "Feature", "geometry": {"type": "Point", "coordinates": [127.923805, 36.905607]}, "properties": {"id": "ES-23", "type": "배설물", "ws": "달천하류", "date": "2026-03-28", "width": 137, "depth": "2", "quality": "3", "dist_water": 0.2, "dist_ground": 0.2, "disturbance": 2, "abundance": 2, "memo": ""}}, {"type": "Feature", "geometry": {"type": "Point", "coordinates": [127.923635, 36.90528]}, "properties": {"id": "ES-24", "type": "배설물", "ws": "달천하류", "date": "2026-03-28", "width": 150, "depth": "2", "quality": "3", "dist_water": 0.1, "dist_ground": 0.1, "disturbance": 2, "abundance": 2, "memo": ""}}, {"type": "Feature", "geometry": {"type": "Point", "coordinates": [127.923837, 36.905236]}, "properties": {"id": "ES-25", "type": "배설물", "ws": "달천하류", "date": "2026-03-28", "width": 150, "depth": "2", "quality": "3", "dist_water": 0.1, "dist_ground": 0.1, "disturbance": 2, "abundance": 2, "memo": ""}}, {"type": "Feature", "geometry": {"type": "Point", "coordinates": [127.925208, 36.903216]}, "properties": {"id": "ES-26", "type": "배설물", "ws": "달천하류", "date": "2026-03-28", "width": 147, "depth": "2", "quality": "4", "dist_water": 0.3, "dist_ground": 0.3, "disturbance": 5, "abundance": 2, "memo": ""}}, {"type": "Feature", "geometry": {"type": "Point", "coordinates": [127.924406, 36.899081]}, "properties": {"id": "ES-27", "type": "배설물", "ws": "달천하류", "date": "2026-03-28", "width": 145, "depth": "2", "quality": "4", "dist_water": 0.2, "dist_ground": 0.2, "disturbance": 5, "abundance": 2, "memo": ""}}, {"type": "Feature", "geometry": {"type": "Point", "coordinates": [128.00887, 37.072161]}, "properties": {"id": "DS-07", "type": "배설물", "ws": "충주댐", "date": "2026-05-01", "width": 10, "depth": "1", "quality": "3", "dist_water": 0.1, "dist_ground": 0.1, "disturbance": 2, "abundance": 1, "memo": ""}}, {"type": "Feature", "geometry": {"type": "Point", "coordinates": [128.008879, 37.072154]}, "properties": {"id": "DS-08", "type": "배설물", "ws": "충주댐", "date": "2026-05-01", "width": 10, "depth": "1", "quality": "3", "dist_water": 0.1, "dist_ground": 0.1, "disturbance": 2, "abundance": 1, "memo": ""}}, {"type": "Feature", "geometry": {"type": "Point", "coordinates": [128.018607, 37.070943]}, "properties": {"id": "DS-09", "type": "배설물", "ws": "충주댐", "date": "2026-05-01", "width": 23, "depth": "1", "quality": "3", "dist_water": 0.1, "dist_ground": 0.1, "disturbance": 4, "abundance": 3, "memo": "캠핑장"}}, {"type": "Feature", "geometry": {"type": "Point", "coordinates": [128.018619, 37.070969]}, "properties": {"id": "DS-10", "type": "배설물", "ws": "충주댐", "date": "2026-05-01", "width": 23, "depth": "1", "quality": "3", "dist_water": 0.1, "dist_ground": 0.1, "disturbance": 4, "abundance": 3, "memo": "캠핑장"}}, {"type": "Feature", "geometry": {"type": "Point", "coordinates": [128.018628, 37.070961]}, "properties": {"id": "DS-11", "type": "배설물", "ws": "충주댐", "date": "2026-05-01", "width": 23, "depth": "1", "quality": "3", "dist_water": 0.1, "dist_ground": 0.1, "disturbance": 4, "abundance": 3, "memo": "캠핑장"}}, {"type": "Feature", "geometry": {"type": "Point", "coordinates": [128.018668, 37.070926]}, "properties": {"id": "DS-12", "type": "배설물", "ws": "충주댐", "date": "2026-05-01", "width": 23, "depth": "1", "quality": "3", "dist_water": 0.1, "dist_ground": 0.1, "disturbance": 4, "abundance": 3, "memo": "캠핑장"}}, {"type": "Feature", "geometry": {"type": "Point", "coordinates": [128.02022, 37.070548]}, "properties": {"id": "DS-13", "type": "배설물", "ws": "충주댐", "date": "2026-05-01", "width": 23, "depth": "1", "quality": "3", "dist_water": 0.3, "dist_ground": 0.3, "disturbance": 5, "abundance": 2, "memo": "캠핑장"}}, {"type": "Feature", "geometry": {"type": "Point", "coordinates": [128.050783, 37.097088]}, "properties": {"id": "DS-17", "type": "배설물", "ws": "충주댐", "date": "2026-05-01", "width": 14, "depth": "1", "quality": "3", "dist_water": 0.3, "dist_ground": 0.4, "disturbance": 4, "abundance": 1, "memo": ""}}, {"type": "Feature", "geometry": {"type": "Point", "coordinates": [128.050779, 37.097084]}, "properties": {"id": "DS-18", "type": "배설물", "ws": "충주댐", "date": "2026-05-01", "width": 14, "depth": "1", "quality": "3", "dist_water": 0.3, "dist_ground": 0.4, "disturbance": 4, "abundance": 1, "memo": ""}}, {"type": "Feature", "geometry": {"type": "Point", "coordinates": [128.050782, 37.097092]}, "properties": {"id": "DS-19", "type": "배설물", "ws": "충주댐", "date": "2026-05-01", "width": 14, "depth": "1", "quality": "3", "dist_water": 0.3, "dist_ground": 0.4, "disturbance": 4, "abundance": 1, "memo": ""}}, {"type": "Feature", "geometry": {"type": "Point", "coordinates": [128.058286, 37.084753]}, "properties": {"id": "DS-22", "type": "배설물", "ws": "충주댐", "date": "2026-05-01", "width": 76, "depth": "4", "quality": "3", "dist_water": 0.1, "dist_ground": 0.1, "disturbance": 2, "abundance": 3, "memo": ""}}, {"type": "Feature", "geometry": {"type": "Point", "coordinates": [128.014179, 37.07222]}, "properties": {"id": "DS-24", "type": "배설물", "ws": "충주댐", "date": "2026-05-01", "width": 7, "depth": "1", "quality": "3", "dist_water": 0.4, "dist_ground": 0.3, "disturbance": 2, "abundance": 3, "memo": ""}}, {"type": "Feature", "geometry": {"type": "Point", "coordinates": [128.014187, 37.072218]}, "properties": {"id": "DS-25", "type": "배설물", "ws": "충주댐", "date": "2026-05-01", "width": 7, "depth": "1", "quality": "3", "dist_water": 0.4, "dist_ground": 0.3, "disturbance": 2, "abundance": 3, "memo": ""}}, {"type": "Feature", "geometry": {"type": "Point", "coordinates": [128.014161, 37.072226]}, "properties": {"id": "DS-26", "type": "배설물", "ws": "충주댐", "date": "2026-05-01", "width": 7, "depth": "1", "quality": "3", "dist_water": 0.4, "dist_ground": 0.3, "disturbance": 2, "abundance": 3, "memo": ""}}, {"type": "Feature", "geometry": {"type": "Point", "coordinates": [128.014157, 37.072228]}, "properties": {"id": "DS-27", "type": "배설물", "ws": "충주댐", "date": "2026-05-01", "width": 7, "depth": "1", "quality": "3", "dist_water": 0.4, "dist_ground": 0.3, "disturbance": 2, "abundance": 3, "memo": ""}}, {"type": "Feature", "geometry": {"type": "Point", "coordinates": [128.014389, 37.072047]}, "properties": {"id": "DS-28", "type": "배설물", "ws": "충주댐", "date": "2026-05-01", "width": 12, "depth": "1", "quality": "3", "dist_water": 0.3, "dist_ground": 0.3, "disturbance": 3, "abundance": 3, "memo": ""}}, {"type": "Feature", "geometry": {"type": "Point", "coordinates": [128.014214, 37.072355]}, "properties": {"id": "DS-29", "type": "배설물", "ws": "충주댐", "date": "2026-05-01", "width": 12, "depth": "1", "quality": "3", "dist_water": 0.3, "dist_ground": 0.3, "disturbance": 3, "abundance": 3, "memo": ""}}, {"type": "Feature", "geometry": {"type": "Point", "coordinates": [128.013994, 37.073702]}, "properties": {"id": "DS-30", "type": "배설물", "ws": "충주댐", "date": "2026-05-01", "width": 16, "depth": "1", "quality": "3", "dist_water": 0.5, "dist_ground": 0.4, "disturbance": 3, "abundance": 2, "memo": ""}}, {"type": "Feature", "geometry": {"type": "Point", "coordinates": [128.013891, 37.073696]}, "properties": {"id": "DS-31", "type": "배설물", "ws": "충주댐", "date": "2026-05-01", "width": 16, "depth": "1", "quality": "3", "dist_water": 0.5, "dist_ground": 0.4, "disturbance": 3, "abundance": 2, "memo": ""}}, {"type": "Feature", "geometry": {"type": "Point", "coordinates": [128.013477, 37.076672]}, "properties": {"id": "DS-32", "type": "배설물", "ws": "충주댐", "date": "2026-05-01", "width": 15, "depth": "1", "quality": "3", "dist_water": 0.3, "dist_ground": 0.3, "disturbance": 3, "abundance": 2, "memo": ""}}, {"type": "Feature", "geometry": {"type": "Point", "coordinates": [128.028732, 36.916447]}, "properties": {"id": "ES-01", "type": "발자국", "ws": "충주댐", "date": "2026-03-29", "width": 150, "depth": "1", "quality": "4", "dist_water": 0.1, "dist_ground": 0.0, "disturbance": 4, "abundance": 2, "memo": "낚시터"}}, {"type": "Feature", "geometry": {"type": "Point", "coordinates": [128.015105, 36.910522]}, "properties": {"id": "ES-10", "type": "배설물", "ws": "충주댐", "date": "2026-03-29", "width": 380, "depth": "5", "quality": "4", "dist_water": 10.0, "dist_ground": 0.5, "disturbance": 4, "abundance": 2, "memo": "낚시터"}}, {"type": "Feature", "geometry": {"type": "Point", "coordinates": [128.015058, 36.910544]}, "properties": {"id": "ES-11", "type": "배설물", "ws": "충주댐", "date": "2026-03-29", "width": 380, "depth": "5", "quality": "4", "dist_water": 10.0, "dist_ground": 0.5, "disturbance": 4, "abundance": 2, "memo": "낚시터"}}, {"type": "Feature", "geometry": {"type": "Point", "coordinates": [128.015027, 36.910528]}, "properties": {"id": "ES-12", "type": "배설물", "ws": "충주댐", "date": "2026-03-29", "width": 38, "depth": "5", "quality": "4", "dist_water": 10.0, "dist_ground": 0.5, "disturbance": 4, "abundance": 2, "memo": "낚시터"}}, {"type": "Feature", "geometry": {"type": "Point", "coordinates": [128.015539, 36.911397]}, "properties": {"id": "ES-13", "type": "배설물", "ws": "충주댐", "date": "2026-03-29", "width": 417, "depth": "5", "quality": "4", "dist_water": 0.5, "dist_ground": 0.3, "disturbance": 4, "abundance": 2, "memo": "낚시터"}}, {"type": "Feature", "geometry": {"type": "Point", "coordinates": [128.015818, 36.911562]}, "properties": {"id": "ES-14", "type": "발자국", "ws": "충주댐", "date": "2026-03-29", "width": 442, "depth": "5", "quality": "4", "dist_water": 0.1, "dist_ground": 0.0, "disturbance": 4, "abundance": 2, "memo": "낚시터"}}, {"type": "Feature", "geometry": {"type": "Point", "coordinates": [128.011881, 36.909163]}, "properties": {"id": "ES-15", "type": "발자국", "ws": "충주댐", "date": "2026-03-29", "width": 343, "depth": "5", "quality": "4", "dist_water": 0.1, "dist_ground": 0.0, "disturbance": 4, "abundance": 2, "memo": "낚시터"}}, {"type": "Feature", "geometry": {"type": "Point", "coordinates": [128.012738, 36.908989]}, "properties": {"id": "ES-16", "type": "배설물", "ws": "충주댐", "date": "2026-03-29", "width": 290, "depth": "5", "quality": "4", "dist_water": 30.0, "dist_ground": 0.5, "disturbance": 4, "abundance": 2, "memo": "낚시터"}}, {"type": "Feature", "geometry": {"type": "Point", "coordinates": [128.012918, 36.909037]}, "properties": {"id": "ES-17", "type": "배설물", "ws": "충주댐", "date": "2026-03-29", "width": 290, "depth": "5", "quality": "4", "dist_water": 30.0, "dist_ground": 0.5, "disturbance": 4, "abundance": 2, "memo": "낚시터"}}, {"type": "Feature", "geometry": {"type": "Point", "coordinates": [128.012942, 36.909052]}, "properties": {"id": "ES-18", "type": "배설물", "ws": "충주댐", "date": "2026-03-29", "width": 290, "depth": "5", "quality": "4", "dist_water": 30.0, "dist_ground": 0.5, "disturbance": 4, "abundance": 2, "memo": "낚시터"}}, {"type": "Feature", "geometry": {"type": "Point", "coordinates": [128.012932, 36.909049]}, "properties": {"id": "ES-19", "type": "배설물", "ws": "충주댐", "date": "2026-03-29", "width": 290, "depth": "5", "quality": "4", "dist_water": 30.0, "dist_ground": 0.5, "disturbance": 4, "abundance": 2, "memo": "낚시터"}}, {"type": "Feature", "geometry": {"type": "Point", "coordinates": [128.012929, 36.909043]}, "properties": {"id": "ES-20", "type": "배설물", "ws": "충주댐", "date": "2026-03-29", "width": 290, "depth": "5", "quality": "4", "dist_water": 30.0, "dist_ground": 0.5, "disturbance": 4, "abundance": 2, "memo": "낚시터"}}, {"type": "Feature", "geometry": {"type": "Point", "coordinates": [128.012935, 36.909046]}, "properties": {"id": "ES-21", "type": "배설물", "ws": "충주댐", "date": "2026-03-29", "width": 290, "depth": "5", "quality": "4", "dist_water": 30.0, "dist_ground": 0.5, "disturbance": 4, "abundance": 2, "memo": "낚시터"}}, {"type": "Feature", "geometry": {"type": "Point", "coordinates": [128.012957, 36.909207]}, "properties": {"id": "ES-22", "type": "배설물", "ws": "충주댐", "date": "2026-03-29", "width": 260, "depth": "5", "quality": "4", "dist_water": 20.0, "dist_ground": 0.5, "disturbance": 4, "abundance": 2, "memo": "낚시터"}}, {"type": "Feature", "geometry": {"type": "Point", "coordinates": [128.012947, 36.9092]}, "properties": {"id": "ES-23", "type": "배설물", "ws": "충주댐", "date": "2026-03-29", "width": 260, "depth": "5", "quality": "4", "dist_water": 20.0, "dist_ground": 0.5, "disturbance": 4, "abundance": 2, "memo": "낚시터"}}, {"type": "Feature", "geometry": {"type": "Point", "coordinates": [128.012958, 36.909202]}, "properties": {"id": "ES-24", "type": "배설물", "ws": "충주댐", "date": "2026-03-29", "width": 260, "depth": "5", "quality": "4", "dist_water": 20.0, "dist_ground": 0.5, "disturbance": 4, "abundance": 2, "memo": "낚시터"}}, {"type": "Feature", "geometry": {"type": "Point", "coordinates": [128.012999, 36.909184]}, "properties": {"id": "ES-25", "type": "배설물", "ws": "충주댐", "date": "2026-03-29", "width": 260, "depth": "5", "quality": "4", "dist_water": 20.0, "dist_ground": 0.5, "disturbance": 4, "abundance": 2, "memo": "낚시터"}}, {"type": "Feature", "geometry": {"type": "Point", "coordinates": [128.012995, 36.909158]}, "properties": {"id": "ES-26", "type": "배설물", "ws": "충주댐", "date": "2026-03-29", "width": 260, "depth": "5", "quality": "4", "dist_water": 20.0, "dist_ground": 0.5, "disturbance": 4, "abundance": 2, "memo": "낚시터"}}, {"type": "Feature", "geometry": {"type": "Point", "coordinates": [128.016607, 36.914495]}, "properties": {"id": "ES-27", "type": "발자국", "ws": "충주댐", "date": "2026-03-29", "width": 112, "depth": "5", "quality": "4", "dist_water": 0.1, "dist_ground": 0.0, "disturbance": 4, "abundance": 2, "memo": "낚시터"}}, {"type": "Feature", "geometry": {"type": "Point", "coordinates": [128.018261, 36.914387]}, "properties": {"id": "ES-28", "type": "배설물", "ws": "충주댐", "date": "2026-03-29", "width": 145, "depth": "5", "quality": "4", "dist_water": 25.0, "dist_ground": 0.4, "disturbance": 4, "abundance": 2, "memo": "낚시터"}}, {"type": "Feature", "geometry": {"type": "Point", "coordinates": [128.018335, 36.914437]}, "properties": {"id": "ES-29", "type": "배설물", "ws": "충주댐", "date": "2026-03-29", "width": 145, "depth": "5", "quality": "4", "dist_water": 25.0, "dist_ground": 0.4, "disturbance": 4, "abundance": 2, "memo": "낚시터"}}, {"type": "Feature", "geometry": {"type": "Point", "coordinates": [128.018408, 36.914062]}, "properties": {"id": "ES-30", "type": "발자국", "ws": "충주댐", "date": "2026-03-29", "width": 145, "depth": "5", "quality": "4", "dist_water": 25.0, "dist_ground": 0.4, "disturbance": 4, "abundance": 2, "memo": "낚시터"}}, {"type": "Feature", "geometry": {"type": "Point", "coordinates": [128.018196, 36.914122]}, "properties": {"id": "ES-31", "type": "발자국", "ws": "충주댐", "date": "2026-03-29", "width": 145, "depth": "5", "quality": "4", "dist_water": 25.0, "dist_ground": 0.4, "disturbance": 4, "abundance": 2, "memo": "낚시터"}}, {"type": "Feature", "geometry": {"type": "Point", "coordinates": [128.017945, 36.914172]}, "properties": {"id": "ES-32", "type": "배설물", "ws": "충주댐", "date": "2026-03-29", "width": 145, "depth": "5", "quality": "4", "dist_water": 25.0, "dist_ground": 0.4, "disturbance": 4, "abundance": 2, "memo": "낚시터"}}, {"type": "Feature", "geometry": {"type": "Point", "coordinates": [127.991135, 36.971102]}, "properties": {"id": "ES-33", "type": "발자국", "ws": "충주댐", "date": "2026-03-29", "width": 135, "depth": "5", "quality": "4", "dist_water": 0.1, "dist_ground": 0.0, "disturbance": 4, "abundance": 2, "memo": "낚시터"}}, {"type": "Feature", "geometry": {"type": "Point", "coordinates": [127.991774, 36.970432]}, "properties": {"id": "ES-34", "type": "배설물", "ws": "충주댐", "date": "2026-03-29", "width": 175, "depth": "5", "quality": "4", "dist_water": 25.0, "dist_ground": 0.2, "disturbance": 4, "abundance": 2, "memo": "낚시터"}}, {"type": "Feature", "geometry": {"type": "Point", "coordinates": [127.99165, 36.970049]}, "properties": {"id": "ES-35", "type": "배설물", "ws": "충주댐", "date": "2026-03-29", "width": 185, "depth": "5", "quality": "4", "dist_water": 0.5, "dist_ground": 0.5, "disturbance": 4, "abundance": 2, "memo": "낚시터"}}, {"type": "Feature", "geometry": {"type": "Point", "coordinates": [127.999581, 36.96963]}, "properties": {"id": "ES-36", "type": "배설물", "ws": "충주댐", "date": "2026-03-29", "width": 317, "depth": "5", "quality": "4", "dist_water": 0.3, "dist_ground": 0.0, "disturbance": 4, "abundance": 2, "memo": "인공구조물, 낚시터"}}, {"type": "Feature", "geometry": {"type": "Point", "coordinates": [128.008006, 36.966483]}, "properties": {"id": "ES-37", "type": "배설물", "ws": "충주댐", "date": "2026-03-29", "width": 300, "depth": "5", "quality": "4", "dist_water": 0.1, "dist_ground": 0.0, "disturbance": 4, "abundance": 2, "memo": "선착장"}}, {"type": "Feature", "geometry": {"type": "Point", "coordinates": [128.016147, 36.966846]}, "properties": {"id": "ES-38", "type": "배설물", "ws": "충주댐", "date": "2026-03-29", "width": 718, "depth": "5", "quality": "4", "dist_water": 15.0, "dist_ground": 0.5, "disturbance": 4, "abundance": 2, "memo": "수상레저"}}, {"type": "Feature", "geometry": {"type": "Point", "coordinates": [128.016687, 36.966619]}, "properties": {"id": "ES-39", "type": "배설물", "ws": "충주댐", "date": "2026-03-29", "width": 718, "depth": "5", "quality": "4", "dist_water": 15.0, "dist_ground": 0.5, "disturbance": 4, "abundance": 2, "memo": "수상레저"}}, {"type": "Feature", "geometry": {"type": "Point", "coordinates": [128.020793, 36.916539]}, "properties": {"id": "ES-03", "type": "배설물", "ws": "충주댐", "date": "2026-03-29", "width": 280, "depth": "5", "quality": "4", "dist_water": 2.0, "dist_ground": 2.0, "disturbance": 4, "abundance": 2, "memo": "낚시터"}}, {"type": "Feature", "geometry": {"type": "Point", "coordinates": [128.019172, 36.91207]}, "properties": {"id": "ES-02", "type": "배설물", "ws": "충주댐", "date": "2026-03-29", "width": 303, "depth": "5", "quality": "4", "dist_water": 3.0, "dist_ground": 2.0, "disturbance": 4, "abundance": 2, "memo": "낚시터"}}, {"type": "Feature", "geometry": {"type": "Point", "coordinates": [128.021207, 36.911808]}, "properties": {"id": "ES-04", "type": "발자국", "ws": "충주댐", "date": "2026-03-29", "width": 211, "depth": "5", "quality": "4", "dist_water": 0.1, "dist_ground": 0.0, "disturbance": 4, "abundance": 2, "memo": "낚시터"}}, {"type": "Feature", "geometry": {"type": "Point", "coordinates": [128.020452, 36.911574]}, "properties": {"id": "ES-06", "type": "배설물", "ws": "충주댐", "date": "2026-03-29", "width": 203, "depth": "5", "quality": "4", "dist_water": 6.0, "dist_ground": 0.5, "disturbance": 4, "abundance": 2, "memo": "낚시터"}}, {"type": "Feature", "geometry": {"type": "Point", "coordinates": [128.020613, 36.911534]}, "properties": {"id": "ES-05", "type": "배설물", "ws": "충주댐", "date": "2026-03-29", "width": 203, "depth": "5", "quality": "4", "dist_water": 6.0, "dist_ground": 0.5, "disturbance": 4, "abundance": 2, "memo": "낚시터"}}, {"type": "Feature", "geometry": {"type": "Point", "coordinates": [128.019649, 36.91072]}, "properties": {"id": "ES-07", "type": "발자국", "ws": "충주댐", "date": "2026-03-29", "width": 86, "depth": "5", "quality": "4", "dist_water": 0.1, "dist_ground": 0.0, "disturbance": 4, "abundance": 2, "memo": "낚시터"}}, {"type": "Feature", "geometry": {"type": "Point", "coordinates": [128.020558, 36.911592]}, "properties": {"id": "ES-08", "type": "배설물", "ws": "충주댐", "date": "2026-03-29", "width": 223, "depth": "5", "quality": "4", "dist_water": 6.0, "dist_ground": 0.5, "disturbance": 4, "abundance": 2, "memo": "낚시터"}}, {"type": "Feature", "geometry": {"type": "Point", "coordinates": [128.020594, 36.911602]}, "properties": {"id": "ES-09", "type": "배설물", "ws": "충주댐", "date": "2026-03-29", "width": 223, "depth": "5", "quality": "4", "dist_water": 6.0, "dist_ground": 0.5, "disturbance": 4, "abundance": 2, "memo": "낚시터"}}, {"type": "Feature", "geometry": {"type": "Point", "coordinates": [128.007357, 36.930543]}, "properties": {"id": "ES-41", "type": "배설물", "ws": "충주댐", "date": "2026-03-29", "width": 70, "depth": "5", "quality": "4", "dist_water": 10.0, "dist_ground": 0.5, "disturbance": 2, "abundance": 1, "memo": ""}}, {"type": "Feature", "geometry": {"type": "Point", "coordinates": [128.007266, 36.930543]}, "properties": {"id": "ES-40", "type": "배설물", "ws": "충주댐", "date": "2026-03-29", "width": 70, "depth": "5", "quality": "4", "dist_water": 10.0, "dist_ground": 0.5, "disturbance": 2, "abundance": 1, "memo": ""}}, {"type": "Feature", "geometry": {"type": "Point", "coordinates": [128.003873, 36.933542]}, "properties": {"id": "ES-42", "type": "배설물", "ws": "충주댐", "date": "2026-03-29", "width": 190, "depth": "5", "quality": "4", "dist_water": 10.0, "dist_ground": 0.5, "disturbance": 4, "abundance": 2, "memo": ""}}, {"type": "Feature", "geometry": {"type": "Point", "coordinates": [128.004495, 36.933474]}, "properties": {"id": "ES-43", "type": "배설물", "ws": "충주댐", "date": "2026-03-29", "width": 190, "depth": "5", "quality": "4", "dist_water": 10.0, "dist_ground": 0.5, "disturbance": 4, "abundance": 2, "memo": ""}}, {"type": "Feature", "geometry": {"type": "Point", "coordinates": [128.00409, 36.933477]}, "properties": {"id": "ES-45", "type": "배설물", "ws": "충주댐", "date": "2026-03-29", "width": 190, "depth": "5", "quality": "4", "dist_water": 10.0, "dist_ground": 0.5, "disturbance": 4, "abundance": 2, "memo": ""}}, {"type": "Feature", "geometry": {"type": "Point", "coordinates": [128.004297, 36.933438]}, "properties": {"id": "ES-44", "type": "배설물", "ws": "충주댐", "date": "2026-03-29", "width": 190, "depth": "5", "quality": "4", "dist_water": 10.0, "dist_ground": 0.5, "disturbance": 4, "abundance": 2, "memo": ""}}, {"type": "Feature", "geometry": {"type": "Point", "coordinates": [128.006099, 36.938943]}, "properties": {"id": "ES-46", "type": "배설물", "ws": "충주댐", "date": "2026-03-29", "width": 140, "depth": "5", "quality": "4", "dist_water": 5.0, "dist_ground": 0.5, "disturbance": 2, "abundance": 1, "memo": ""}}, {"type": "Feature", "geometry": {"type": "Point", "coordinates": [128.005747, 36.939555]}, "properties": {"id": "ES-47", "type": "배설물", "ws": "충주댐", "date": "2026-03-29", "width": 140, "depth": "5", "quality": "4", "dist_water": 5.0, "dist_ground": 0.5, "disturbance": 2, "abundance": 1, "memo": ""}}, {"type": "Feature", "geometry": {"type": "Point", "coordinates": [127.936815, 36.888242]}, "properties": {"id": "ES-111", "type": "배설물", "ws": "석문동천", "date": "2026-03-28", "width": 63, "depth": "1", "quality": "3", "dist_water": 0.4, "dist_ground": 0.4, "disturbance": 2, "abundance": 2, "memo": ""}}, {"type": "Feature", "geometry": {"type": "Point", "coordinates": [127.936761, 36.888238]}, "properties": {"id": "ES-112", "type": "배설물", "ws": "석문동천", "date": "2026-03-28", "width": 63, "depth": "1", "quality": "3", "dist_water": 0.4, "dist_ground": 0.4, "disturbance": 2, "abundance": 2, "memo": ""}}, {"type": "Feature", "geometry": {"type": "Point", "coordinates": [127.944703, 36.888118]}, "properties": {"id": "ES-120", "type": "배설물", "ws": "석문동천", "date": "2026-03-28", "width": 55, "depth": "1", "quality": "3", "dist_water": 0.4, "dist_ground": 0.4, "disturbance": 2, "abundance": 3, "memo": ""}}, {"type": "Feature", "geometry": {"type": "Point", "coordinates": [127.945648, 36.888088]}, "properties": {"id": "ES-124", "type": "배설물", "ws": "석문동천", "date": "2026-03-28", "width": 57, "depth": "1", "quality": "3", "dist_water": 0.2, "dist_ground": 0.2, "disturbance": 2, "abundance": 2, "memo": ""}}, {"type": "Feature", "geometry": {"type": "Point", "coordinates": [127.945853, 36.888058]}, "properties": {"id": "ES-125", "type": "배설물", "ws": "석문동천", "date": "2026-03-28", "width": 57, "depth": "1", "quality": "3", "dist_water": 0.2, "dist_ground": 0.2, "disturbance": 2, "abundance": 2, "memo": ""}}, {"type": "Feature", "geometry": {"type": "Point", "coordinates": [127.946095, 36.888034]}, "properties": {"id": "ES-126", "type": "배설물", "ws": "석문동천", "date": "2026-03-28", "width": 57, "depth": "1", "quality": "3", "dist_water": 0.2, "dist_ground": 0.2, "disturbance": 2, "abundance": 2, "memo": ""}}, {"type": "Feature", "geometry": {"type": "Point", "coordinates": [127.94607, 36.887831]}, "properties": {"id": "ES-127", "type": "배설물", "ws": "석문동천", "date": "2026-03-28", "width": 60, "depth": "1", "quality": "3", "dist_water": 1.0, "dist_ground": 0.3, "disturbance": 2, "abundance": 2, "memo": ""}}, {"type": "Feature", "geometry": {"type": "Point", "coordinates": [127.919851, 36.963708]}, "properties": {"id": "", "type": "목견", "ws": "", "date": "", "width": null, "depth": "", "quality": "", "dist_water": null, "dist_ground": null, "disturbance": null, "abundance": null, "memo": ""}}, {"type": "Feature", "geometry": {"type": "Point", "coordinates": [127.920071, 36.963645]}, "properties": {"id": "", "type": "목견", "ws": "", "date": "", "width": null, "depth": "", "quality": "", "dist_water": null, "dist_ground": null, "disturbance": null, "abundance": null, "memo": ""}}, {"type": "Feature", "geometry": {"type": "Point", "coordinates": [127.920008, 36.963482]}, "properties": {"id": "", "type": "목견", "ws": "", "date": "", "width": null, "depth": "", "quality": "", "dist_water": null, "dist_ground": null, "disturbance": null, "abundance": null, "memo": ""}}, {"type": "Feature", "geometry": {"type": "Point", "coordinates": [127.919647, 36.963218]}, "properties": {"id": "", "type": "목견", "ws": "", "date": "", "width": null, "depth": "", "quality": "", "dist_water": null, "dist_ground": null, "disturbance": null, "abundance": null, "memo": ""}}, {"type": "Feature", "geometry": {"type": "Point", "coordinates": [127.919867, 36.96318]}, "properties": {"id": "", "type": "목견", "ws": "", "date": "", "width": null, "depth": "", "quality": "", "dist_water": null, "dist_ground": null, "disturbance": null, "abundance": null, "memo": ""}}]}